season,week,game_id,picked_side,picked_favorite,edge,odds,correct,confidence,profit_if_win,profit
2018,1,2018_01_WAS_ARI,away,False,0.015087594839259696,-104.0,1,0.5127646065471206,0.9615384615384616,0.9615384615384616
2018,1,2018_01_BUF_BAL,away,False,0.019335441712269995,-106.0,0,0.521658430004409,0.9433962264150944,-1.0
2018,1,2018_01_DAL_CAR,home,True,7.902326775105495e-05,-121.0,1,0.5349137948947771,0.8264462809917356,0.8264462809917356
2018,1,2018_01_PIT_CLE,away,True,0.03854806924005065,105.0,0,0.5145286774374943,1.05,-1.0
2018,1,2018_01_SEA_DEN,away,False,0.04169439635894607,109.0,1,0.5089841159851143,1.09,1.09
2018,1,2018_01_NYJ_DET,away,False,0.011401686777610958,103.0,1,0.4918471090756667,1.03,1.03
2018,1,2018_01_CHI_GB,away,False,0.01320501492775432,-110.0,1,0.5248329219044985,0.9090909090909091,0.9090909090909091
2018,1,2018_01_CIN_IND,away,True,0.018180399067368434,102.0,1,0.5008890062377442,1.02,1.02
2018,1,2018_01_KC_LAC,away,False,0.0018547541693693075,-104.0,1,0.4995317658772303,0.9615384615384616,0.9615384615384616
2018,1,2018_01_TEN_MIA,away,True,0.010160137633602129,-107.0,0,0.5148067618611009,0.9345794392523364,-1.0
2018,1,2018_01_SF_MIN,home,True,0.00048571219585724076,-108.0,1,0.507457268247168,0.9259259259259259,0.9259259259259259
2018,1,2018_01_HOU_NE,away,False,0.03844713939128473,-105.0,0,0.5384471393912847,0.9523809523809523,-1.0
2018,1,2018_01_TB_NO,away,False,0.03952533490637755,-108.0,1,0.5464968909576883,0.9259259259259259,0.9259259259259259
2018,1,2018_01_JAX_NYG,away,True,0.0033880077754025848,-117.0,1,0.5296095701525914,0.8547008547008547,0.8547008547008547
2018,1,2018_01_ATL_PHI,away,False,0.004783013138073549,-111.0,0,0.5187310908142385,0.9009009009009009,-1.0
2018,2,2018_02_CAR_ATL,home,True,0.017991566585335288,-108.0,1,0.524963122636646,0.9259259259259259,0.9259259259259259
2018,2,2018_02_LAC_BUF,home,False,0.017674248883864083,-115.0,0,0.5394714019087751,0.8695652173913043,-1.0
2018,2,2018_02_SEA_CHI,home,True,0.0015741974500967425,-108.0,1,0.5085457535014075,0.9259259259259259,0.9259259259259259
2018,2,2018_02_BAL_CIN,home,True,0.010576692870734393,-109.0,1,0.5198751260847377,0.9174311926605505,0.9174311926605505
2018,2,2018_02_NYG_DAL,away,False,0.008828263507449956,-108.0,0,0.5157998195587606,0.9259259259259259,-1.0
2018,2,2018_02_MIN_GB,away,True,0.026181235332220738,100.0,0,0.5145533283554766,1.0,-1.0
2018,2,2018_02_NE_JAX,away,True,0.005415531162343362,-110.0,0,0.5170434381390876,0.9090909090909091,-1.0
2018,2,2018_02_ARI_LA,home,True,0.023265634506741628,-100.0,1,0.5116377275299975,1.0,1.0
2018,2,2018_02_CLE_NO,away,False,0.010693755357768585,-108.0,1,0.5176653114090793,0.9259259259259259,0.9259259259259259
2018,2,2018_02_MIA_NYJ,away,False,0.021764217778857568,103.0,1,0.5022096400769134,1.03,1.03
2018,2,2018_02_KC_PIT,away,False,0.0029240976135823603,-108.0,1,0.5098956536648931,0.9259259259259259,0.9259259259259259
2018,2,2018_02_DET_SF,home,True,0.0020371461003569845,101.0,0,0.488089068424192,1.01,-1.0
2018,2,2018_02_PHI_TB,away,True,0.01859784029050575,106.0,0,0.492376277913317,1.06,-1.0
2018,2,2018_02_HOU_TEN,away,True,0.028168094701837863,103.0,0,0.5086135169998937,1.03,-1.0
2018,2,2018_02_IND_WAS,home,True,0.017328062600655197,-102.0,0,0.5103565065493446,0.9803921568627451,-1.0
2018,3,2018_03_CHI_ARI,away,True,0.0037210883666358436,-100.0,0,0.4910190098446959,1.0,-1.0
2018,3,2018_03_NO_ATL,home,True,0.01136892578393288,-110.0,0,0.521756737418282,0.9090909090909091,-1.0
2018,3,2018_03_DEN_BAL,home,True,0.003225056545374702,-104.0,1,0.5009020682532357,0.9615384615384616,0.9615384615384616
2018,3,2018_03_CIN_CAR,away,False,0.03776050939166056,106.0,0,0.5105634936893964,1.06,-1.0
2018,3,2018_03_NYJ_CLE,away,False,0.004690946774127944,103.0,0,0.4841200916063278,1.03,-1.0
2018,3,2018_03_NE_DET,away,True,0.030894894473527664,107.0,0,0.5005789252164824,1.07,-1.0
2018,3,2018_03_NYG_HOU,away,False,0.0010433762115958588,-109.0,1,0.509119802277684,0.9174311926605505,0.9174311926605505
2018,3,2018_03_TEN_JAX,away,False,0.0030605508296374594,-111.0,1,0.5157626293515774,0.9009009009009009,0.9009009009009009
2018,3,2018_03_SF_KC,home,True,0.002486488344497056,-108.0,1,0.5082537671116836,0.9259259259259259,0.9259259259259259
2018,3,2018_03_LAC_LA,home,True,0.008117342540643748,111.0,1,0.46847539880662836,1.11,1.11
2018,3,2018_03_BUF_MIN,away,False,0.04517621540616696,-108.0,1,0.5509434941733535,0.9259259259259259,0.9259259259259259
2018,3,2018_03_IND_PHI,away,False,0.015770771626112193,-103.0,1,0.5100034928589258,0.970873786407767,0.970873786407767
2018,3,2018_03_DAL_SEA,home,True,0.0024395870726866774,-108.0,1,0.5082068658398732,0.9259259259259259,0.9259259259259259
2018,3,2018_03_PIT_TB,away,False,0.015733313862484687,101.0,1,0.5007259932182679,1.01,1.01
2018,3,2018_03_GB_WAS,home,False,0.03757041753925521,-101.0,1,0.5271826059049062,0.9900990099009901,0.9900990099009901
2018,4,2018_04_SEA_ARI,home,False,0.005807262707452737,100.0,1,0.4931051841855128,1.0,1.0
2018,4,2018_04_CIN_ATL,home,True,0.005497619411332099,102.0,0,0.48717584035308054,1.02,-1.0
2018,4,2018_04_TB_CHI,away,False,0.010668634687876771,-127.0,0,0.5543963989539217,0.7874015748031497,-1.0
2018,4,2018_04_DET_DAL,away,False,0.010973537783646414,102.0,1,0.4936821449540222,1.02,1.02
2018,4,2018_04_KC_DEN,away,True,0.055854601655218175,102.0,1,0.5385632088255939,1.02,1.02
2018,4,2018_04_BUF_GB,away,False,0.01761112986127027,-103.0,0,0.5118438510940838,0.970873786407767,-1.0
2018,4,2018_04_HOU_IND,home,False,0.006577744631715135,-103.0,0,0.5019311204042165,0.970873786407767,-1.0
2018,4,2018_04_NYJ_JAX,away,False,0.006873357754924775,-121.0,0,0.5393266030794572,0.8264462809917356,-1.0
2018,4,2018_04_MIN_LA,home,True,0.012157143729170558,104.0,0,0.4893575679073254,1.04,-1.0
2018,4,2018_04_SF_LAC,away,False,0.01698643191740241,-118.0,1,0.5441834476196667,0.847457627118644,0.847457627118644
2018,4,2018_04_MIA_NE,home,True,0.00343401221379479,-108.0,1,0.5092012909809813,0.9259259259259259,0.9259259259259259
2018,4,2018_04_NO_NYG,away,True,0.038067407873841955,109.0,1,0.5034957277195378,1.09,1.09
2018,4,2018_04_BAL_PIT,away,False,0.0034663186743919406,103.0,1,0.4828954635065918,1.03,1.03
2018,4,2018_04_PHI_TEN,away,True,0.011726561463752646,103.0,0,0.4911557062959525,1.03,-1.0
2018,5,2018_05_TEN_BUF,home,False,0.02764090028519278,101.0,1,0.512633579640976,1.01,1.01
2018,5,2018_05_NYG_CAR,away,False,0.008245885492813104,-125.0,1,0.5478878292268284,0.8,0.8
2018,5,2018_05_MIA_CIN,home,True,0.0028146763277857893,-103.0,1,0.49816805210028714,0.970873786407767,0.970873786407767
2018,5,2018_05_BAL_CLE,away,True,0.018730752048377305,-119.0,0,0.546890359063502,0.8403361344537815,-1.0
2018,5,2018_05_GB_DET,home,True,0.020486570912152224,-117.0,1,0.5454947792956479,0.8547008547008547,0.8547008547008547
2018,5,2018_05_DAL_HOU,home,True,0.027450576122790293,102.0,0,0.5091287970645387,1.02,-1.0
2018,5,2018_05_JAX_KC,away,False,0.01260026007656207,-115.0,0,0.5331711152443623,0.8695652173913043,-1.0
2018,5,2018_05_IND_NE,home,True,0.013110072176877778,-101.0,1,0.5027222605425288,0.9900990099009901,0.9900990099009901
2018,5,2018_05_WAS_NO,away,False,0.012396799573120279,-103.0,0,0.5066295208059338,0.970873786407767,-1.0
2018,5,2018_05_DEN_NYJ,home,False,0.005923795277759252,-110.0,1,0.5163116069121083,0.9090909090909091,0.9090909090909091
2018,5,2018_05_MIN_PHI,home,True,0.018032397766113786,-104.0,0,0.5157094094739748,0.9615384615384616,-1.0
2018,5,2018_05_ATL_PIT,home,True,0.007227071809360954,-103.0,1,0.5014597930421745,0.970873786407767,0.970873786407767
2018,5,2018_05_LA_SEA,away,True,0.022957370984366902,102.0,0,0.5056659781547427,1.02,-1.0
2018,5,2018_05_ARI_SF,away,False,0.04044903787931225,-103.0,1,0.5346817591121258,0.970873786407767,0.970873786407767
2018,6,2018_06_TB_ATL,away,False,0.0012562254544687761,-103.0,0,0.4966096012269701,0.970873786407767,-1.0
2018,6,2018_06_PIT_CIN,away,False,0.018278903749385962,-103.0,1,0.5125116249821995,0.970873786407767,0.970873786407767
2018,6,2018_06_LAC_CLE,away,False,0.017633423367459582,-112.0,1,0.5326407440116762,0.8928571428571429,0.8928571428571429
2018,6,2018_06_JAX_DAL,away,True,0.014785987078857043,-119.0,0,0.5429455940939818,0.8403361344537815,-1.0
2018,6,2018_06_LA_DEN,away,True,0.005656548559447863,-103.0,0,0.4998892697922614,0.970873786407767,-1.0
2018,6,2018_06_SF_GB,away,False,0.026121413246174667,-108.0,1,0.5318886920133612,0.9259259259259259,0.9259259259259259
2018,6,2018_06_BUF_HOU,home,True,0.028186306100484886,106.0,0,0.5000266990853601,1.06,-1.0
2018,6,2018_06_CHI_MIA,away,True,0.013734974734197327,110.0,0,0.47706346008636846,1.1,-1.0
2018,6,2018_06_ARI_MIN,away,False,0.012911786483574278,-126.0,1,0.5546054918696872,0.7936507936507936,0.7936507936507936
2018,6,2018_06_KC_NE,away,False,0.009723623706530123,-103.0,1,0.5050769994790314,0.970873786407767,0.970873786407767
2018,6,2018_06_PHI_NYG,home,False,0.02294600198855208,-100.0,0,0.5102439234666122,1.0,-1.0
2018,6,2018_06_IND_NYJ,away,False,0.004244939221022864,106.0,0,0.4760853322058981,1.06,-1.0
2018,6,2018_06_BAL_TEN,away,True,0.0010806638808292357,-108.0,1,0.5068479426480158,0.9259259259259259,0.9259259259259259
2018,6,2018_06_CAR_WAS,home,False,0.01224756616697952,-102.0,1,0.5041711401008913,0.9803921568627451,0.9803921568627451
2018,7,2018_07_DEN_ARI,home,False,0.011939333884302999,-110.0,0,0.5223271455186521,0.9090909090909091,-1.0
2018,7,2018_07_NYG_ATL,home,True,0.008201278306122727,-101.0,0,0.49781346667177373,0.9900990099009901,-1.0
2018,7,2018_07_NO_BAL,away,False,0.04854944998419259,102.0,1,0.530227670925941,1.02,1.02
2018,7,2018_07_NE_CHI,away,True,0.012292795780212539,-120.0,1,0.5426087650372579,0.8333333333333334,0.8333333333333334
2018,7,2018_07_BUF_IND,home,True,0.001498078668582628,101.0,1,0.4864907580243659,1.01,1.01
2018,7,2018_07_HOU_JAX,away,False,0.001411181526840488,-101.0,1,0.4910233698924915,0.9900990099009901,0.9900990099009901
2018,7,2018_07_CIN_KC,home,True,0.003222955679761158,-106.0,1,0.5055459439719002,0.9433962264150944,0.9433962264150944
2018,7,2018_07_TEN_LAC,away,False,0.057259497696866446,-103.0,1,0.55149221892968,0.970873786407767,0.970873786407767
2018,7,2018_07_DET_MIA,away,True,0.031094506978757812,-124.0,1,0.568666761314018,0.8064516129032258,0.8064516129032258
2018,7,2018_07_MIN_NYJ,away,True,0.0004919060276184883,106.0,1,0.47233229901249374,1.06,1.06
2018,7,2018_07_CAR_PHI,away,False,0.023481857689729532,-102.0,1,0.5154054316236413,0.9803921568627451,0.9803921568627451
2018,7,2018_07_LA_SF,home,False,0.016221076233140164,-101.0,0,0.5058332645987912,0.9900990099009901,-1.0
2018,7,2018_07_CLE_TB,away,False,0.002167254771416549,-105.0,1,0.5021672547714165,0.9523809523809523,0.9523809523809523
2018,7,2018_07_DAL_WAS,home,False,0.025518228263625962,101.0,1,0.5105109076194092,1.01,1.01
2018,8,2018_08_SF_ARI,home,False,0.026103643328040535,104.0,1,0.5033040675061954,1.04,1.04
2018,8,2018_08_NE_BUF,home,False,0.011178447222111362,-103.0,0,0.5065318229946126,0.970873786407767,-1.0
2018,8,2018_08_BAL_CAR,away,True,0.014737861539771545,-114.0,0,0.533059640598023,0.8771929824561403,-1.0
2018,8,2018_08_NYJ_CHI,away,False,0.010764361339303068,-119.0,0,0.5389239683544278,0.8403361344537815,-1.0
2018,8,2018_08_TB_CIN,home,True,0.010211701498111118,-108.0,0,0.5159789802652976,0.9259259259259259,-1.0
2018,8,2018_08_SEA_DET,home,True,0.0030207751473103114,-110.0,0,0.5134085867816595,0.9090909090909091,-1.0
2018,8,2018_08_MIA_HOU,home,True,0.010515498636181874,101.0,1,0.49550817799196517,1.01,1.01
2018,8,2018_08_PHI_JAX,away,True,0.0007197648260911043,-103.0,1,0.49495248605890463,0.970873786407767,0.970873786407767
2018,8,2018_08_DEN_KC,away,False,0.030689993355416275,-102.0,1,0.5226135672893281,0.9803921568627451,0.9803921568627451
2018,8,2018_08_GB_LA,home,True,0.0015829514114680586,-105.0,0,0.501582951411468,0.9523809523809523,-1.0
2018,8,2018_08_NO_MIN,away,True,0.00538501940301106,-108.0,1,0.5111522981701976,0.9259259259259259,0.9259259259259259
2018,8,2018_08_WAS_NYG,home,False,0.006232845526924973,-110.0,0,0.516620657161274,0.9090909090909091,-1.0
2018,8,2018_08_CLE_PIT,away,False,0.03297344942165572,-108.0,0,0.5387407281888422,0.9259259259259259,-1.0
2018,9,2018_09_PIT_BAL,away,False,0.027265551443100874,102.0,1,0.5089437723848493,1.02,1.02
2018,9,2018_09_CHI_BUF,away,True,0.028202483835020064,111.0,1,0.4885605401010047,1.11,1.11
2018,9,2018_09_TB_CAR,away,False,0.014281232231560925,100.0,0,0.501579153709621,1.0,-1.0
2018,9,2018_09_KC_CLE,home,False,0.030165897417006468,-101.0,0,0.5197780857826575,0.9900990099009901,-1.0
2018,9,2018_09_TEN_DAL,away,False,0.0268267546849474,101.0,1,0.5118194340407307,1.01,1.01
2018,9,2018_09_HOU_DEN,away,False,0.020893803245332427,103.0,1,0.5003229480775323,1.03,1.03
2018,9,2018_09_NYJ_MIA,away,False,0.025713424639169324,-108.0,0,0.5314807034063559,0.9259259259259259,-1.0
2018,9,2018_09_DET_MIN,home,True,0.005602235010549733,-110.0,1,0.5159900466448988,0.9090909090909091,0.9090909090909091
2018,9,2018_09_GB_NE,away,False,0.012421428971431689,-103.0,0,0.5066541502042452,0.970873786407767,-1.0
2018,9,2018_09_LA_NO,home,False,0.00783161158355753,-108.0,1,0.513598890350744,0.9259259259259259,0.9259259259259259
2018,9,2018_09_LAC_SEA,home,True,0.00929918114196123,102.0,0,0.49097740208370966,1.02,-1.0
2018,9,2018_09_ATL_WAS,away,False,0.02314310660536681,102.0,1,0.5048213275471153,1.02,1.02
2018,10,2018_10_DET_CHI,home,True,0.009813751030173725,102.0,1,0.4914919719719222,1.02,1.02
2018,10,2018_10_NO_CIN,away,True,0.010341730379108259,-108.0,1,0.5161090091462948,0.9259259259259259,0.9259259259259259
2018,10,2018_10_ATL_CLE,away,True,0.004040255426063113,-103.0,0,0.49827297665887665,0.970873786407767,-1.0
2018,10,2018_10_MIA_GB,home,True,0.014841579736137157,102.0,1,0.4965198006778856,1.02,1.02
2018,10,2018_10_JAX_IND,away,False,0.015574612178178003,-105.0,1,0.515574612178178,0.9523809523809523,0.9523809523809523
2018,10,2018_10_ARI_KC,away,False,0.018923594394695435,-106.0,1,0.5212465826868345,0.9433962264150944,0.9433962264150944
2018,10,2018_10_SEA_LA,away,False,0.015892632758848935,-114.0,1,0.5342144118171004,0.8771929824561403,0.8771929824561403
2018,10,2018_10_BUF_NYJ,away,False,0.0006121522686519886,-108.0,1,0.5063794310358385,0.9259259259259259,0.9259259259259259
2018,10,2018_10_DAL_PHI,home,True,0.024122060217026422,-103.0,0,0.5183547814498399,0.970873786407767,-1.0
2018,10,2018_10_CAR_PIT,away,False,0.024170749933229912,-106.0,0,0.5264937382253689,0.9433962264150944,-1.0
2018,10,2018_10_NYG_SF,away,False,0.03290647820920209,110.0,1,0.4962349635613732,1.1,1.1
2018,10,2018_10_WAS_TB,away,False,0.0006714760439298528,-108.0,1,0.5064387548111163,0.9259259259259259,0.9259259259259259
2018,10,2018_10_NE_TEN,home,False,0.009298204603080855,-112.0,1,0.5243055252472975,0.8928571428571429,0.8928571428571429
2018,11,2018_11_DAL_ATL,home,True,0.037916615292145406,-103.0,0,0.532149336524959,0.970873786407767,-1.0
2018,11,2018_11_CIN_BAL,away,False,0.009408342387303231,-110.0,1,0.5197961540216524,0.9090909090909091,0.9090909090909091
2018,11,2018_11_MIN_CHI,away,False,0.000595588103434519,-101.0,0,0.49020777646908553,0.9900990099009901,-1.0
2018,11,2018_11_CAR_DET,home,False,0.04006137325300795,-115.0,1,0.5606322284208082,0.8695652173913043,0.8695652173913043
2018,11,2018_11_TEN_IND,away,False,0.013450905142991429,-103.0,0,0.507683626375805,0.970873786407767,-1.0
2018,11,2018_11_PIT_JAX,home,False,0.013724245236224649,-102.0,0,0.5056478191701365,0.9803921568627451,-1.0
2018,11,2018_11_KC_LA,away,False,0.006514830417032585,106.0,1,0.47835522340190784,1.06,1.06
2018,11,2018_11_DEN_LAC,away,False,0.011482655112162492,-116.0,1,0.5342822309340077,0.8620689655172413,0.8620689655172413
2018,11,2018_11_PHI_NO,away,False,0.004431532486764266,-105.0,0,0.5044315324867643,0.9523809523809523,-1.0
2018,11,2018_11_TB_NYG,away,False,0.01960509636215836,102.0,1,0.5012833173039069,1.02,1.02
2018,11,2018_11_GB_SEA,home,True,0.008489340961680142,-109.0,0,0.5165657670277684,0.9174311926605505,-1.0
2018,11,2018_11_HOU_WAS,away,True,0.006139508337377191,-114.0,0,0.5244612873956287,0.8771929824561403,-1.0
2018,12,2018_12_JAX_BUF,away,True,0.0025506721179704675,-104.0,0,0.5002276838258315,0.9615384615384616,-1.0
2018,12,2018_12_SEA_CAR,away,False,0.03128803385706031,101.0,1,0.5162807132128436,1.01,1.01
2018,12,2018_12_CLE_CIN,away,True,0.006263686858314337,-105.0,1,0.5062636868583144,0.9523809523809523,0.9523809523809523
2018,12,2018_12_WAS_DAL,home,True,0.009669358154629638,-103.0,1,0.5039020793874431,0.970873786407767,0.970873786407767
2018,12,2018_12_PIT_DEN,away,True,0.0004883511851711985,-110.0,0,0.5108761628195203,0.9090909090909091,-1.0
2018,12,2018_12_CHI_DET,home,False,0.04234263017108937,102.0,0,0.5240208511128378,1.02,-1.0
2018,12,2018_12_TEN_HOU,home,True,0.011850821497065591,102.0,1,0.493529042438814,1.02,1.02
2018,12,2018_12_MIA_IND,away,False,0.027522857460304917,-103.0,1,0.5217555786931185,0.970873786407767,0.970873786407767
2018,12,2018_12_ARI_LAC,home,True,0.011927374055022089,-108.0,1,0.5176946528222086,0.9259259259259259,0.9259259259259259
2018,12,2018_12_GB_MIN,home,True,0.020595545442142517,-103.0,1,0.5148282666749561,0.970873786407767,0.970873786407767
2018,12,2018_12_ATL_NO,away,False,0.044734864198931655,-101.0,0,0.5343470525645827,0.9900990099009901,-1.0
2018,12,2018_12_NE_NYJ,away,True,0.010447932348313795,108.0,1,0.47799468702378134,1.08,1.08
2018,12,2018_12_NYG_PHI,home,True,0.015912166559450817,-108.0,0,0.5216794453266373,0.9259259259259259,-1.0
2018,12,2018_12_SF_TB,away,False,0.04796979449951717,-101.0,0,0.5375819828651682,0.9900990099009901,-1.0
2018,13,2018_13_BAL_ATL,home,True,0.017058654844043758,-114.0,0,0.5353804339022953,0.8771929824561403,-1.0
2018,13,2018_13_DEN_CIN,home,False,0.004842520944739331,-113.0,0,0.5221339137743637,0.8849557522123894,-1.0
2018,13,2018_13_NO_DAL,away,True,0.013683621152720654,-108.0,0,0.5194508999199072,0.9259259259259259,-1.0
2018,13,2018_13_LA_DET,away,True,0.005523890288621233,102.0,1,0.48720211123036966,1.02,1.02
2018,13,2018_13_ARI_GB,home,True,0.001238001474396025,-103.0,0,0.49659137724689734,0.970873786407767,-1.0
2018,13,2018_13_CLE_HOU,away,False,0.007680312518574045,101.0,0,0.4926729918743573,1.01,-1.0
2018,13,2018_13_IND_JAX,away,True,0.0007795470944304328,-108.0,0,0.5065468258616169,0.9259259259259259,-1.0
2018,13,2018_13_BUF_MIA,away,False,0.003051156297991575,-108.0,0,0.5088184350651781,0.9259259259259259,-1.0
2018,13,2018_13_MIN_NE,away,False,0.018110504521294705,-114.0,0,0.5364322835795462,0.8771929824561403,-1.0
2018,13,2018_13_CHI_NYG,home,False,0.020901621785573032,-109.0,1,0.5289780478516612,0.9174311926605505,0.9174311926605505
2018,13,2018_13_WAS_PHI,away,False,0.003639782900030275,-105.0,0,0.5036397829000303,0.9523809523809523,-1.0
2018,13,2018_13_LAC_PIT,away,False,0.010236686829217183,-112.0,1,0.5252440074734338,0.8928571428571429,0.8928571428571429
2018,13,2018_13_SF_SEA,home,True,0.011997470227695725,102.0,1,0.49367569116944415,1.02,1.02
2018,13,2018_13_CAR_TB,away,True,0.01410160099595199,-101.0,0,0.503713789361603,0.9900990099009901,-1.0
2018,13,2018_13_NYJ_TEN,home,True,0.03136410548407897,113.0,0,0.48763634121803406,1.13,-1.0
2018,14,2018_14_DET_ARI,home,False,0.013475395462966527,-101.0,0,0.5030875838286175,0.9900990099009901,-1.0
2018,14,2018_14_NYJ_BUF,away,False,0.03449368502186172,-105.0,1,0.5344936850218617,0.9523809523809523,0.9523809523809523
2018,14,2018_14_LA_CHI,away,True,0.021617383710929906,107.0,0,0.4913014144538847,1.07,-1.0
2018,14,2018_14_CAR_CLE,home,False,0.030245755018374645,-103.0,1,0.5244784762511882,0.970873786407767,0.970873786407767
2018,14,2018_14_PHI_DAL,home,True,0.006962155046251971,-101.0,1,0.496574343411903,0.9900990099009901,0.9900990099009901
2018,14,2018_14_ATL_GB,home,True,0.008879896326844279,104.0,1,0.4860803205049991,1.04,1.04
2018,14,2018_14_IND_HOU,home,True,0.02104724623563921,-103.0,0,0.5152799674684527,0.970873786407767,-1.0
2018,14,2018_14_BAL_KC,home,True,0.021060564410421315,-105.0,0,0.5210605644104214,0.9523809523809523,-1.0
2018,14,2018_14_CIN_LAC,away,False,0.003170610244103139,-109.0,1,0.5112470363101913,0.9174311926605505,0.9174311926605505
2018,14,2018_14_NE_MIA,home,False,0.0004319971161512392,-108.0,1,0.5061992758833378,0.9259259259259259,0.9259259259259259
2018,14,2018_14_MIN_SEA,away,False,0.016329718778889182,105.0,0,0.4913215103953935,1.05,-1.0
2018,14,2018_14_DEN_SF,away,True,0.023186834082824997,-112.0,0,0.5381941547270416,0.8928571428571429,-1.0
2018,14,2018_14_NO_TB,away,True,0.018276002993732367,-103.0,1,0.5125087242265459,0.970873786407767,0.970873786407767
2018,14,2018_14_JAX_TEN,home,True,0.008502930817887644,-107.0,1,0.5131495550453864,0.9345794392523364,0.9345794392523364
2018,14,2018_14_NYG_WAS,away,True,0.002937716422706854,-119.0,1,0.5310973234378317,0.8403361344537815,0.8403361344537815
2018,15,2018_15_ARI_ATL,home,True,0.015520341006149003,114.0,1,0.4689318168704028,1.14,1.14
2018,15,2018_15_TB_BAL,home,True,0.003539928470236231,-107.0,0,0.5081865526977349,0.9345794392523364,-1.0
2018,15,2018_15_DET_BUF,away,False,0.013558287992447154,106.0,1,0.4853986809773224,1.06,1.06
2018,15,2018_15_NO_CAR,away,True,0.01806155376096338,-104.0,0,0.5157385654688244,0.9615384615384616,-1.0
2018,15,2018_15_GB_CHI,away,False,0.007887847013931035,102.0,0,0.4895660679556795,1.02,-1.0
2018,15,2018_15_CLE_DEN,away,False,0.022335115312872383,106.0,1,0.4941755082977476,1.06,1.06
2018,15,2018_15_DAL_IND,away,False,0.03651412512160596,106.0,0,0.5083545181064812,1.06,-1.0
2018,15,2018_15_WAS_JAX,home,True,0.009165153408630557,102.0,0,0.490843374350379,1.02,-1.0
2018,15,2018_15_LAC_KC,away,False,0.02111068229785111,-100.0,1,0.5084086037759111,1.0,1.0
2018,15,2018_15_PHI_LA,home,True,0.019678395100000273,-107.0,0,0.524325019327499,0.9345794392523364,-1.0
2018,15,2018_15_MIA_MIN,home,True,0.020783894528685367,-103.0,1,0.5161372703011867,0.970873786407767,0.970873786407767
2018,15,2018_15_TEN_NYG,away,True,0.018516828929196014,-101.0,1,0.508129017294847,0.9900990099009901,0.9900990099009901
2018,15,2018_15_HOU_NYJ,away,True,0.035636647782359525,106.0,1,0.5074770407672348,1.06,1.06
2018,15,2018_15_NE_PIT,away,True,0.022788597404218545,-105.0,0,0.5227885974042186,0.9523809523809523,-1.0
2018,15,2018_15_SEA_SF,home,False,0.012200969786373205,101.0,1,0.49719364914215647,1.01,1.01
2018,16,2018_16_LA_ARI,home,False,0.042809736394051744,-130.0,0,0.5913867727041596,0.7692307692307693,-1.0
2018,16,2018_16_ATL_CAR,away,True,0.017450628179021297,-119.0,1,0.5456102351941461,0.8403361344537815,0.8403361344537815
2018,16,2018_16_CIN_CLE,home,True,0.010917156165621705,102.0,0,0.4936257633359975,1.02,-1.0
2018,16,2018_16_TB_DAL,home,True,0.019031202649292533,-101.0,0,0.5086433910149435,0.9900990099009901,-1.0
2018,16,2018_16_MIN_DET,away,True,0.029571558350364176,102.0,1,0.5112497792921126,1.02,1.02
2018,16,2018_16_NYG_IND,away,False,0.010044579279975745,-115.0,1,0.5306154344477759,0.8695652173913043,0.8695652173913043
2018,16,2018_16_BAL_LAC,home,True,0.012197400217968501,-101.0,0,0.5018095885836196,0.9900990099009901,-1.0
2018,16,2018_16_JAX_MIA,away,False,0.000590794395407912,-105.0,1,0.5005907943954079,0.9523809523809523,0.9523809523809523
2018,16,2018_16_BUF_NE,home,True,0.003751257406632702,102.0,0,0.4854294783483811,1.02,-1.0
2018,16,2018_16_PIT_NO,home,True,0.0004593099216609664,-108.0,0,0.5062265886888475,0.9259259259259259,-1.0
2018,16,2018_16_GB_NYJ,away,True,0.005330423138151769,106.0,1,0.47717081612302703,1.06,1.06
2018,16,2018_16_HOU_PHI,away,False,0.050691140516865976,102.0,0,0.5323693614586145,1.02,-1.0
2018,16,2018_16_KC_SEA,home,False,0.006319991620604131,-101.0,1,0.49593217998625516,0.9900990099009901,0.9900990099009901
2018,16,2018_16_CHI_SF,away,True,0.021872629168095705,-103.0,1,0.5161053504009092,0.970873786407767,0.970873786407767
2018,16,2018_16_WAS_TEN,home,True,0.01118238285370502,-101.0,0,0.500794571219356,0.9900990099009901,-1.0
2018,17,2018_17_CLE_BAL,away,False,0.01698392640340221,-103.0,1,0.5112166476362158,0.970873786407767,0.970873786407767
2018,17,2018_17_MIA_BUF,home,True,0.00499220300507025,-109.0,1,0.5130686290711584,0.9174311926605505,0.9174311926605505
2018,17,2018_17_LAC_DEN,away,True,0.029583453544823765,106.0,1,0.501423846529699,1.06,1.06
2018,17,2018_17_DET_GB,home,True,0.013351850819022836,-108.0,0,0.5191191295862093,0.9259259259259259,-1.0
2018,17,2018_17_JAX_HOU,home,True,0.01591376689750766,-103.0,1,0.511267142670009,0.970873786407767,0.970873786407767
2018,17,2018_17_SF_LA,away,False,0.006323820369320576,-101.0,0,0.49593600873497157,0.9900990099009901,-1.0
2018,17,2018_17_CHI_MIN,home,True,0.02529426241014067,106.0,0,0.4971346553950159,1.06,-1.0
2018,17,2018_17_NYJ_NE,away,False,0.014745967232034517,-101.0,0,0.5043581555976855,0.9900990099009901,-1.0
2018,17,2018_17_CAR_NO,home,True,0.028650375467369423,103.0,0,0.5080795202995693,1.03,-1.0
2018,17,2018_17_DAL_NYG,home,True,0.01491266247289622,-114.0,0,0.5332344415311477,0.8771929824561403,-1.0
2018,17,2018_17_CIN_PIT,away,False,0.02079488027614801,-114.0,1,0.5391166593343995,0.8771929824561403,0.8771929824561403
2018,17,2018_17_ARI_SEA,away,False,0.003067119421063291,101.0,1,0.4880597987768466,1.01,1.01
2018,17,2018_17_ATL_TB,home,False,0.00931532876354333,-103.0,1,0.5035480499963568,0.970873786407767,0.970873786407767
2018,17,2018_17_IND_TEN,away,True,0.004729391515434209,102.0,1,0.48640761245718267,1.02,1.02
2018,17,2018_17_PHI_WAS,away,True,0.0028772583685548856,-101.0,1,0.4924894467342059,0.9900990099009901,0.9900990099009901
2019,1,2019_01_DET_ARI,home,False,0.03314923725569863,108.0,1,0.5006959919311662,1.08,1.08
2019,1,2019_01_LA_CAR,away,True,0.0014599799956100611,-106.0,1,0.5037829682877492,0.9433962264150944,0.9433962264150944
2019,1,2019_01_GB_CHI,away,False,0.03263735390881077,-113.0,1,0.5511617328504685,0.8849557522123894,0.8849557522123894
2019,1,2019_01_TEN_CLE,away,False,0.022526740733332506,-113.0,1,0.5410511196749903,0.8849557522123894,0.8849557522123894
2019,1,2019_01_NYG_DAL,home,True,0.0007423699359127372,100.0,1,0.4880402914139728,1.0,1.0
2019,1,2019_01_KC_JAX,away,True,0.005829622696506498,-101.0,1,0.4954418110621575,0.9900990099009901,0.9900990099009901
2019,1,2019_01_IND_LAC,home,True,0.01618989560895603,-103.0,0,0.5115432713814574,0.970873786407767,-1.0
2019,1,2019_01_BAL_MIA,away,True,0.015887023615625065,102.0,1,0.4996402182121932,1.02,1.02
2019,1,2019_01_ATL_MIN,home,True,0.027082744290943313,104.0,1,0.5052855912660323,1.04,1.04
2019,1,2019_01_PIT_NE,away,False,0.011716205593899708,-111.0,0,0.5256642832700648,0.9009009009009009,-1.0
2019,1,2019_01_HOU_NO,away,False,0.026708579846051253,103.0,1,0.5081842009043935,1.03,1.03
2019,1,2019_01_BUF_NYJ,home,True,0.026060570747887507,-110.0,0,0.5364483823822366,0.9090909090909091,-1.0
2019,1,2019_01_WAS_PHI,away,False,0.043927097264413885,-114.0,1,0.563481674966358,0.8771929824561403,0.8771929824561403
2019,1,2019_01_CIN_SEA,away,False,0.019766211675214876,-115.0,1,0.5415633647001259,0.8695652173913043,0.8695652173913043
2019,1,2019_01_SF_TB,away,False,0.024383977542999723,-106.0,1,0.5267069658351388,0.9433962264150944,0.9433962264150944
2019,2,2019_02_PHI_ATL,away,True,0.03061216960826064,102.0,0,0.5143653642048288,1.02,-1.0
2019,2,2019_02_ARI_BAL,away,False,0.022496590791265703,-110.0,1,0.53412449776801,0.9090909090909091,0.9090909090909091
2019,2,2019_02_TB_CAR,home,True,0.012271581341922556,-100.0,0,0.5006436743651784,1.0,-1.0
2019,2,2019_02_SF_CIN,away,False,0.012524108251304166,-111.0,1,0.5252261867732441,0.9009009009009009,0.9009009009009009
2019,2,2019_02_CHI_DEN,away,True,0.014440918343676922,103.0,0,0.4948863406417327,1.03,-1.0
2019,2,2019_02_LAC_DET,away,True,0.021924124590078847,102.0,0,0.5046327317604546,1.02,-1.0
2019,2,2019_02_MIN_GB,away,False,0.02133155949490076,-102.0,0,0.5143600034435901,0.9803921568627451,-1.0
2019,2,2019_02_JAX_HOU,away,False,0.0034840169633417236,-122.0,1,0.540424486697604,0.819672131147541,0.819672131147541
2019,2,2019_02_NO_LA,away,False,0.012285292864593378,-114.0,0,0.5318398705665375,0.8771929824561403,-1.0
2019,2,2019_02_NE_MIA,away,True,0.00013697653498488948,-101.0,1,0.49083854332098154,0.9900990099009901,0.9900990099009901
2019,2,2019_02_BUF_NYG,home,False,0.0015953249382144846,-103.0,0,0.495828046171028,0.970873786407767,-1.0
2019,2,2019_02_CLE_NYJ,home,False,0.0020828744038932034,-105.0,0,0.5020828744038932,0.9523809523809523,-1.0
2019,2,2019_02_SEA_PIT,away,False,0.015635456640504326,-109.0,1,0.5249338898545077,0.9174311926605505,0.9174311926605505
2019,2,2019_02_IND_TEN,away,False,0.004287672021502356,108.0,1,0.47277148803513097,1.08,1.08
2019,2,2019_02_DAL_WAS,home,False,0.0009591609013546414,104.0,0,0.47916200787644364,1.04,-1.0
2019,3,2019_03_CAR_ARI,home,True,0.03128998778903633,103.0,0,0.5117354100870921,1.03,-1.0
2019,3,2019_03_CIN_BUF,away,False,0.014712630097856885,-104.0,1,0.5123896418057179,0.9615384615384616,0.9615384615384616
2019,3,2019_03_LA_CLE,away,True,0.019113886417920292,-111.0,1,0.5330619640940853,0.9009009009009009,0.9009009009009009
2019,3,2019_03_MIA_DAL,away,False,0.04535370201418326,102.0,0,0.5291068966107514,1.02,-1.0
2019,3,2019_03_DEN_GB,away,False,0.0013508566591224902,-108.0,0,0.5083224127104332,0.9259259259259259,-1.0
2019,3,2019_03_ATL_IND,home,True,0.0008906971803992247,-111.0,1,0.5135927757023392,0.9009009009009009,0.9009009009009009
2019,3,2019_03_TEN_JAX,away,True,0.005210371539102431,-109.0,0,0.5145088047531058,0.9174311926605505,-1.0
2019,3,2019_03_BAL_KC,away,False,0.017149714463446333,-108.0,0,0.5241212705147571,0.9259259259259259,-1.0
2019,3,2019_03_HOU_LAC,away,False,0.00019335526444358707,104.0,1,0.4783962022395326,1.04,1.04
2019,3,2019_03_NYJ_NE,away,False,0.043069998942580984,-109.0,1,0.5523684321565844,0.9174311926605505,0.9174311926605505
2019,3,2019_03_DET_PHI,away,False,0.005943345834072574,-104.0,1,0.5036203575419336,0.9615384615384616,0.9615384615384616
2019,3,2019_03_NO_SEA,away,False,0.013399439083682784,-106.0,1,0.5145525756150481,0.9433962264150944,0.9433962264150944
2019,3,2019_03_PIT_SF,away,False,0.015578321818081288,-104.0,1,0.5121185930608159,0.9615384615384616,0.9615384615384616
2019,3,2019_03_NYG_TB,away,False,0.011038955751170705,-103.0,1,0.506392331523672,0.970873786407767,0.970873786407767
2019,3,2019_03_CHI_WAS,home,False,0.0006189690324306718,-107.0,0,0.5052655932599294,0.9345794392523364,-1.0
2019,4,2019_04_SEA_ARI,home,False,0.037473837099846585,-103.0,0,0.5328272128723479,0.970873786407767,-1.0
2019,4,2019_04_TEN_ATL,away,False,0.020515961518235912,-113.0,1,0.5378073543478602,0.8849557522123894,0.8849557522123894
2019,4,2019_04_CLE_BAL,away,False,0.006108512813138988,-117.0,1,0.5323300751903277,0.8547008547008547,0.8547008547008547
2019,4,2019_04_NE_BUF,away,True,0.004598017634663326,-102.0,0,0.4976264615833527,0.9803921568627451,-1.0
2019,4,2019_04_MIN_CHI,away,True,0.005825510115701931,-101.0,0,0.49652707690169856,0.9900990099009901,-1.0
2019,4,2019_04_JAX_DEN,away,False,0.015763255304906177,-102.0,1,0.5076868292388179,0.9803921568627451,0.9803921568627451
2019,4,2019_04_KC_DET,home,False,0.0019408163858884884,-116.0,1,0.5259602081884447,0.8620689655172413,0.8620689655172413
2019,4,2019_04_PHI_GB,away,False,0.004106491728383071,-110.0,1,0.5157343987051273,0.9090909090909091,0.9090909090909091
2019,4,2019_04_CAR_HOU,home,True,0.0019243979778104324,-110.0,0,0.5135523049545546,0.9090909090909091,-1.0
2019,4,2019_04_TB_LA,away,False,0.012768697188095354,-104.0,1,0.5104457088959563,0.9615384615384616,0.9615384615384616
2019,4,2019_04_LAC_MIA,away,True,0.01077508180812068,-103.0,1,0.506128457580622,0.970873786407767,0.970873786407767
2019,4,2019_04_DAL_NO,home,False,0.004389495167371848,-105.0,1,0.5043894951673719,0.9523809523809523,0.9523809523809523
2019,4,2019_04_WAS_NYG,away,False,0.007184150148491091,-101.0,0,0.49788571693448774,0.9900990099009901,-1.0
2019,4,2019_04_CIN_PIT,away,False,0.010770853870805968,-112.0,0,0.5257781745150226,0.8928571428571429,-1.0
2019,5,2019_05_JAX_CAR,away,False,0.03200752367729884,119.0,0,0.47804818868338117,1.19,-1.0
2019,5,2019_05_ARI_CIN,away,False,0.020962891789844437,-106.0,1,0.5232858800819835,0.9433962264150944,0.9433962264150944
2019,5,2019_05_GB_DAL,away,False,0.0003007755376647658,-113.0,1,0.517592168367289,0.8849557522123894,0.8849557522123894
2019,5,2019_05_ATL_HOU,away,False,0.002300990107361922,-101.0,0,0.49300255689335853,0.9900990099009901,-1.0
2019,5,2019_05_IND_KC,home,True,0.027661972478487225,101.0,0,0.5137138948023222,1.01,-1.0
2019,5,2019_05_DEN_LAC,away,False,0.016012408945995222,102.0,1,0.498721016116371,1.02,1.02
2019,5,2019_05_TB_NO,home,True,0.008039054901914424,107.0,1,0.4796351263768419,1.07,1.07
2019,5,2019_05_MIN_NYG,home,False,0.019382133458388733,105.0,0,0.49536274165583244,1.05,-1.0
2019,5,2019_05_NYJ_PHI,away,False,0.03335842449403554,-109.0,0,0.542656857708039,0.9174311926605505,-1.0
2019,5,2019_05_BAL_PIT,away,True,0.04515334980592203,102.0,0,0.5278619569762978,1.02,-1.0
2019,5,2019_05_LA_SEA,away,False,0.020344545129679672,-104.0,1,0.5180215568375407,0.9615384615384616,0.9615384615384616
2019,5,2019_05_CLE_SF,away,False,0.013625757035670365,101.0,0,0.49967767935950536,1.01,-1.0
2019,5,2019_05_BUF_TEN,away,False,0.00951343756052711,-110.0,1,0.5199012491948762,0.9090909090909091,0.9090909090909091
2019,5,2019_05_NE_WAS,home,False,0.01142743615689521,101.0,0,0.4964201155126785,1.01,-1.0
2019,6,2019_06_ATL_ARI,home,False,0.02342274902709359,-102.0,1,0.516451192975783,0.9803921568627451,0.9803921568627451
2019,6,2019_06_CIN_BAL,home,True,0.0035061600445744547,-104.0,0,0.5011831717524354,0.9615384615384616,-1.0
2019,6,2019_06_SEA_CLE,away,False,0.0129462979086934,-104.0,1,0.5106233096165544,0.9615384615384616,0.9615384615384616
2019,6,2019_06_TEN_DEN,away,False,0.015748086539242624,103.0,0,0.4972237075975849,1.03,-1.0
2019,6,2019_06_DET_GB,away,False,0.03816547557136724,-102.0,1,0.5311939195200567,0.9803921568627451,0.9803921568627451
2019,6,2019_06_NO_JAX,away,False,0.016497848560930135,100.0,1,0.504869941584186,1.0,1.0
2019,6,2019_06_HOU_KC,away,False,0.008922925750743486,-108.0,1,0.51469020451793,0.9259259259259259,0.9259259259259259
2019,6,2019_06_SF_LA,away,False,0.017154048039048308,-110.0,1,0.5287819550157925,0.9090909090909091,0.9090909090909091
2019,6,2019_06_PIT_LAC,home,True,0.026032169478572533,104.0,0,0.5042350164536615,1.04,-1.0
2019,6,2019_06_WAS_MIA,away,True,0.010111495738241843,-101.0,0,0.5008130625242385,0.9900990099009901,-1.0
2019,6,2019_06_PHI_MIN,away,False,0.0034904057421701437,-115.0,0,0.5265075993084486,0.8695652173913043,-1.0
2019,6,2019_06_NYG_NE,away,False,0.0031281986700578412,-106.0,0,0.5054511869621969,0.9433962264150944,-1.0
2019,6,2019_06_DAL_NYJ,home,False,0.011822692929293575,-110.0,1,0.5234505999060378,0.9090909090909091,0.9090909090909091
2019,6,2019_06_CAR_TB,away,True,0.010693339294470663,-100.0,1,0.4990654323177265,1.0,1.0
2019,7,2019_07_LA_ATL,home,False,0.009635613482778665,-105.0,0,0.5096356134827786,0.9523809523809523,-1.0
2019,7,2019_07_MIA_BUF,away,False,0.044045604105734895,-103.0,1,0.5382783253385485,0.970873786407767,0.970873786407767
2019,7,2019_07_NO_CHI,away,False,0.013955517679219345,100.0,1,0.5023276107024752,1.0,1.0
2019,7,2019_07_JAX_CIN,home,False,0.0032233846096161034,105.0,0,0.47920399280705983,1.05,-1.0
2019,7,2019_07_PHI_DAL,away,False,0.0005941756704541945,101.0,0,0.48664609799428915,1.01,-1.0
2019,7,2019_07_KC_DEN,away,True,0.02461462953149331,104.0,1,0.5028174765065824,1.04,1.04
2019,7,2019_07_MIN_DET,home,False,0.001401255560951481,-100.0,0,0.48977334858420735,1.0,-1.0
2019,7,2019_07_HOU_IND,away,False,0.02525703005593871,-104.0,0,0.5229340417637997,0.9615384615384616,-1.0
2019,7,2019_07_ARI_NYG,away,False,0.017108442291307306,-106.0,1,0.5194314305834463,0.9433962264150944,0.9433962264150944
2019,7,2019_07_NE_NYJ,home,False,0.03523415613179163,-104.0,0,0.5329111678396526,0.9615384615384616,-1.0
2019,7,2019_07_BAL_SEA,away,False,0.0006099381572056444,-104.0,1,0.49828694986506666,0.9615384615384616,0.9615384615384616
2019,7,2019_07_LAC_TEN,away,False,0.02322701169474287,-107.0,1,0.5278736359222416,0.9345794392523364,0.9345794392523364
2019,7,2019_07_SF_WAS,away,True,0.004779624229107029,-104.0,0,0.502456635936968,0.9615384615384616,-1.0
2019,8,2019_08_SEA_ATL,away,True,0.04317617592171768,106.0,0,0.5169546135445289,1.06,-1.0
2019,8,2019_08_PHI_BUF,away,False,0.024019165633996337,102.0,1,0.5067277728043721,1.02,1.02
2019,8,2019_08_LAC_CHI,away,False,0.014278869459861608,-107.0,1,0.5189254936873603,0.9345794392523364,0.9345794392523364
2019,8,2019_08_NYG_DET,home,True,0.035794502442051124,102.0,0,0.5185031096124268,1.02,-1.0
2019,8,2019_08_DEN_IND,away,False,0.006497045507684346,-117.0,1,0.5327186078848731,0.8547008547008547,0.8547008547008547
2019,8,2019_08_NYJ_JAX,away,False,0.03879308227568105,-115.0,0,0.5618102758419594,0.8695652173913043,-1.0
2019,8,2019_08_GB_KC,away,True,0.011220855572305177,-108.0,1,0.5181924116236158,0.9259259259259259,0.9259259259259259
2019,8,2019_08_CIN_LA,away,False,0.03205444275949405,-112.0,0,0.548301248162926,0.8928571428571429,-1.0
2019,8,2019_08_WAS_MIN,away,False,0.0170410856248894,-104.0,1,0.5147180973327504,0.9615384615384616,0.9615384615384616
2019,8,2019_08_CLE_NE,away,False,0.0693375151223988,-107.0,0,0.5739841393498976,0.9345794392523364,-1.0
2019,8,2019_08_ARI_NO,home,True,0.03930324773468824,-102.0,1,0.5323316916833776,0.9803921568627451,0.9803921568627451
2019,8,2019_08_MIA_PIT,away,False,0.04301181855210943,-107.0,1,0.5476584427796082,0.9345794392523364,0.9345794392523364
2019,8,2019_08_CAR_SF,away,False,0.0035486654973472696,-112.0,0,0.5197954709007792,0.8928571428571429,-1.0
2019,8,2019_08_TB_TEN,home,True,0.004516870174677548,-100.0,1,0.4928889631979334,1.0,1.0
2019,9,2019_09_SF_ARI,home,False,0.020441540314681088,-111.0,1,0.533143618836621,0.9009009009009009,0.9009009009009009
2019,9,2019_09_NE_BAL,home,False,0.020819163912376346,-110.0,1,0.5324470708891206,0.9090909090909091,0.9090909090909091
2019,9,2019_09_WAS_BUF,away,False,0.008205966076085041,-112.0,0,0.524452771479517,0.8928571428571429,-1.0
2019,9,2019_09_TEN_CAR,away,False,0.022564501031911943,-109.0,0,0.5318629342459154,0.9174311926605505,-1.0
2019,9,2019_09_CLE_DEN,away,True,0.011021960170612227,-102.0,0,0.5040504041193016,0.9803921568627451,-1.0
2019,9,2019_09_HOU_JAX,away,False,0.02693937525334011,-104.0,1,0.524616386961201,0.9615384615384616,0.9615384615384616
2019,9,2019_09_MIN_KC,away,True,0.046677072622868,-101.0,0,0.5373786394088647,0.9900990099009901,-1.0
2019,9,2019_09_GB_LAC,away,True,0.02199233202554468,-111.0,0,0.5346944105474847,0.9009009009009009,-1.0
2019,9,2019_09_NYJ_MIA,away,True,0.02258593947358838,-103.0,0,0.5179393152460897,0.970873786407767,-1.0
2019,9,2019_09_DAL_NYG,away,True,0.013262481627492538,-101.0,1,0.5039640484134892,0.9900990099009901,0.9900990099009901
2019,9,2019_09_CHI_PHI,away,False,0.020275757772861468,-106.0,0,0.5225987460650006,0.9433962264150944,-1.0
2019,9,2019_09_IND_PIT,away,False,0.01303121410581735,101.0,0,0.49908313642965235,1.01,-1.0
2019,9,2019_09_TB_SEA,home,True,0.001168738201814179,-105.0,1,0.5011687382018142,0.9523809523809523,0.9523809523809523
2019,10,2019_10_DET_CHI,away,False,0.02119326593766526,101.0,0,0.5072451882615002,1.01,-1.0
2019,10,2019_10_BAL_CIN,away,True,0.008048533763184037,104.0,1,0.48726745171373936,1.04,1.04
2019,10,2019_10_BUF_CLE,away,False,0.012055596849418253,-108.0,1,0.519027152900729,0.9259259259259259,0.9259259259259259
2019,10,2019_10_MIN_DAL,away,False,0.01700748484939526,-113.0,1,0.5355318637910531,0.8849557522123894,0.8849557522123894
2019,10,2019_10_CAR_GB,home,True,0.004342357363965787,-110.0,1,0.51597026434071,0.9090909090909091,0.9090909090909091
2019,10,2019_10_MIA_IND,away,False,0.028567117245048537,-109.0,1,0.5378655504590519,0.9174311926605505,0.9174311926605505
2019,10,2019_10_ATL_NO,away,False,0.027545055164190865,-114.0,1,0.5470996328661349,0.8771929824561403,0.8771929824561403
2019,10,2019_10_NYG_NYJ,away,True,9.233908362202558e-05,104.0,0,0.4782951860587111,1.04,-1.0
2019,10,2019_10_LA_PIT,home,False,0.00026749684091117163,103.0,1,0.4817431178992534,1.03,1.03
2019,10,2019_10_SEA_SF,away,False,0.01723017926677006,-104.0,1,0.514907190974631,0.9615384615384616,0.9615384615384616
2019,10,2019_10_ARI_TB,away,False,0.012494137083247555,100.0,1,0.5008662301065034,1.0,1.0
2019,10,2019_10_KC_TEN,home,False,0.028235866321718758,-102.0,1,0.5212643102704081,0.9803921568627451,0.9803921568627451
2019,11,2019_11_HOU_BAL,away,False,0.02451703588881448,-102.0,0,0.5175454798375039,0.9803921568627451,-1.0
2019,11,2019_11_ATL_CAR,home,True,0.0019509423748665432,-110.0,0,0.5135788493516108,0.9090909090909091,-1.0
2019,11,2019_11_PIT_CLE,away,False,0.018172487476443216,101.0,0,0.5031651668322265,1.01,-1.0
2019,11,2019_11_DAL_DET,away,True,0.014446172992382843,102.0,1,0.4971547801627586,1.02,1.02
2019,11,2019_11_JAX_IND,away,False,0.029084661889886287,-103.0,0,0.5233173831226998,0.970873786407767,-1.0
2019,11,2019_11_CHI_LA,away,False,0.0001012971519944783,-107.0,0,0.5047479213794932,0.9345794392523364,-1.0
2019,11,2019_11_KC_LAC,home,False,0.018817639900083623,-104.0,0,0.5164946516079446,0.9615384615384616,-1.0
2019,11,2019_11_BUF_MIA,home,False,0.024625187083307357,-101.0,0,0.515326753869304,0.9900990099009901,-1.0
2019,11,2019_11_DEN_MIN,home,True,0.011538871663661287,107.0,0,0.48217261545838763,1.07,-1.0
2019,11,2019_11_NE_PHI,home,False,0.004613683394309953,-112.0,0,0.5196210040385265,0.8928571428571429,-1.0
2019,11,2019_11_ARI_SF,away,False,0.026512182257284064,-113.0,1,0.5450365611989418,0.8849557522123894,0.8849557522123894
2019,11,2019_11_NO_TB,away,True,0.004676183135033901,-108.0,1,0.5116477391863447,0.9259259259259259,0.9259259259259259
2019,11,2019_11_NYJ_WAS,away,False,0.015440123159401416,104.0,1,0.49465904110995673,1.04,1.04
2019,12,2019_12_TB_ATL,home,True,0.0020242803400195267,-100.0,0,0.49039637336327535,1.0,-1.0
2019,12,2019_12_DEN_BUF,away,False,0.0072428347873945195,-106.0,0,0.5095658230795336,0.9433962264150944,-1.0
2019,12,2019_12_NYG_CHI,home,True,0.0018234746739173495,-100.0,0,0.4901955676971732,1.0,-1.0
2019,12,2019_12_PIT_CIN,away,True,0.00041125784944645024,-106.0,1,0.5027342461415855,0.9433962264150944,0.9433962264150944
2019,12,2019_12_MIA_CLE,home,True,0.007838874995375436,103.0,1,0.4893144960537177,1.03,1.03
2019,12,2019_12_IND_HOU,home,True,0.021011767048973933,-105.0,0,0.5210117670489739,0.9523809523809523,-1.0
2019,12,2019_12_BAL_LA,away,True,0.024219362290188364,112.0,1,0.48429165936544305,1.12,1.12
2019,12,2019_12_DAL_NE,away,False,0.007270622623973843,-108.0,1,0.5142421786752845,0.9259259259259259,0.9259259259259259
2019,12,2019_12_CAR_NO,away,False,0.0252377411444459,-108.0,1,0.5322092971957566,0.9259259259259259,0.9259259259259259
2019,12,2019_12_SEA_PHI,away,True,0.023153692876648604,102.0,1,0.5069068874732168,1.02,1.02
2019,12,2019_12_GB_SF,away,False,0.024463831217358636,111.0,0,0.48752336148309633,1.11,-1.0
2019,12,2019_12_JAX_TEN,away,False,0.01263462211976078,103.0,0,0.49308004441781655,1.03,-1.0
2019,12,2019_12_DET_WAS,away,True,0.010303956056653137,-102.0,0,0.502227529990565,0.9803921568627451,-1.0
2019,13,2019_13_LA_ARI,away,True,0.017308485662829675,-110.0,1,0.5289363926395739,0.9090909090909091,0.9090909090909091
2019,13,2019_13_NO_ATL,home,False,0.017238625233785554,-104.0,0,0.5149156369416465,0.9615384615384616,-1.0
2019,13,2019_13_SF_BAL,home,True,0.014415904927780264,-110.0,0,0.5260438119045244,0.9090909090909091,-1.0
2019,13,2019_13_WAS_CAR,away,False,0.0006109695022581628,-110.0,1,0.5122388764790023,0.9090909090909091,0.9090909090909091
2019,13,2019_13_NYJ_CIN,away,True,0.03532083968300821,102.0,0,0.5190740342795763,1.02,-1.0
2019,13,2019_13_BUF_DAL,away,False,0.025333197843351196,104.0,1,0.5035360448184403,1.04,1.04
2019,13,2019_13_LAC_DEN,away,True,0.034670520267479736,-103.0,0,0.530023896039981,0.970873786407767,-1.0
2019,13,2019_13_CHI_DET,away,True,0.0046775201856568555,-104.0,0,0.5023545318935179,0.9615384615384616,-1.0
2019,13,2019_13_NE_HOU,home,False,0.02083456237062569,-117.0,1,0.5470561247478144,0.8547008547008547,0.8547008547008547
2019,13,2019_13_TEN_IND,away,True,0.013187382949866037,-102.0,1,0.5062158268985554,0.9803921568627451,0.9803921568627451
2019,13,2019_13_TB_JAX,home,False,0.0026138633223950322,-105.0,0,0.502613863322395,0.9523809523809523,-1.0
2019,13,2019_13_PHI_MIA,away,True,0.04274179896027408,-100.0,0,0.5311138919835299,1.0,-1.0
2019,13,2019_13_GB_NYG,away,True,0.014515081215839245,103.0,1,0.49599070227418146,1.03,1.03
2019,13,2019_13_CLE_PIT,home,False,0.007861366521169047,-103.0,1,0.5032147422936704,0.970873786407767,0.970873786407767
2019,13,2019_13_MIN_SEA,away,False,0.023708217205791533,112.0,0,0.48378051428104624,1.12,-1.0
2019,14,2019_14_PIT_ARI,home,False,0.0006529325862607571,-110.0,0,0.512280839563005,0.9090909090909091,-1.0
2019,14,2019_14_CAR_ATL,home,True,0.00871946488520426,100.0,1,0.4970915579084601,1.0,1.0
2019,14,2019_14_BAL_BUF,away,True,0.002341273528239476,100.0,1,0.49071336655149533,1.0,1.0
2019,14,2019_14_DAL_CHI,away,True,0.0354692229797651,-109.0,0,0.5447676561937684,0.9174311926605505,-1.0
2019,14,2019_14_CIN_CLE,away,False,0.0164168704761158,-112.0,0,0.5314241911203325,0.8928571428571429,-1.0
2019,14,2019_14_WAS_GB,home,True,0.006653336532810441,-104.0,0,0.5043303482406715,0.9615384615384616,-1.0
2019,14,2019_14_DEN_HOU,away,False,0.008346622163094633,-103.0,1,0.5036999979355959,0.970873786407767,0.970873786407767
2019,14,2019_14_LAC_JAX,away,True,0.019591940029142562,-101.0,1,0.5092041283947936,0.9900990099009901,0.9900990099009901
2019,14,2019_14_SEA_LA,away,False,0.026570902412712535,102.0,0,0.5103240970092806,1.02,-1.0
2019,14,2019_14_DET_MIN,home,True,0.04612904788201756,106.0,1,0.5199074855048288,1.06,1.06
2019,14,2019_14_KC_NE,away,False,0.011031124889358257,-107.0,1,0.5156777491168569,0.9345794392523364,0.9345794392523364
2019,14,2019_14_SF_NO,away,False,0.00546841192500298,-101.0,1,0.4961699787109996,0.9900990099009901,0.9900990099009901
2019,14,2019_14_MIA_NYJ,home,True,0.007557989877558093,100.0,0,0.4959300829008139,1.0,-1.0
2019,14,2019_14_NYG_PHI,home,True,0.0015257850753867346,-104.0,0,0.49920279678324775,0.9615384615384616,-1.0
2019,14,2019_14_IND_TB,home,True,0.0020547884263238114,-111.0,0,0.5160028661024888,0.9009009009009009,-1.0
2019,15,2019_15_CLE_ARI,home,False,0.01108041102496057,-103.0,1,0.5064337867974619,0.970873786407767,0.970873786407767
2019,15,2019_15_NYJ_BAL,away,False,0.022171166124617846,-105.0,0,0.5221711661246179,0.9523809523809523,-1.0
2019,15,2019_15_SEA_CAR,away,True,0.01259626078084751,-104.0,1,0.5102732724887085,0.9615384615384616,0.9615384615384616
2019,15,2019_15_NE_CIN,home,False,0.023684261843251973,-110.0,0,0.5340720734776011,0.9090909090909091,-1.0
2019,15,2019_15_LA_DAL,away,True,0.019443787748121583,-108.0,0,0.5264153437994323,0.9259259259259259,-1.0
2019,15,2019_15_TB_DET,home,False,0.01332855129717267,101.0,0,0.4993804736210077,1.01,-1.0
2019,15,2019_15_CHI_GB,away,False,0.04098380803847294,107.0,0,0.5125798795134004,1.07,-1.0
2019,15,2019_15_DEN_KC,away,False,0.014540561877639994,-125.0,0,0.5565252947020675,0.8,-1.0
2019,15,2019_15_MIN_LAC,away,True,0.008167614247141047,-111.0,1,0.5221156919233061,0.9009009009009009,0.9009009009009009
2019,15,2019_15_IND_NO,away,False,0.016725506661863936,-106.0,0,0.519048494954003,0.9433962264150944,-1.0
2019,15,2019_15_MIA_NYG,away,False,0.022831193037503753,-108.0,0,0.5298027490888145,0.9259259259259259,-1.0
2019,15,2019_15_BUF_PIT,home,True,0.019181613940548518,-105.0,0,0.5191816139405485,0.9523809523809523,-1.0
2019,15,2019_15_ATL_SF,away,False,0.002309255513797825,-117.0,1,0.5285308178909865,0.8547008547008547,0.8547008547008547
2019,15,2019_15_HOU_TEN,away,False,0.04191921308311606,103.0,1,0.5233948341414583,1.03,1.03
2019,15,2019_15_PHI_WAS,away,True,0.02513634151886544,105.0,1,0.5011169497163092,1.05,1.05
2019,16,2019_16_JAX_ATL,away,False,0.0068959363982306395,-114.0,0,0.5264505141001747,0.8771929824561403,-1.0
2019,16,2019_16_KC_CHI,away,True,0.008273450836453377,-109.0,1,0.5175718840504567,0.9174311926605505,0.9174311926605505
2019,16,2019_16_BAL_CLE,home,False,0.003914464620689756,-106.0,0,0.5062374529128288,0.9433962264150944,-1.0
2019,16,2019_16_DET_DEN,away,False,0.02604163519405707,102.0,0,0.5097948297906252,1.02,-1.0
2019,16,2019_16_CAR_IND,home,True,0.006444413335904941,110.0,1,0.4706853167236088,1.1,1.1
2019,16,2019_16_CIN_MIA,away,True,0.0026584791932574734,-106.0,0,0.5049814674853965,0.9433962264150944,-1.0
2019,16,2019_16_GB_MIN,home,True,0.026787983231777068,-108.0,0,0.5337595392830878,0.9259259259259259,-1.0
2019,16,2019_16_BUF_NE,away,False,0.01555384127405569,-111.0,1,0.5295019189502207,0.9009009009009009,0.9009009009009009
2019,16,2019_16_PIT_NYJ,away,True,0.012998155093559415,-116.0,0,0.5370175468961156,0.8620689655172413,-1.0
2019,16,2019_16_DAL_PHI,home,False,0.012692789396765918,-112.0,1,0.5277001100409825,0.8928571428571429,0.8928571428571429
2019,16,2019_16_ARI_SEA,away,False,0.016523299141786633,-111.0,1,0.5304713768179516,0.9009009009009009,0.9009009009009009
2019,16,2019_16_LA_SF,away,False,0.0180253011012469,100.0,1,0.5063973941245028,1.0,1.0
2019,16,2019_16_HOU_TB,away,True,0.011047709944449681,102.0,1,0.4948009045410178,1.02,1.02
2019,16,2019_16_NO_TEN,away,True,0.0104445972430686,103.0,1,0.49192021830141086,1.03,1.03
2019,16,2019_16_NYG_WAS,home,False,0.015241529843533426,-104.0,0,0.5129185415513944,0.9615384615384616,-1.0
2019,17,2019_17_PIT_BAL,away,True,0.01594657088305567,-113.0,0,0.53323796371268,0.8849557522123894,-1.0
2019,17,2019_17_NYJ_BUF,away,True,0.03163670114877865,-110.0,1,0.5432646081255229,0.9090909090909091,0.9090909090909091
2019,17,2019_17_NO_CAR,away,True,0.030487279305090768,-106.0,1,0.5328102675972298,0.9433962264150944,0.9433962264150944
2019,17,2019_17_CLE_CIN,home,False,0.004588870123526791,-103.0,1,0.4999422458960281,0.970873786407767,0.970873786407767
2019,17,2019_17_WAS_DAL,away,False,0.01417399133165411,-105.0,0,0.5141739913316541,0.9523809523809523,-1.0
2019,17,2019_17_GB_DET,away,True,0.036485132707407,103.0,0,0.5169305550054628,1.03,-1.0
2019,17,2019_17_TEN_HOU,home,False,0.006177898598418335,-117.0,0,0.5323994609756071,0.8547008547008547,-1.0
2019,17,2019_17_IND_JAX,home,False,0.03179892642071508,-101.0,1,0.5225004932067117,0.9900990099009901,0.9900990099009901
2019,17,2019_17_LAC_KC,away,False,0.007982868619007433,-110.0,1,0.5196107755957516,0.9090909090909091,0.9090909090909091
2019,17,2019_17_ARI_LA,home,True,0.00614666063573899,107.0,0,0.4777427321106665,1.07,-1.0
2019,17,2019_17_CHI_MIN,away,True,0.009368591237272328,-110.0,0,0.5209964982140165,0.9090909090909091,-1.0
2019,17,2019_17_MIA_NE,away,False,0.0401131192410624,-109.0,1,0.5481895453071506,0.9174311926605505,0.9174311926605505
2019,17,2019_17_PHI_NYG,away,True,0.01162594256256379,-102.0,1,0.5046543865112532,0.9803921568627451,0.9803921568627451
2019,17,2019_17_SF_SEA,home,False,0.0017343120217143846,-112.0,0,0.516741632665931,0.8928571428571429,-1.0
2019,17,2019_17_ATL_TB,away,False,0.020416085574745765,101.0,1,0.5064680078985807,1.01,1.01
2020,1,2020_01_SEA_ATL,away,False,0.002237878763923301,-105.0,1,0.5022378787639233,0.9523809523809523,0.9523809523809523
2020,1,2020_01_CLE_BAL,away,False,0.023510608027069224,-107.0,0,0.528157232254568,0.9345794392523364,-1.0
2020,1,2020_01_NYJ_BUF,away,False,0.00812773003999837,-110.0,0,0.5197556370167425,0.9090909090909091,-1.0
2020,1,2020_01_LAC_CIN,home,False,0.0030828282074127464,-110.0,0,0.514710735184157,0.9090909090909091,-1.0
2020,1,2020_01_TEN_DEN,home,False,0.0028445957385701795,109.0,1,0.469197546845367,1.09,1.09
2020,1,2020_01_CHI_DET,home,True,0.004988044285245186,-102.0,0,0.4980164882339346,0.9803921568627451,-1.0
2020,1,2020_01_IND_JAX,home,False,0.008593804448062247,-102.0,1,0.5016222483967516,0.9803921568627451,0.9803921568627451
2020,1,2020_01_HOU_KC,away,False,0.01677380393362314,-105.0,0,0.5167738039336232,0.9523809523809523,-1.0
2020,1,2020_01_DAL_LA,home,True,0.010604977541018834,-107.0,1,0.5152516017685176,0.9345794392523364,0.9345794392523364
2020,1,2020_01_GB_MIN,home,True,0.014116803880700557,-107.0,0,0.5187634281081993,0.9345794392523364,-1.0
2020,1,2020_01_MIA_NE,away,False,0.016281508721093966,-112.0,0,0.532528314124526,0.8928571428571429,-1.0
2020,1,2020_01_TB_NO,away,False,0.011745784094524885,102.0,0,0.49445439126490065,1.02,-1.0
2020,1,2020_01_PIT_NYG,away,True,0.04376924575489185,-105.0,1,0.5437692457548918,0.9523809523809523,0.9523809523809523
2020,1,2020_01_ARI_SF,away,False,0.014840594638030091,-123.0,1,0.5526931633902321,0.8130081300813008,0.8130081300813008
2020,1,2020_01_PHI_WAS,away,True,0.016411203384166878,-106.0,0,0.518734191676306,0.9433962264150944,-1.0
2020,2,2020_02_WAS_ARI,away,False,0.006081225950378293,-120.0,0,0.53879150632421,0.8333333333333334,-1.0
2020,2,2020_02_NYG_CHI,away,False,0.017826406592993043,-105.0,1,0.5178264065929931,0.9523809523809523,0.9523809523809523
2020,2,2020_02_CIN_CLE,away,False,0.010552152635012739,-111.0,1,0.5232542311569527,0.9009009009009009,0.9009009009009009
2020,2,2020_02_ATL_DAL,home,True,0.009484013863115023,108.0,0,0.4789172643132565,1.08,-1.0
2020,2,2020_02_DET_GB,away,False,0.017547163853899993,-113.0,0,0.5348385566835243,0.8849557522123894,-1.0
2020,2,2020_02_BAL_HOU,away,True,0.0018308971934044014,-102.0,1,0.4948593411420938,0.9803921568627451,0.9803921568627451
2020,2,2020_02_MIN_IND,away,False,0.0144390992276808,-111.0,0,0.5283871769038458,0.9009009009009009,-1.0
2020,2,2020_02_KC_LAC,home,False,0.0005103850322851822,-106.0,1,0.5028333733244242,0.9433962264150944,0.9433962264150944
2020,2,2020_02_NO_LV,away,True,0.01689395029522695,-102.0,0,0.5110429860563204,0.9803921568627451,-1.0
2020,2,2020_02_BUF_MIA,away,True,0.0016844646522737648,-109.0,0,0.5109828978662772,0.9174311926605505,-1.0
2020,2,2020_02_SF_NYJ,away,True,0.028855717057079993,101.0,1,0.514907639380915,1.01,1.01
2020,2,2020_02_LA_PHI,away,False,0.026028069252618552,-107.0,1,0.5306746934801173,0.9345794392523364,0.9345794392523364
2020,2,2020_02_DEN_PIT,away,False,0.026094969690805953,-100.0,1,0.5144670627140618,1.0,1.0
2020,2,2020_02_NE_SEA,away,False,0.012223774402794013,-102.0,0,0.5052522183514834,0.9803921568627451,-1.0
2020,2,2020_02_CAR_TB,away,False,0.04294389520267233,-106.0,0,0.5452668834948113,0.9433962264150944,-1.0
2020,2,2020_02_JAX_TEN,away,False,0.007804400049827442,-116.0,1,0.5318237918523836,0.8620689655172413,0.8620689655172413
2020,3,2020_03_DET_ARI,away,False,0.0027336130892415874,-105.0,1,0.5027336130892416,0.9523809523809523,0.9523809523809523
2020,3,2020_03_CHI_ATL,away,False,0.010953026925122393,101.0,1,0.4970049492489574,1.01,1.01
2020,3,2020_03_KC_BAL,away,False,0.038802371190143015,-112.0,1,0.555049176593575,0.8928571428571429,0.8928571428571429
2020,3,2020_03_LA_BUF,away,False,0.027274819024762417,-100.0,0,0.5156469120480183,1.0,-1.0
2020,3,2020_03_WAS_CLE,away,False,0.015531060783272998,-115.0,0,0.5373282138081841,0.8695652173913043,-1.0
2020,3,2020_03_TB_DEN,away,True,0.015088565962994698,-105.0,1,0.5150885659629947,0.9523809523809523,0.9523809523809523
2020,3,2020_03_NYJ_IND,home,True,0.006260457714698092,-101.0,1,0.4969620245006947,0.9900990099009901,0.9900990099009901
2020,3,2020_03_MIA_JAX,away,False,0.0019046028939504354,-126.0,1,0.545928491199979,0.7936507936507936,0.7936507936507936
2020,3,2020_03_CAR_LAC,away,False,0.011231434268787659,-107.0,1,0.5158780584962864,0.9345794392523364,0.9345794392523364
2020,3,2020_03_TEN_MIN,home,False,0.007292602414668691,-109.0,1,0.516591035628672,0.9174311926605505,0.9174311926605505
2020,3,2020_03_LV_NE,home,True,0.001387181711635782,-105.0,1,0.5013871817116358,0.9523809523809523,0.9523809523809523
2020,3,2020_03_GB_NO,home,True,0.0069199567164217515,102.0,0,0.4906731513129899,1.02,-1.0
2020,3,2020_03_SF_NYG,away,True,0.011165967114799646,-101.0,1,0.5018675339007963,0.9900990099009901,0.9900990099009901
2020,3,2020_03_CIN_PHI,away,False,0.020380633728777575,-105.0,1,0.5203806337287775,0.9523809523809523,0.9523809523809523
2020,3,2020_03_HOU_PIT,home,True,0.011298448455367484,-100.0,1,0.49967054147862333,1.0,1.0
2020,3,2020_03_DAL_SEA,home,True,0.005957288209405703,-106.0,1,0.5082802765015447,0.9433962264150944,0.9433962264150944
2020,4,2020_04_ARI_CAR,home,False,0.01870149392591438,-105.0,1,0.5187014939259144,0.9523809523809523,0.9523809523809523
2020,4,2020_04_IND_CHI,away,True,0.009331621203377528,102.0,1,0.4930848157999457,1.02,1.02
2020,4,2020_04_JAX_CIN,away,False,0.007009119612691217,-106.0,0,0.5093321079048303,0.9433962264150944,-1.0
2020,4,2020_04_CLE_DAL,away,False,0.0025536786277541744,-111.0,1,0.5165017563039191,0.9009009009009009,0.9009009009009009
2020,4,2020_04_NO_DET,away,True,0.008852893209110792,-103.0,1,0.5042062689816121,0.970873786407767,0.970873786407767
2020,4,2020_04_ATL_GB,away,False,0.0036795106643079385,-110.0,0,0.5153074176410521,0.9090909090909091,-1.0
2020,4,2020_04_MIN_HOU,home,True,0.0020154896631819877,104.0,0,0.4812344076137373,1.04,-1.0
2020,4,2020_04_NE_KC,away,False,0.019458499435469994,-114.0,0,0.5390130771374141,0.8771929824561403,-1.0
2020,4,2020_04_NYG_LA,home,True,0.029445765881729456,-107.0,0,0.5340923901092282,0.9345794392523364,-1.0
2020,4,2020_04_BUF_LV,home,False,0.03779326451042248,104.0,0,0.5159961114855115,1.04,-1.0
2020,4,2020_04_SEA_MIA,away,True,0.015806349421527578,-106.0,1,0.5181293377136666,0.9433962264150944,0.9433962264150944
2020,4,2020_04_DEN_NYJ,away,False,0.011269447127630117,-102.0,1,0.5042978910763195,0.9803921568627451,0.9803921568627451
2020,4,2020_04_PHI_SF,away,False,0.015787187740402914,-116.0,1,0.5398065795429591,0.8620689655172413,0.8620689655172413
2020,4,2020_04_LAC_TB,away,False,0.00038669581010765115,-114.0,1,0.5199412735120518,0.8771929824561403,0.8771929824561403
2020,4,2020_04_BAL_WAS,away,True,0.03674464040981447,104.0,0,0.5149474873849035,1.04,-1.0
2020,5,2020_05_CAR_ATL,away,False,0.018177593127288533,-101.0,1,0.5088791599132851,0.9900990099009901,0.9900990099009901
2020,5,2020_05_CIN_BAL,away,False,0.018632509173637728,-105.0,0,0.5186325091736377,0.9523809523809523,-1.0
2020,5,2020_05_TB_CHI,home,False,0.013645242705274528,-108.0,1,0.5206167987565853,0.9259259259259259,0.9259259259259259
2020,5,2020_05_IND_CLE,home,True,0.010605416504360867,-103.0,1,0.5059587922768622,0.970873786407767,0.970873786407767
2020,5,2020_05_NYG_DAL,home,True,0.02498530245062425,103.0,0,0.50543072474868,1.03,-1.0
2020,5,2020_05_JAX_HOU,away,False,0.0009835042054139904,100.0,0,0.48935559722866984,1.0,-1.0
2020,5,2020_05_LV_KC,home,True,0.0048172734515398745,104.0,0,0.4840361914020952,1.04,-1.0
2020,5,2020_05_LAC_NO,away,False,0.009603077381507829,-106.0,1,0.5119260656736468,0.9433962264150944,0.9433962264150944
2020,5,2020_05_ARI_NYJ,away,True,0.02005649722975971,106.0,1,0.49383493485257096,1.06,1.06
2020,5,2020_05_PHI_PIT,away,False,0.007572015318278121,-103.0,0,0.5029253910907795,0.970873786407767,-1.0
2020,5,2020_05_MIN_SEA,home,True,0.002133866435685,-105.0,0,0.502133866435685,0.9523809523809523,-1.0
2020,5,2020_05_MIA_SF,away,False,0.030861042032761746,-119.0,1,0.5614277915826202,0.8403361344537815,0.8403361344537815
2020,5,2020_05_BUF_TEN,home,False,0.0033792189972535747,-102.0,1,0.49640766294594296,0.9803921568627451,0.9803921568627451
2020,5,2020_05_LA_WAS,away,True,0.001947755954747532,-101.0,1,0.4926493227407442,0.9900990099009901,0.9900990099009901
2020,6,2020_06_KC_BUF,away,True,0.009074594961993872,-104.0,1,0.5067516066698549,0.9615384615384616,0.9615384615384616
2020,6,2020_06_CHI_CAR,away,False,0.0036054213872756644,-107.0,1,0.5082520456147744,0.9345794392523364,0.9345794392523364
2020,6,2020_06_ARI_DAL,home,True,0.004151240760335023,-106.0,0,0.5064742290524741,0.9433962264150944,-1.0
2020,6,2020_06_CIN_IND,home,True,0.013028036741386816,-102.0,0,0.5060564806900762,0.9803921568627451,-1.0
2020,6,2020_06_DET_JAX,away,True,0.0018830198890599224,-105.0,1,0.5018830198890599,0.9523809523809523,0.9523809523809523
2020,6,2020_06_NYJ_MIA,away,False,0.020882763638698645,103.0,0,0.5023583846970409,1.03,-1.0
2020,6,2020_06_ATL_MIN,home,True,0.005412066640500357,-108.0,0,0.512383622691811,0.9259259259259259,-1.0
2020,6,2020_06_DEN_NE,away,False,0.021864182351085365,-103.0,1,0.5172175581235867,0.970873786407767,0.970873786407767
2020,6,2020_06_WAS_NYG,away,False,0.023841334450579732,-103.0,1,0.5191947102230811,0.970873786407767,0.970873786407767
2020,6,2020_06_BAL_PHI,away,True,0.03851490175057087,108.0,0,0.5079481522007123,1.08,-1.0
2020,6,2020_06_CLE_PIT,away,False,0.011397101752599281,-102.0,0,0.5044255457012887,0.9803921568627451,-1.0
2020,6,2020_06_LA_SF,home,False,0.0033393227296259318,-107.0,1,0.5079859469571246,0.9345794392523364,0.9345794392523364
2020,6,2020_06_GB_TB,away,True,0.05413838569175459,109.0,0,0.5204913367985514,1.09,-1.0
2020,6,2020_06_HOU_TEN,away,False,0.020752211008194563,-110.0,0,0.5323801179849388,0.9090909090909091,-1.0
2020,7,2020_07_SEA_ARI,away,True,0.023527297979454187,-102.0,0,0.5165557419281436,0.9803921568627451,-1.0
2020,7,2020_07_DET_ATL,home,True,0.006934142745798674,-104.0,0,0.5046111544536597,0.9615384615384616,-1.0
2020,7,2020_07_CLE_CIN,away,True,0.014255830112884798,103.0,0,0.49470125241094054,1.03,-1.0
2020,7,2020_07_KC_DEN,away,True,0.02674950066883334,103.0,1,0.5082251217271756,1.03,1.03
2020,7,2020_07_GB_HOU,home,False,0.021152828189301212,102.0,0,0.503861435359677,1.02,-1.0
2020,7,2020_07_CHI_LA,away,False,0.015299837493222133,101.0,0,0.5002925168490054,1.01,-1.0
2020,7,2020_07_JAX_LAC,away,False,0.01789760188191694,-108.0,0,0.5248691579332276,0.9259259259259259,-1.0
2020,7,2020_07_TB_LV,home,False,0.03799801081115012,-102.0,0,0.5310264547598396,0.9803921568627451,-1.0
2020,7,2020_07_SF_NE,away,False,0.0451042369172223,102.0,1,0.5278128440875981,1.02,1.02
2020,7,2020_07_CAR_NO,away,False,0.022574094990981345,-107.0,1,0.5272207192184801,0.9345794392523364,0.9345794392523364
2020,7,2020_07_BUF_NYJ,away,True,0.024488222481948783,101.0,0,0.5105401448057838,1.01,-1.0
2020,7,2020_07_NYG_PHI,away,False,0.02156858904345354,-109.0,1,0.5308670222574569,0.9174311926605505,0.9174311926605505
2020,7,2020_07_PIT_TEN,away,False,0.026554123705775687,-102.0,1,0.5195825676544651,0.9803921568627451,0.9803921568627451
2020,7,2020_07_DAL_WAS,away,True,0.027597401258622346,-103.0,0,0.5229507770311237,0.970873786407767,-1.0
2020,8,2020_08_PIT_BAL,home,True,0.004176311838046084,-102.0,0,0.49609988577195785,0.9803921568627451,-1.0
2020,8,2020_08_NE_BUF,away,False,0.015750823079498998,-105.0,1,0.515750823079499,0.9523809523809523,0.9523809523809523
2020,8,2020_08_ATL_CAR,home,True,0.013090819211096946,-102.0,0,0.5050143931450087,0.9803921568627451,-1.0
2020,8,2020_08_NO_CHI,away,True,0.02949721311285326,100.0,0,0.5178693061361092,1.0,-1.0
2020,8,2020_08_TEN_CIN,away,True,0.04736227953183092,107.0,0,0.5189583510067584,1.07,-1.0
2020,8,2020_08_LV_CLE,away,False,0.040425583424386693,111.0,1,0.5025730146721847,1.11,1.11
2020,8,2020_08_LAC_DEN,away,True,0.025414488281736352,103.0,0,0.5058599105797921,1.03,-1.0
2020,8,2020_08_IND_DET,home,False,0.0016238971870439988,-107.0,0,0.5062705214145428,0.9345794392523364,-1.0
2020,8,2020_08_MIN_GB,away,False,0.014667833503500448,-101.0,1,0.5053694002894971,0.9900990099009901,0.9900990099009901
2020,8,2020_08_NYJ_KC,away,False,0.04063250757762123,-102.0,0,0.5336609515263107,0.9803921568627451,-1.0
2020,8,2020_08_LA_MIA,away,True,0.00926042971704158,101.0,0,0.49531235204087654,1.01,-1.0
2020,8,2020_08_TB_NYG,home,False,0.010091548863787924,-115.0,1,0.5331087424300663,0.8695652173913043,0.8695652173913043
2020,8,2020_08_DAL_PHI,away,False,0.01006660456055223,-100.0,0,0.4984386975838081,1.0,-1.0
2020,8,2020_08_SF_SEA,away,False,0.025470294246984382,-108.0,0,0.532441850298295,0.9259259259259259,-1.0
2020,9,2020_09_MIA_ARI,home,True,0.009863436687094464,102.0,0,0.49361663128366257,1.02,-1.0
2020,9,2020_09_DEN_ATL,home,True,0.012353881776976949,-102.0,1,0.5053823257256663,0.9803921568627451,0.9803921568627451
2020,9,2020_09_SEA_BUF,away,True,0.015251199539504495,-109.0,0,0.5245496327535079,0.9174311926605505,-1.0
2020,9,2020_09_PIT_DAL,away,True,0.020901013885361613,-100.0,0,0.5092731069086175,1.0,-1.0
2020,9,2020_09_BAL_IND,home,True,0.005683659097011014,102.0,0,0.4883922662673868,1.02,-1.0
2020,9,2020_09_HOU_JAX,away,True,0.009740303922198894,106.0,0,0.4835187415450101,1.06,-1.0
2020,9,2020_09_CAR_KC,away,False,0.03905416373596969,-106.0,1,0.5413771520281088,0.9433962264150944,0.9433962264150944
2020,9,2020_09_LV_LAC,away,True,0.007726223044316005,-105.0,1,0.507726223044316,0.9523809523809523,0.9523809523809523
2020,9,2020_09_DET_MIN,away,False,0.0013061481859346134,106.0,0,0.47508458580874585,1.06,-1.0
2020,9,2020_09_NE_NYJ,away,True,0.011882293117967057,102.0,0,0.49459090028834285,1.02,-1.0
2020,9,2020_09_GB_SF,away,True,0.026252863493412583,100.0,1,0.5146249565166684,1.0,1.0
2020,9,2020_09_NO_TB,away,False,0.025391983816133546,107.0,1,0.49698805529106105,1.07,1.07
2020,9,2020_09_CHI_TEN,home,True,0.012639633784861345,-103.0,1,0.5079930095573627,0.970873786407767,0.970873786407767
2020,9,2020_09_NYG_WAS,away,False,0.008052717484558368,-105.0,1,0.5080527174845584,0.9523809523809523,0.9523809523809523
2020,10,2020_10_BUF_ARI,away,False,0.018235823646106385,-108.0,1,0.5252073796974172,0.9259259259259259,0.9259259259259259
2020,10,2020_10_TB_CAR,home,False,0.0028863370145192024,-102.0,0,0.49591478096320857,0.9803921568627451,-1.0
2020,10,2020_10_MIN_CHI,away,True,0.006334760130882952,108.0,1,0.4757680105810244,1.08,1.08
2020,10,2020_10_HOU_CLE,away,False,0.006834354585146057,-106.0,1,0.5091573428772851,0.9433962264150944,0.9433962264150944
2020,10,2020_10_WAS_DET,home,True,0.013269490184895682,-110.0,1,0.5248973971616399,0.9090909090909091,0.9090909090909091
2020,10,2020_10_JAX_GB,away,False,0.04839023226319895,-105.0,1,0.5483902322631989,0.9523809523809523,0.9523809523809523
2020,10,2020_10_SEA_LA,home,True,0.017937759612488786,104.0,1,0.4961406065875778,1.04,1.04
2020,10,2020_10_DEN_LV,home,True,0.002464342255251731,-104.0,1,0.5001413539631128,0.9615384615384616,0.9615384615384616
2020,10,2020_10_LAC_MIA,away,False,0.028792825912397048,-100.0,0,0.5171649189356529,1.0,-1.0
2020,10,2020_10_BAL_NE,away,True,0.03661712354085862,100.0,0,0.5249892165641145,1.0,-1.0
2020,10,2020_10_SF_NO,away,False,0.01614655683248212,-110.0,0,0.5265343684668312,0.9090909090909091,-1.0
2020,10,2020_10_PHI_NYG,away,True,0.005087916536506953,-106.0,0,0.507410904828646,0.9433962264150944,-1.0
2020,10,2020_10_CIN_PIT,away,False,0.002267120104595782,-101.0,0,0.4929686868905924,0.9900990099009901,-1.0
2020,10,2020_10_IND_TEN,away,True,0.006018459484996352,-107.0,1,0.5106650837124951,0.9345794392523364,0.9345794392523364
2020,11,2020_11_TEN_BAL,away,False,0.015343776748940509,-103.0,1,0.5106971525214419,0.970873786407767,0.970873786407767
2020,11,2020_11_DET_CAR,away,True,0.004277994656628009,-119.0,0,0.5348447442064865,0.8403361344537815,-1.0
2020,11,2020_11_PHI_CLE,away,False,0.004760642082954977,-104.0,0,0.502437653790816,0.9615384615384616,-1.0
2020,11,2020_11_MIA_DEN,away,True,0.023582435016938918,-105.0,0,0.5235824350169389,0.9523809523809523,-1.0
2020,11,2020_11_NE_HOU,home,False,0.011590570166982977,106.0,1,0.4853690077897942,1.06,1.06
2020,11,2020_11_GB_IND,away,False,0.006269906234886238,-104.0,0,0.5039469179427473,0.9615384615384616,-1.0
2020,11,2020_11_PIT_JAX,home,False,0.008676786919467038,-107.0,0,0.5133234111469658,0.9345794392523364,-1.0
2020,11,2020_11_NYJ_LAC,away,False,0.000213397502374868,-110.0,1,0.510601209136724,0.9090909090909091,0.9090909090909091
2020,11,2020_11_KC_LV,home,False,0.010628765257832034,-102.0,1,0.5036572092065215,0.9803921568627451,0.9803921568627451
2020,11,2020_11_DAL_MIN,away,False,0.00804738221762981,-110.0,1,0.519675289194374,0.9090909090909091,0.9090909090909091
2020,11,2020_11_ATL_NO,away,False,0.0014696563733279044,-109.0,0,0.5107680895873312,0.9174311926605505,-1.0
2020,11,2020_11_ARI_SEA,home,True,0.0027161259013873673,-105.0,1,0.5027161259013874,0.9523809523809523,0.9523809523809523
2020,11,2020_11_LA_TB,away,False,0.0023909684728367297,-109.0,1,0.5104673945389249,0.9174311926605505,0.9174311926605505
2020,11,2020_11_CIN_WAS,home,True,0.007258607733997107,-101.0,1,0.49796017451999375,0.9900990099009901,0.9900990099009901
2020,12,2020_12_LV_ATL,away,True,0.005814666095840148,-105.0,0,0.5058146660958401,0.9523809523809523,-1.0
2020,12,2020_12_LAC_BUF,away,False,0.01610616331207729,-107.0,0,0.520752787539576,0.9345794392523364,-1.0
2020,12,2020_12_NYG_CIN,away,True,0.004400277309761827,-103.0,0,0.49975365308226316,0.970873786407767,-1.0
2020,12,2020_12_WAS_DAL,away,False,0.0025682078023274795,-104.0,1,0.5002452195101885,0.9615384615384616,0.9615384615384616
2020,12,2020_12_NO_DEN,away,True,0.03743479282840464,-103.0,1,0.5327881686009059,0.970873786407767,0.970873786407767
2020,12,2020_12_HOU_DET,away,True,0.007259140037083769,-104.0,1,0.5049361517449448,0.9615384615384616,0.9615384615384616
2020,12,2020_12_CHI_GB,away,False,0.005614481402683052,-116.0,0,0.5296338732052392,0.8620689655172413,-1.0
2020,12,2020_12_TEN_IND,away,False,0.0056720369770284435,-114.0,1,0.5252266146789726,0.8771929824561403,0.8771929824561403
2020,12,2020_12_CLE_JAX,away,True,0.01015724883942484,102.0,0,0.49391044343599294,1.02,-1.0
2020,12,2020_12_SF_LA,home,True,0.003934189306613528,101.0,0,0.4889268686623968,1.01,-1.0
2020,12,2020_12_CAR_MIN,away,False,0.014331897277256643,-115.0,1,0.5361290503021676,0.8695652173913043,0.8695652173913043
2020,12,2020_12_ARI_NE,away,True,0.004484400626379115,-107.0,0,0.5091310248538778,0.9345794392523364,-1.0
2020,12,2020_12_MIA_NYJ,home,False,0.0011612211063006166,-104.0,0,0.4988382328141616,0.9615384615384616,-1.0
2020,12,2020_12_SEA_PHI,away,True,0.05111202026892016,-106.0,0,0.5534350085610592,0.9433962264150944,-1.0
2020,12,2020_12_BAL_PIT,home,True,0.007247206441212572,-101.0,0,0.4979487732272092,0.9900990099009901,-1.0
2020,12,2020_12_KC_TB,away,True,0.01667434186927791,112.0,0,0.4767466389445326,1.12,-1.0
2020,13,2020_13_LA_ARI,home,False,0.010754731407020934,103.0,0,0.4912001537050767,1.03,-1.0
2020,13,2020_13_NO_ATL,home,False,0.019985022894619495,102.0,0,0.5026936300649952,1.02,-1.0
2020,13,2020_13_DAL_BAL,away,False,0.014400993286873505,-103.0,0,0.5086337145196871,0.970873786407767,-1.0
2020,13,2020_13_DET_CHI,away,False,0.013594389320349856,-100.0,1,0.5019664823436057,1.0,1.0
2020,13,2020_13_PHI_GB,away,False,0.028515240257385065,-102.0,0,0.5215436842060744,0.9803921568627451,-1.0
2020,13,2020_13_IND_HOU,home,False,0.006144047326740626,-112.0,0,0.5211513679709573,0.8928571428571429,-1.0
2020,13,2020_13_DEN_KC,away,False,0.020607460815266793,-120.0,1,0.5521236448016381,0.8333333333333334,0.8333333333333334
2020,13,2020_13_NE_LAC,home,True,0.0075839627193999525,-102.0,0,0.4995075366533117,0.9803921568627451,-1.0
2020,13,2020_13_CIN_MIA,away,False,0.009882373770857787,-115.0,0,0.5328995673371362,0.8695652173913043,-1.0
2020,13,2020_13_JAX_MIN,away,False,0.020009216330147083,-118.0,1,0.5484131448552195,0.847457627118644,0.847457627118644
2020,13,2020_13_LV_NYJ,away,True,0.023634947300239607,103.0,0,0.5051105683585818,1.03,-1.0
2020,13,2020_13_WAS_PIT,away,False,0.018391664389499712,-100.0,1,0.5067637574127556,1.0,1.0
2020,13,2020_13_NYG_SEA,home,True,0.015085436427581691,104.0,0,0.494304354378137,1.04,-1.0
2020,13,2020_13_BUF_SF,home,True,0.005050120368481175,-107.0,0,0.5096967445959799,0.9345794392523364,-1.0
2020,13,2020_13_CLE_TEN,away,False,0.004323404248999751,-111.0,1,0.5182714819251648,0.9009009009009009,0.9009009009009009
2020,14,2020_14_PIT_BUF,home,True,0.005926544368979983,-102.0,1,0.4978501183028918,0.9803921568627451,0.9803921568627451
2020,14,2020_14_DEN_CAR,away,False,0.0020978496425835768,-101.0,1,0.4927994164285802,0.9900990099009901,0.9900990099009901
2020,14,2020_14_HOU_CHI,away,True,0.01849715527378208,-107.0,0,0.5231437795012808,0.9345794392523364,-1.0
2020,14,2020_14_DAL_CIN,away,True,0.014395443171179077,-114.0,1,0.5339500208731232,0.8771929824561403,0.8771929824561403
2020,14,2020_14_BAL_CLE,home,False,0.022335058879300318,105.0,0,0.498315667076744,1.05,-1.0
2020,14,2020_14_GB_DET,home,False,0.00675428722453239,-117.0,1,0.5329758496017212,0.8547008547008547,0.8547008547008547
2020,14,2020_14_TEN_JAX,away,True,0.01893651207391123,-106.0,1,0.5212595003660503,0.9433962264150944,0.9433962264150944
2020,14,2020_14_NE_LA,home,True,0.0023763373062265503,-107.0,1,0.5070229615337253,0.9345794392523364,0.9345794392523364
2020,14,2020_14_ATL_LAC,home,True,0.024949663317447,-110.0,1,0.5365775702941912,0.9090909090909091,0.9090909090909091
2020,14,2020_14_IND_LV,home,False,0.013252506878819119,-106.0,0,0.5155754951709581,0.9433962264150944,-1.0
2020,14,2020_14_KC_MIA,away,True,0.013118314463341345,109.0,0,0.4794712655701382,1.09,-1.0
2020,14,2020_14_ARI_NYG,away,True,0.01969455124513084,-106.0,1,0.5220175395372699,0.9433962264150944,0.9433962264150944
2020,14,2020_14_NO_PHI,away,True,0.023085163873496236,-104.0,0,0.5207621755813572,0.9615384615384616,-1.0
2020,14,2020_14_NYJ_SEA,away,False,0.008593496028957426,-110.0,0,0.5202214030057016,0.9090909090909091,-1.0
2020,14,2020_14_WAS_SF,home,True,0.01677501827534275,101.0,0,0.5028269405991778,1.01,-1.0
2020,14,2020_14_MIN_TB,away,False,0.03522385711345762,-106.0,0,0.5375468454055967,0.9433962264150944,-1.0
2020,15,2020_15_PHI_ARI,home,True,0.005155465816863866,103.0,1,0.48560088811491964,1.03,1.03
2020,15,2020_15_TB_ATL,away,True,0.026432847458621206,-104.0,0,0.5241098591664822,0.9615384615384616,-1.0
2020,15,2020_15_JAX_BAL,home,True,0.0031649819630466783,107.0,1,0.47476105343797415,1.07,1.07
2020,15,2020_15_PIT_CIN,away,True,0.03680495796488441,-101.0,0,0.527506524750881,0.9900990099009901,-1.0
2020,15,2020_15_SF_DAL,away,True,0.008146802903703437,-106.0,0,0.5104697911958425,0.9433962264150944,-1.0
2020,15,2020_15_BUF_DEN,away,True,0.02841067777652859,-105.0,1,0.5284106777765286,0.9523809523809523,0.9523809523809523
2020,15,2020_15_CAR_GB,away,False,0.024999891517172825,-103.0,1,0.5203532672896741,0.970873786407767,0.970873786407767
2020,15,2020_15_HOU_IND,away,False,0.021362336464785223,-108.0,1,0.528333892516096,0.9259259259259259,0.9259259259259259
2020,15,2020_15_NYJ_LA,away,False,0.04074775622042337,-115.0,1,0.5625449092453344,0.8695652173913043,0.8695652173913043
2020,15,2020_15_LAC_LV,home,True,0.035959986509531236,111.0,0,0.4981074177573293,1.11,-1.0
2020,15,2020_15_NE_MIA,home,False,0.004237367211017681,-104.0,1,0.5019143789188787,0.9615384615384616,0.9615384615384616
2020,15,2020_15_CHI_MIN,away,False,0.02279100363436878,111.0,1,0.4849384348821668,1.11,1.11
2020,15,2020_15_KC_NO,home,False,0.011001763648539869,102.0,0,0.49371037081891567,1.02,-1.0
2020,15,2020_15_CLE_NYG,away,True,0.029498397057565344,-108.0,1,0.536469953108876,0.9259259259259259,0.9259259259259259
2020,15,2020_15_DET_TEN,away,False,0.03442545984673779,-113.0,0,0.5517168526763622,0.8849557522123894,-1.0
2020,15,2020_15_SEA_WAS,away,True,0.0331509422960802,-103.0,0,0.5285043180685816,0.970873786407767,-1.0
2020,16,2020_16_SF_ARI,home,True,0.002938332679541666,-102.0,0,0.4959667766282311,0.9803921568627451,-1.0
2020,16,2020_16_NYG_BAL,away,False,0.026981272432373526,-116.0,0,0.5510006642349297,0.8620689655172413,-1.0
2020,16,2020_16_PHI_DAL,home,False,0.009444777559816576,104.0,1,0.4876476245349056,1.04,1.04
2020,16,2020_16_TB_DET,away,True,0.028892774947905025,101.0,1,0.51494469727174,1.01,1.01
2020,16,2020_16_TEN_GB,away,False,0.026734508974357037,107.0,0,0.4983305804492845,1.07,-1.0
2020,16,2020_16_CIN_HOU,away,False,0.0006957056740908851,-113.0,1,0.5179870985037152,0.8849557522123894,0.8849557522123894
2020,16,2020_16_CHI_JAX,away,True,0.011491067854792519,-108.0,1,0.517258346621979,0.9259259259259259,0.9259259259259259
2020,16,2020_16_ATL_KC,home,True,0.02747693083964209,-100.0,0,0.5158490238628979,1.0,-1.0
2020,16,2020_16_DEN_LAC,home,True,0.010015309284200307,100.0,1,0.49731323076226036,1.0,1.0
2020,16,2020_16_MIA_LV,home,False,0.0016969996021996224,-106.0,1,0.5040199878943387,0.9433962264150944,0.9433962264150944
2020,16,2020_16_BUF_NE,away,True,0.019764203859089013,-102.0,1,0.5127926478077784,0.9803921568627451,0.9803921568627451
2020,16,2020_16_MIN_NO,away,False,0.01720878232543685,-109.0,0,0.525285208391525,0.9174311926605505,-1.0
2020,16,2020_16_CLE_NYJ,away,True,0.008505565347981569,-114.0,0,0.5280601430499257,0.8771929824561403,-1.0
2020,16,2020_16_IND_PIT,away,True,0.010011119271772756,100.0,0,0.49730904074983284,1.0,-1.0
2020,16,2020_16_LA_SEA,away,False,0.0018761207601755536,103.0,0,0.48232154305823133,1.03,-1.0
2020,16,2020_16_CAR_WAS,away,True,0.016489036906699204,-105.0,1,0.5164890369066992,0.9523809523809523,0.9523809523809523
2020,17,2020_17_MIA_BUF,away,True,0.030113081091979493,113.0,0,0.488128348267552,1.13,-1.0
2020,17,2020_17_NO_CAR,away,True,0.03069976910952247,100.0,1,0.5190718621327783,1.0,1.0
2020,17,2020_17_GB_CHI,away,True,0.015849369044475512,-103.0,1,0.5112027448169768,0.970873786407767,0.970873786407767
2020,17,2020_17_BAL_CIN,away,True,0.0524293476574632,106.0,1,0.5262077852802745,1.06,1.06
2020,17,2020_17_PIT_CLE,home,True,0.0021364626451015026,100.0,0,0.48943438412316154,1.0,-1.0
2020,17,2020_17_LV_DEN,away,True,0.007472132464270842,-115.0,0,0.5292692854891818,0.8695652173913043,-1.0
2020,17,2020_17_MIN_DET,home,False,0.02120811190259051,-100.0,1,0.5095802049258463,1.0,1.0
2020,17,2020_17_TEN_HOU,home,False,0.006748604695426357,-111.0,1,0.5206966823715914,0.9009009009009009,0.9009009009009009
2020,17,2020_17_JAX_IND,away,False,0.05680594136016883,104.0,1,0.5350087883352579,1.04,1.04
2020,17,2020_17_LAC_KC,away,True,0.02447069807936654,106.0,1,0.49824913570217777,1.06,1.06
2020,17,2020_17_ARI_LA,away,False,0.031190293597598583,105.0,0,0.5071709017950423,1.05,-1.0
2020,17,2020_17_NYJ_NE,home,True,0.0036479196302505452,-110.0,1,0.5140357312645997,0.9090909090909091,0.9090909090909091
2020,17,2020_17_DAL_NYG,away,True,0.026678453447840676,-106.0,0,0.5290014417399798,0.9433962264150944,-1.0
2020,17,2020_17_WAS_PHI,home,False,0.006840347717399408,-101.0,1,0.497541914503396,0.9900990099009901,0.9900990099009901
2020,17,2020_17_SEA_SF,away,True,0.013149740687706678,101.0,0,0.49814242004348996,1.01,-1.0
2020,17,2020_17_ATL_TB,home,True,0.0035081085317635067,111.0,1,0.4656555397795616,1.11,1.11
2021,1,2021_01_PHI_ATL,away,False,0.031398519926295304,-109.0,1,0.5406969531402986,0.9174311926605505,0.9174311926605505
2021,1,2021_01_PIT_BUF,away,False,0.04808277469937894,-110.0,1,0.5597106816761231,0.9090909090909091,0.9090909090909091
2021,1,2021_01_NYJ_CAR,away,False,0.010412982837152062,-108.0,0,0.5173845388884628,0.9259259259259259,-1.0
2021,1,2021_01_MIN_CIN,away,True,0.03071651786261504,109.0,0,0.49800623748878325,1.09,-1.0
2021,1,2021_01_SF_DET,home,False,0.019928078411523997,-105.0,1,0.519928078411524,0.9523809523809523,0.9523809523809523
2021,1,2021_01_JAX_HOU,away,True,0.02080659970737421,103.0,0,0.5022822207657165,1.03,-1.0
2021,1,2021_01_SEA_IND,away,True,0.015530421367370739,106.0,1,0.489308858990182,1.06,1.06
2021,1,2021_01_CLE_KC,away,False,0.02599437681710401,-101.0,1,0.515606565182755,0.9900990099009901,0.9900990099009901
2021,1,2021_01_CHI_LA,away,False,0.0030096662869137977,-108.0,0,0.5099812223382245,0.9259259259259259,-1.0
2021,1,2021_01_BAL_LV,home,False,0.041387725927806845,105.0,1,0.5173683341252505,1.05,1.05
2021,1,2021_01_MIA_NE,home,True,0.008186930788400064,102.0,0,0.49089553795877583,1.02,-1.0
2021,1,2021_01_GB_NO,away,True,0.029127768544080127,103.0,0,0.5095731908421359,1.03,-1.0
2021,1,2021_01_DEN_NYG,away,True,0.03769881664717085,109.0,1,0.5049885362733391,1.09,1.09
2021,1,2021_01_DAL_TB,away,False,0.004337826787442367,-121.0,1,0.5391725984144683,0.8264462809917356,0.8264462809917356
2021,1,2021_01_ARI_TEN,away,False,0.03951865304482448,105.0,1,0.5154992612422682,1.05,1.05
2021,1,2021_01_LAC_WAS,away,False,0.023938339765602782,-109.0,1,0.5332367729796061,0.9174311926605505,0.9174311926605505
2021,2,2021_02_MIN_ARI,away,False,0.0007088066440338491,-111.0,1,0.5146568843201988,0.9009009009009009,0.9009009009009009
2021,2,2021_02_KC_BAL,away,True,0.021817789302609882,107.0,0,0.49341386077753735,1.07,-1.0
2021,2,2021_02_NO_CAR,away,True,0.003589454714185619,102.0,0,0.4862980618845614,1.02,-1.0
2021,2,2021_02_CIN_CHI,away,False,0.015892004595469016,-105.0,0,0.515892004595469,0.9523809523809523,-1.0
2021,2,2021_02_HOU_CLE,away,False,0.017725042397722837,-103.0,1,0.5130784181702241,0.970873786407767,0.970873786407767
2021,2,2021_02_DET_GB,away,False,0.013023095349425988,-112.0,0,0.529269900752858,0.8928571428571429,-1.0
2021,2,2021_02_LA_IND,home,False,0.0026293222470372968,-100.0,1,0.4910014152702932,1.0,1.0
2021,2,2021_02_DEN_JAX,away,True,0.02349548526714065,104.0,1,0.5016983322422297,1.04,1.04
2021,2,2021_02_DAL_LAC,away,False,0.006223683425795284,-109.0,1,0.5155221166397986,0.9174311926605505,0.9174311926605505
2021,2,2021_02_BUF_MIA,away,True,0.000429717043609365,103.0,1,0.48190533810195163,1.03,1.03
2021,2,2021_02_NE_NYJ,away,True,0.01132932198306672,-105.0,1,0.5113293219830667,0.9523809523809523,0.9523809523809523
2021,2,2021_02_SF_PHI,away,True,0.03170348463489022,104.0,1,0.5099063316099792,1.04,1.04
2021,2,2021_02_LV_PIT,away,False,0.012151321825983706,-109.0,1,0.5202277478920718,0.9174311926605505,0.9174311926605505
2021,2,2021_02_TEN_SEA,away,False,0.004578885596612078,-100.0,1,0.4929509786198679,1.0,1.0
2021,2,2021_02_ATL_TB,away,False,0.04911270016908692,-108.0,0,0.5560842562203976,0.9259259259259259,-1.0
2021,2,2021_02_NYG_WAS,away,False,0.01007114172550966,-103.0,1,0.505424517498011,0.970873786407767,0.970873786407767
2021,3,2021_03_WAS_BUF,away,False,0.018732986666969164,-114.0,0,0.5382875643689133,0.8771929824561403,-1.0
2021,3,2021_03_CHI_CLE,away,False,0.005934702197583563,-102.0,0,0.49896314614627296,0.9803921568627451,-1.0
2021,3,2021_03_PHI_DAL,away,False,0.024035577369713915,-103.0,0,0.5193889531422152,0.970873786407767,-1.0
2021,3,2021_03_NYJ_DEN,home,True,0.030934438321300647,-101.0,1,0.5216360051072972,0.9900990099009901,0.9900990099009901
2021,3,2021_03_BAL_DET,home,False,0.009230173193659374,-110.0,1,0.5208580801704036,0.9090909090909091,0.9090909090909091
2021,3,2021_03_CAR_HOU,home,False,0.015046344315023509,104.0,0,0.4932491912901125,1.04,-1.0
2021,3,2021_03_ARI_JAX,home,False,0.005770684281872895,-110.0,0,0.516158495916222,0.9090909090909091,-1.0
2021,3,2021_03_LAC_KC,away,False,0.029640988716918195,-100.0,1,0.518013081740174,1.0,1.0
2021,3,2021_03_TB_LA,home,False,0.019187842400227993,-110.0,1,0.5308157493769722,0.9090909090909091,0.9090909090909091
2021,3,2021_03_MIA_LV,away,False,0.012665012569287863,-107.0,1,0.5173116367967866,0.9345794392523364,0.9345794392523364
2021,3,2021_03_SEA_MIN,away,True,0.00608605039348169,-101.0,0,0.49678761717947834,0.9900990099009901,-1.0
2021,3,2021_03_NO_NE,away,False,0.017652573392073073,-117.0,1,0.5438741357692618,0.8547008547008547,0.8547008547008547
2021,3,2021_03_ATL_NYG,away,False,0.021791002568826084,-115.0,1,0.5448081961351044,0.8695652173913043,0.8695652173913043
2021,3,2021_03_CIN_PIT,away,False,0.009214634868109743,103.0,1,0.4896600571661655,1.03,1.03
2021,3,2021_03_GB_SF,home,True,0.0036314038973567996,103.0,0,0.485107024955699,1.03,-1.0
2021,3,2021_03_IND_TEN,home,True,0.008694105171697716,103.0,1,0.49016972623003996,1.03,1.03
2021,4,2021_04_WAS_ATL,home,False,0.0029472217812258447,100.0,0,0.4902451432592859,1.0,-1.0
2021,4,2021_04_HOU_BUF,away,False,0.06109269493974456,-108.0,0,0.5680642509910553,0.9259259259259259,-1.0
2021,4,2021_04_DET_CHI,away,False,0.003880214677811544,-109.0,0,0.5131786478918149,0.9174311926605505,-1.0
2021,4,2021_04_JAX_CIN,away,False,0.0221538132094566,105.0,1,0.4981344214069003,1.05,1.05
2021,4,2021_04_CAR_DAL,home,True,0.01783818072429924,-104.0,1,0.5155151924321603,0.9615384615384616,0.9615384615384616
2021,4,2021_04_BAL_DEN,home,True,0.02105069429872633,-111.0,0,0.5349987719748913,0.9009009009009009,-1.0
2021,4,2021_04_PIT_GB,away,False,0.02522779936135022,-104.0,0,0.5229048110692112,0.9615384615384616,-1.0
2021,4,2021_04_ARI_LA,away,False,0.012299392240906709,100.0,1,0.49959731371896676,1.0,1.0
2021,4,2021_04_LV_LAC,away,False,0.003684632274218724,-101.0,0,0.49438619906021536,0.9900990099009901,-1.0
2021,4,2021_04_IND_MIA,home,True,0.0027332717473408704,-113.0,0,0.5200246645769652,0.8849557522123894,-1.0
2021,4,2021_04_CLE_MIN,away,True,0.009720096558596058,102.0,1,0.49242870372897185,1.02,1.02
2021,4,2021_04_TB_NE,away,True,0.0021174940801762074,-105.0,0,0.5021174940801763,0.9523809523809523,-1.0
2021,4,2021_04_NYG_NO,away,False,0.002404874360544301,-118.0,1,0.5308088028856167,0.847457627118644,0.847457627118644
2021,4,2021_04_TEN_NYJ,away,True,0.012137695544523333,-104.0,0,0.5098147072523843,0.9615384615384616,-1.0
2021,4,2021_04_KC_PHI,away,True,0.022291650075048727,101.0,1,0.507284329430832,1.01,1.01
2021,4,2021_04_SEA_SF,away,False,0.007114405270104414,-103.0,1,0.5024677810426057,0.970873786407767,0.970873786407767
2021,5,2021_05_SF_ARI,home,True,0.011413933543264372,-100.0,1,0.4997860265665202,1.0,1.0
2021,5,2021_05_NYJ_ATL,away,False,0.0005092749961010667,-107.0,0,0.5051558992235998,0.9345794392523364,-1.0
2021,5,2021_05_IND_BAL,away,False,0.02538602679249441,-105.0,1,0.5253860267924944,0.9523809523809523,0.9523809523809523
2021,5,2021_05_PHI_CAR,away,False,0.020421240033372548,104.0,1,0.49964015798392786,1.04,1.04
2021,5,2021_05_GB_CIN,away,True,0.0012135473090583242,-104.0,1,0.4988905590169193,0.9615384615384616,0.9615384615384616
2021,5,2021_05_NYG_DAL,home,True,0.0028237682885745657,102.0,1,0.4865769628851427,1.02,1.02
2021,5,2021_05_NE_HOU,away,True,0.0090778243278158,102.0,0,0.4928310189243839,1.02,-1.0
2021,5,2021_05_TEN_JAX,away,True,0.016195323621461852,-100.0,1,0.5045674166447177,1.0,1.0
2021,5,2021_05_BUF_KC,away,False,0.019083986277078,-101.0,1,0.5097855530630746,0.9900990099009901,0.9900990099009901
2021,5,2021_05_CLE_LAC,home,True,0.012460422661264556,-104.0,1,0.5101374343691255,0.9615384615384616,0.9615384615384616
2021,5,2021_05_CHI_LV,home,True,0.0074451383083119155,-108.0,0,0.5144166943596227,0.9259259259259259,-1.0
2021,5,2021_05_DET_MIN,away,False,0.014568676547004021,-110.0,1,0.5261965835237482,0.9090909090909091,0.9090909090909091
2021,5,2021_05_DEN_PIT,away,True,0.008563656681344671,-106.0,0,0.5108866449734837,0.9433962264150944,-1.0
2021,5,2021_05_LA_SEA,home,False,0.0058684218745736925,105.0,0,0.4818490300720174,1.05,-1.0
2021,5,2021_05_MIA_TB,away,False,0.0019252319537020083,-100.0,0,0.4902973249769579,1.0,-1.0
2021,5,2021_05_NO_WAS,away,True,0.018864558271439902,-106.0,1,0.5211875465635789,0.9433962264150944,0.9433962264150944
2021,6,2021_06_LAC_BAL,away,False,0.035819756087155125,106.0,0,0.5105867685717692,1.06,-1.0
2021,6,2021_06_MIN_CAR,away,True,0.014608748872816978,-110.0,1,0.5262366558495611,0.9090909090909091,0.9090909090909091
2021,6,2021_06_GB_CHI,home,False,0.004790875848971357,-104.0,0,0.5024678875568324,0.9615384615384616,-1.0
2021,6,2021_06_ARI_CLE,home,True,0.02083922591299925,106.0,0,0.4946176635358105,1.06,-1.0
2021,6,2021_06_LV_DEN,away,False,0.005801224971136398,-111.0,1,0.5197493026473015,0.9009009009009009,0.9009009009009009
2021,6,2021_06_CIN_DET,home,False,0.0032498681271654253,-100.0,0,0.4916219611504213,1.0,-1.0
2021,6,2021_06_HOU_IND,home,True,0.01289943232440479,106.0,1,0.486677869947216,1.06,1.06
2021,6,2021_06_MIA_JAX,away,True,0.0004944321601019347,104.0,0,0.47869727913519095,1.04,-1.0
2021,6,2021_06_DAL_NE,away,True,0.03708531329035977,-108.0,1,0.5440568693416705,0.9259259259259259,0.9259259259259259
2021,6,2021_06_LA_NYG,away,True,0.021650965308927995,107.0,1,0.4932470367838555,1.07,1.07
2021,6,2021_06_TB_PHI,away,True,0.017568135609716023,103.0,0,0.4980135579077718,1.03,-1.0
2021,6,2021_06_SEA_PIT,away,False,0.02038792242937106,-104.0,1,0.5180649341372321,0.9615384615384616,0.9615384615384616
2021,6,2021_06_BUF_TEN,home,False,0.012391949942696606,-108.0,1,0.5193635059940074,0.9259259259259259,0.9259259259259259
2021,6,2021_06_KC_WAS,away,True,0.00904994575006392,-105.0,1,0.5090499457500639,0.9523809523809523,0.9523809523809523
2021,7,2021_07_HOU_ARI,away,False,0.0034936632592952595,-111.0,0,0.5161957417812352,0.9009009009009009,-1.0
2021,7,2021_07_CIN_BAL,away,False,0.019617653123972345,-109.0,1,0.5289160863379757,0.9174311926605505,0.9174311926605505
2021,7,2021_07_DEN_CLE,away,False,0.01807008094503222,-107.0,0,0.522716705172531,0.9345794392523364,-1.0
2021,7,2021_07_WAS_GB,away,False,0.023538614397472655,-105.0,0,0.5235386143974726,0.9523809523809523,-1.0
2021,7,2021_07_DET_LA,away,False,0.012492795135473717,-116.0,1,0.5365121869380299,0.8620689655172413,0.8620689655172413
2021,7,2021_07_PHI_LV,home,True,0.016798233798417255,-101.0,1,0.5074998005844139,0.9900990099009901,0.9900990099009901
2021,7,2021_07_ATL_MIA,home,False,0.01343115596020359,103.0,0,0.49490677701854585,1.03,-1.0
2021,7,2021_07_NYJ_NE,away,False,0.00785938582693414,-108.0,0,0.5148309418782449,0.9259259259259259,-1.0
2021,7,2021_07_CAR_NYG,away,True,0.0021183633309277555,-103.0,0,0.49747173910342907,0.970873786407767,-1.0
2021,7,2021_07_NO_SEA,away,True,0.005317114050346602,-104.0,0,0.5029941257582076,0.9615384615384616,-1.0
2021,7,2021_07_IND_SF,home,True,0.012503894788219831,106.0,0,0.4862823324110311,1.06,-1.0
2021,7,2021_07_CHI_TB,home,True,0.019873476846731408,103.0,1,0.5003188991447871,1.03,1.03
2021,7,2021_07_KC_TEN,away,True,0.005785130491522933,-110.0,0,0.5174130374682672,0.9090909090909091,-1.0
2021,8,2021_08_GB_ARI,away,False,0.011758072070818361,-104.0,1,0.5094350837786794,0.9615384615384616,0.9615384615384616
2021,8,2021_08_CAR_ATL,away,False,0.0033315637329727585,-109.0,1,0.5126299969469761,0.9174311926605505,0.9174311926605505
2021,8,2021_08_MIA_BUF,away,False,0.01751832538606105,-108.0,1,0.5244898814373717,0.9259259259259259,0.9259259259259259
2021,8,2021_08_SF_CHI,home,False,0.013978392416303607,-107.0,0,0.5186250166438023,0.9345794392523364,-1.0
2021,8,2021_08_PIT_CLE,away,False,0.006122406346686654,-108.0,1,0.5130939623979974,0.9259259259259259,0.9259259259259259
2021,8,2021_08_WAS_DEN,away,False,0.03146657965210367,-108.0,0,0.5384381357034144,0.9259259259259259,-1.0
2021,8,2021_08_PHI_DET,home,False,0.022429362375241194,105.0,0,0.4984099705726849,1.05,-1.0
2021,8,2021_08_LA_HOU,away,True,0.015711388865223056,107.0,0,0.48730746034015054,1.07,-1.0
2021,8,2021_08_TEN_IND,away,False,0.018799960641810085,-102.0,1,0.5118284045904995,0.9803921568627451,0.9803921568627451
2021,8,2021_08_NYG_KC,away,False,0.00457531459056506,-107.0,1,0.5092219388180638,0.9345794392523364,0.9345794392523364
2021,8,2021_08_NE_LAC,away,False,0.010188044592000494,-101.0,1,0.5008896113779971,0.9900990099009901,0.9900990099009901
2021,8,2021_08_DAL_MIN,away,False,0.009943324390150781,-109.0,1,0.5192417576041541,0.9174311926605505,0.9174311926605505
2021,8,2021_08_TB_NO,home,False,0.007079313648368634,-109.0,1,0.516377746862372,0.9174311926605505,0.9174311926605505
2021,8,2021_08_CIN_NYJ,home,False,0.025423988470932923,-105.0,1,0.525423988470933,0.9523809523809523,0.9523809523809523
2021,8,2021_08_JAX_SEA,away,False,0.04305491078455198,-105.0,0,0.5430549107845519,0.9523809523809523,-1.0
2021,9,2021_09_MIN_BAL,away,False,0.007280376928001936,-117.0,1,0.5335019393051907,0.8547008547008547,0.8547008547008547
2021,9,2021_09_NE_CAR,away,True,0.013119442479541348,-101.0,1,0.503821009265538,0.9900990099009901,0.9900990099009901
2021,9,2021_09_CLE_CIN,away,False,0.008774597914072063,-105.0,1,0.5087745979140721,0.9523809523809523,0.9523809523809523
2021,9,2021_09_DEN_DAL,home,True,0.0007575402020563587,-103.0,0,0.4961109159745577,0.970873786407767,-1.0
2021,9,2021_09_NYJ_IND,away,False,0.005924378767958909,-108.0,0,0.5128959348192696,0.9259259259259259,-1.0
2021,9,2021_09_BUF_JAX,home,False,0.023252594669929322,109.0,1,0.4905423142960975,1.09,1.09
2021,9,2021_09_GB_KC,away,False,0.004431443659815298,-107.0,1,0.5078911724170807,0.9345794392523364,0.9345794392523364
2021,9,2021_09_TEN_LA,away,False,0.004012210231295215,103.0,1,0.484457632529351,1.03,1.03
2021,9,2021_09_HOU_MIA,away,False,0.011240278535510833,-112.0,0,0.5262475991797274,0.8928571428571429,-1.0
2021,9,2021_09_ATL_NO,home,True,0.001136988582981202,106.0,0,0.47491542620579247,1.06,-1.0
2021,9,2021_09_LV_NYG,away,True,0.003698311875115784,-102.0,0,0.49672675582380516,0.9803921568627451,-1.0
2021,9,2021_09_LAC_PHI,away,True,0.03711389169699486,-101.0,1,0.5267260800626459,0.9900990099009901,0.9900990099009901
2021,9,2021_09_CHI_PIT,home,True,0.00764824199273531,-101.0,0,0.4983498087787319,0.9900990099009901,-1.0
2021,9,2021_09_ARI_SF,home,True,0.014396956463574683,-105.0,0,0.5143969564635746,0.9523809523809523,-1.0
2021,10,2021_10_CAR_ARI,away,False,0.04828819594013525,-103.0,1,0.5436415717126366,0.970873786407767,0.970873786407767
2021,10,2021_10_ATL_DAL,away,False,0.0029708617401032807,-105.0,0,0.5029708617401033,0.9523809523809523,-1.0
2021,10,2021_10_PHI_DEN,away,False,0.017326553005495692,-108.0,1,0.5242981090568064,0.9259259259259259,0.9259259259259259
2021,10,2021_10_SEA_GB,home,True,0.0004024153709861977,-115.0,1,0.5221995683958972,0.8695652173913043,0.8695652173913043
2021,10,2021_10_JAX_IND,away,False,0.004401146576012393,-115.0,1,0.5261982996009235,0.8695652173913043,0.8695652173913043
2021,10,2021_10_MIN_LAC,away,False,0.011375744427065128,111.0,1,0.4735231756748632,1.11,1.11
2021,10,2021_10_KC_LV,home,False,0.001592835355168562,111.0,0,0.46374026660296663,1.11,-1.0
2021,10,2021_10_BAL_MIA,away,True,0.010387905407010128,-106.0,0,0.5127108936991492,0.9433962264150944,-1.0
2021,10,2021_10_CLE_NE,away,False,0.00432196289581346,-104.0,0,0.5019989746036745,0.9615384615384616,-1.0
2021,10,2021_10_BUF_NYJ,away,True,0.011914271287899542,101.0,1,0.49796619361173455,1.01,1.01
2021,10,2021_10_DET_PIT,away,False,0.014635072426495071,-121.0,1,0.5494698440535211,0.8264462809917356,0.8264462809917356
2021,10,2021_10_LA_SF,away,True,0.01357560261804885,-100.0,0,0.5019476956413047,1.0,-1.0
2021,10,2021_10_NO_TEN,away,False,0.0030788000232196185,-114.0,1,0.5226333777251637,0.8771929824561403,0.8771929824561403
2021,10,2021_10_TB_WAS,home,False,0.0281222435965099,-117.0,1,0.5543438059736987,0.8547008547008547,0.8547008547008547
2021,11,2021_11_NE_ATL,away,True,0.0002004951225048346,-111.0,1,0.5141485727986699,0.9009009009009009,0.9009009009009009
2021,11,2021_11_IND_BUF,away,False,0.0137303705393909,-116.0,1,0.537749762341947,0.8620689655172413,0.8620689655172413
2021,11,2021_11_WAS_CAR,home,True,0.00778615186183012,103.0,0,0.4882315741598859,1.03,-1.0
2021,11,2021_11_BAL_CHI,away,True,0.009230449227580286,-103.0,0,0.5045838250000816,0.970873786407767,-1.0
2021,11,2021_11_DET_CLE,home,True,0.008890942490512983,-104.0,0,0.506567954198374,0.9615384615384616,-1.0
2021,11,2021_11_SF_JAX,away,True,0.006648557753107592,-106.0,1,0.5089715460452466,0.9433962264150944,0.9433962264150944
2021,11,2021_11_DAL_KC,away,False,0.022243623375168917,-101.0,0,0.51185581174082,0.9900990099009901,-1.0
2021,11,2021_11_PIT_LAC,away,False,0.0068117576881556174,103.0,1,0.4872571799862114,1.03,1.03
2021,11,2021_11_CIN_LV,home,False,0.004225235962351556,105.0,0,0.4812080423960731,1.05,-1.0
2021,11,2021_11_GB_MIN,home,False,0.009753276459329462,-105.0,1,0.5097532764593294,0.9523809523809523,0.9523809523809523
2021,11,2021_11_MIA_NYJ,home,False,4.322572451480599e-05,-107.0,0,0.5046898499520135,0.9345794392523364,-1.0
2021,11,2021_11_NO_PHI,away,False,0.01967569858839982,106.0,0,0.49345413621121104,1.06,-1.0
2021,11,2021_11_ARI_SEA,away,False,0.03573690786828223,111.0,1,0.4987964381340199,1.11,1.11
2021,11,2021_11_NYG_TB,away,False,0.008046503326987874,-113.0,0,0.5253378961566122,0.8849557522123894,-1.0
2021,11,2021_11_HOU_TEN,away,False,0.020296783979861552,-110.0,1,0.5319246909566058,0.9090909090909091,0.9090909090909091
2021,12,2021_12_CLE_BAL,home,True,0.0035655464334132135,-102.0,1,0.4943996435919834,0.9803921568627451,0.9803921568627451
2021,12,2021_12_PIT_CIN,away,False,0.030107908101218543,-111.0,0,0.5428099866231585,0.9009009009009009,-1.0
2021,12,2021_12_LV_DAL,away,False,0.02854487822037889,-106.0,1,0.5296980147517442,0.9433962264150944,0.9433962264150944
2021,12,2021_12_LAC_DEN,home,False,0.007571909101304291,103.0,1,0.48801733139936004,1.03,1.03
2021,12,2021_12_CHI_DET,home,False,0.024589968043076962,-104.0,0,0.5211302392858115,0.9615384615384616,-1.0
2021,12,2021_12_LA_GB,away,True,0.022801932688127816,-100.0,0,0.5111740257113837,1.0,-1.0
2021,12,2021_12_NYJ_HOU,home,True,0.011763940162713206,111.0,0,0.4730109544119513,1.11,-1.0
2021,12,2021_12_TB_IND,away,True,0.011523386682141855,101.0,1,0.49651606603792514,1.01,1.01
2021,12,2021_12_ATL_JAX,away,True,0.02212064408926596,-102.0,1,0.5151490880379553,0.9803921568627451,0.9803921568627451
2021,12,2021_12_CAR_MIA,home,False,0.02404379910109834,-101.0,1,0.5136559874667493,0.9900990099009901,0.9900990099009901
2021,12,2021_12_TEN_NE,away,False,0.002885155237610609,-118.0,0,0.5300821709398749,0.847457627118644,-1.0
2021,12,2021_12_BUF_NO,away,True,0.008744866968865016,100.0,1,0.49498339907895683,1.0,1.0
2021,12,2021_12_PHI_NYG,away,True,0.0027893975164530044,100.0,0,0.49116149053970887,1.0,-1.0
2021,12,2021_12_MIN_SF,away,False,0.01754065637289453,-108.0,0,0.5245122124242052,0.9259259259259259,-1.0
2021,12,2021_12_SEA_WAS,home,False,0.015579233940440076,108.0,1,0.4831259886159076,1.08,1.08
2021,13,2021_13_TB_ATL,away,True,0.0018237002610893753,-103.0,1,0.4960564214939029,0.970873786407767,0.970873786407767
2021,13,2021_13_NE_BUF,away,False,0.024022190811063198,-116.0,1,0.5468217666329084,0.8620689655172413,0.8620689655172413
2021,13,2021_13_ARI_CHI,away,True,0.014675033963656896,-116.0,1,0.5374746097855021,0.8620689655172413,0.8620689655172413
2021,13,2021_13_LAC_CIN,away,False,0.024981426234297874,104.0,1,0.5021818504124527,1.04,1.04
2021,13,2021_13_MIN_DET,home,False,0.01353808326018706,-107.0,1,0.5169978120174524,0.9345794392523364,0.9345794392523364
2021,13,2021_13_IND_HOU,away,True,0.004359298481457707,-105.0,1,0.5032061619500924,0.9523809523809523,0.9523809523809523
2021,13,2021_13_DEN_KC,away,False,0.022124413954330673,-106.0,0,0.5232775504856959,0.9433962264150944,-1.0
2021,13,2021_13_JAX_LA,home,True,0.006035842928911522,-108.0,1,0.5118031216960981,0.9259259259259259,0.9259259259259259
2021,13,2021_13_WAS_LV,away,False,0.015840057890262094,108.0,1,0.48338681256572963,1.08,1.08
2021,13,2021_13_NYG_MIA,away,False,0.016735030638207013,108.0,0,0.4852188466518356,1.08,-1.0
2021,13,2021_13_DAL_NO,home,False,0.008765698679612069,100.0,0,0.4971377917028679,1.0,-1.0
2021,13,2021_13_PHI_NYJ,home,False,0.003037242381135019,-113.0,0,0.5203286352107593,0.8849557522123894,-1.0
2021,13,2021_13_BAL_PIT,home,False,0.012513106571880171,-107.0,1,0.5159728353291456,0.9345794392523364,0.9345794392523364
2021,13,2021_13_SF_SEA,away,True,0.013828794240872851,108.0,0,0.48231261025450145,1.08,-1.0
2021,14,2021_14_LA_ARI,home,True,0.0010483138232595,-116.0,0,0.5238478896451048,0.8620689655172413,-1.0
2021,14,2021_14_ATL_CAR,away,False,0.020327573825039715,-104.0,1,0.5168678450677743,0.9615384615384616,0.9615384615384616
2021,14,2021_14_SF_CIN,home,False,0.00199600301656892,-108.0,0,0.5077632817837554,0.9259259259259259,-1.0
2021,14,2021_14_BAL_CLE,away,False,0.002256596715618539,-104.0,1,0.4987968679583531,0.9615384615384616,0.9615384615384616
2021,14,2021_14_DET_DEN,home,True,0.030561088209374615,-102.0,1,0.5224846621432864,0.9803921568627451,0.9803921568627451
2021,14,2021_14_CHI_GB,away,False,0.013554844195646516,-102.0,0,0.5054784181295583,0.9803921568627451,-1.0
2021,14,2021_14_SEA_HOU,away,True,0.015564465525373935,104.0,1,0.4927648897035288,1.04,1.04
2021,14,2021_14_LV_KC,away,False,0.01961171163539238,-108.0,0,0.525378990402579,0.9259259259259259,-1.0
2021,14,2021_14_NYG_LAC,home,True,0.0017280177285803554,106.0,1,0.47453100202631615,1.06,1.06
2021,14,2021_14_PIT_MIN,away,False,0.00031515492047633485,-117.0,0,0.525323363303972,0.8547008547008547,-1.0
2021,14,2021_14_NO_NYJ,away,True,0.04012478054806946,103.0,1,0.5205702028461252,1.03,1.03
2021,14,2021_14_BUF_TB,away,False,0.02956539776962797,-106.0,0,0.5307185343009932,0.9433962264150944,-1.0
2021,14,2021_14_JAX_TEN,away,False,0.02481930957737991,-108.0,0,0.5305865883445664,0.9259259259259259,-1.0
2021,14,2021_14_DAL_WAS,home,False,0.003792862448669248,103.0,0,0.48322200728086906,1.03,-1.0
2021,15,2021_15_GB_BAL,away,True,0.0013703416842527488,104.0,0,0.4785707658624076,1.04,-1.0
2021,15,2021_15_CAR_BUF,away,False,0.05661744591255521,102.0,0,0.5382956668543036,1.02,-1.0
2021,15,2021_15_MIN_CHI,home,False,0.016224908694956814,102.0,0,0.49790312963670524,1.02,-1.0
2021,15,2021_15_LV_CLE,away,True,0.03558220949675647,-102.0,0,0.5275057834306682,0.9803921568627451,-1.0
2021,15,2021_15_CIN_DEN,away,False,0.012615742282579794,-110.0,1,0.5230035539169289,0.9090909090909091,0.9090909090909091
2021,15,2021_15_ARI_DET,home,False,0.014087350157370658,-109.0,1,0.5221637762234588,0.9174311926605505,0.9174311926605505
2021,15,2021_15_NE_IND,away,True,0.0027596697809289528,-101.0,0,0.49237185814657997,0.9900990099009901,-1.0
2021,15,2021_15_HOU_JAX,away,False,0.006948597750654955,-111.0,1,0.5184107040273043,0.9009009009009009,0.9009009009009009
2021,15,2021_15_SEA_LA,away,False,0.0029647175437414685,-120.0,0,0.5344809015301129,0.8333333333333334,-1.0
2021,15,2021_15_KC_LAC,home,False,0.027843279225583783,105.0,0,0.5028350708420881,1.05,-1.0
2021,15,2021_15_NYJ_MIA,away,False,0.026876091311307512,-114.0,1,0.545197870369559,0.8771929824561403,0.8771929824561403
2021,15,2021_15_DAL_NYG,home,False,0.012350775883034067,108.0,0,0.48083459189666267,1.08,-1.0
2021,15,2021_15_WAS_PHI,away,False,0.028417477659533213,-101.0,1,0.5180296660251842,0.9900990099009901,0.9900990099009901
2021,15,2021_15_TEN_PIT,away,False,0.0032222179862424452,102.0,0,0.4849004389279909,1.02,-1.0
2021,15,2021_15_ATL_SF,away,False,0.004423624700850148,-114.0,0,0.5227454037591016,0.8771929824561403,-1.0
2021,15,2021_15_NO_TB,away,False,0.010127861153773475,-101.0,1,0.49974004951942447,0.9900990099009901,0.9900990099009901
2021,16,2021_16_IND_ARI,away,False,0.0033023596894187182,102.0,1,0.48498058063116717,1.02,1.02
2021,16,2021_16_DET_ATL,away,False,0.023052880029626504,-106.0,1,0.5242060165609917,0.9433962264150944,0.9433962264150944
2021,16,2021_16_TB_CAR,away,True,0.025620049210157477,105.0,1,0.5006118408266618,1.05,1.05
2021,16,2021_16_BAL_CIN,away,False,0.007537830375179007,-102.0,0,0.4994614043090908,0.9803921568627451,-1.0
2021,16,2021_16_WAS_DAL,home,True,0.010206296780837492,101.0,1,0.4941542212576966,1.01,1.01
2021,16,2021_16_CLE_GB,away,False,0.03851808482822949,101.0,1,0.5235107641840128,1.01,1.01
2021,16,2021_16_LAC_HOU,home,False,0.0017231783826018976,-114.0,1,0.5200449574408534,0.8771929824561403,0.8771929824561403
2021,16,2021_16_PIT_KC,home,True,0.010448415290386889,102.0,1,0.4921266362321353,1.02,1.02
2021,16,2021_16_DEN_LV,away,True,0.01903645457270546,-101.0,0,0.5086486429383564,0.9900990099009901,-1.0
2021,16,2021_16_LA_MIN,away,True,0.017745955038020816,-103.0,1,0.5119786762708344,0.970873786407767,0.970873786407767
2021,16,2021_16_BUF_NE,home,True,0.00487508008100771,-105.0,0,0.5037219435496424,0.9523809523809523,-1.0
2021,16,2021_16_MIA_NO,home,False,0.0025059492993693058,-101.0,0,0.4921181376650203,0.9900990099009901,-1.0
2021,16,2021_16_JAX_NYJ,away,False,0.01664840862431468,-111.0,0,0.5293504871462547,0.9009009009009009,-1.0
2021,16,2021_16_NYG_PHI,away,False,0.023762457268539577,-108.0,0,0.5295297360357261,0.9259259259259259,-1.0
2021,16,2021_16_CHI_SEA,away,False,0.009758623463876334,-103.0,1,0.5039913446966898,0.970873786407767,0.970873786407767
2021,16,2021_16_SF_TEN,away,True,0.0074903805593388465,108.0,0,0.47597419657296747,1.08,-1.0
2021,17,2021_17_LA_BAL,home,False,0.008801976903603114,-101.0,1,0.49841416526925414,0.9900990099009901,0.9900990099009901
2021,17,2021_17_ATL_BUF,away,False,0.034340416772412306,-101.0,1,0.5228783104957629,0.9900990099009901,0.9900990099009901
2021,17,2021_17_NYG_CHI,away,False,0.0073475754100858935,-115.0,0,0.5291447284349969,0.8695652173913043,-1.0
2021,17,2021_17_KC_CIN,away,True,0.012937364795531661,-103.0,0,0.5071700860283452,0.970873786407767,-1.0
2021,17,2021_17_ARI_DAL,away,False,0.027987265400488504,-103.0,1,0.522219986633302,0.970873786407767,0.970873786407767
2021,17,2021_17_MIN_GB,home,True,0.03106237358826761,105.0,1,0.5070429817857113,1.05,1.05
2021,17,2021_17_LV_IND,away,False,0.025012934358977792,100.0,1,0.5112514664690696,1.0,1.0
2021,17,2021_17_DEN_LAC,away,False,0.0019082935837897994,-117.0,0,0.5269165019672855,0.8547008547008547,-1.0
2021,17,2021_17_JAX_NE,away,False,0.048517522821140885,-109.0,0,0.556593948887229,0.9174311926605505,-1.0
2021,17,2021_17_CAR_NO,away,False,0.004785215557202632,-110.0,0,0.5151730271915518,0.9090909090909091,-1.0
2021,17,2021_17_TB_NYJ,away,True,0.019309083821612016,-101.0,0,0.508921272187263,0.9900990099009901,-1.0
2021,17,2021_17_CLE_PIT,home,False,0.00759198093474509,-101.0,1,0.4972041693003961,0.9900990099009901,0.9900990099009901
2021,17,2021_17_DET_SEA,away,False,0.020658260290722236,103.0,0,0.501103682588778,1.03,-1.0
2021,17,2021_17_HOU_SF,away,False,0.02780897862118835,-113.0,0,0.5438610541443292,0.8849557522123894,-1.0
2021,17,2021_17_MIA_TEN,away,False,0.018771474592748798,106.0,0,0.4915744588904846,1.06,-1.0
2021,17,2021_17_PHI_WAS,home,False,0.01997795603602646,-115.0,1,0.5405488112038267,0.8695652173913043,0.8695652173913043
2021,18,2021_18_SEA_ARI,away,False,0.0010862572573004936,-110.0,1,0.5010862572573005,0.9090909090909091,0.9090909090909091
2021,18,2021_18_NO_ATL,home,False,0.023870249311022267,-100.0,0,0.5111681707890823,1.0,-1.0
2021,18,2021_18_PIT_BAL,away,False,0.030212715215916928,-110.0,1,0.530212715215917,0.9090909090909091,0.9090909090909091
2021,18,2021_18_NYJ_BUF,away,False,0.022979535084417156,-110.0,0,0.5229795350844172,0.9090909090909091,-1.0
2021,18,2021_18_CIN_CLE,away,False,0.0009865996212777505,-110.0,1,0.5009865996212778,0.9090909090909091,0.9090909090909091
2021,18,2021_18_KC_DEN,away,True,0.029906468341711432,-110.0,0,0.5299064683417114,0.9090909090909091,-1.0
2021,18,2021_18_GB_DET,home,False,0.019884279078225375,-110.0,1,0.5198842790782254,0.9090909090909091,0.9090909090909091
2021,18,2021_18_TEN_HOU,home,False,0.02101212131066055,-115.0,1,0.5318463574970094,0.8695652173913043,0.8695652173913043
2021,18,2021_18_IND_JAX,home,False,0.004253338338641993,-110.0,1,0.5042533383386419,0.9090909090909091,0.9090909090909091
2021,18,2021_18_SF_LA,away,False,0.02127473635032373,-105.0,1,0.5104405001639749,0.9523809523809523,0.9523809523809523
2021,18,2021_18_LAC_LV,home,False,0.001469131520790523,-110.0,1,0.5014691315207905,0.9090909090909091,0.9090909090909091
2021,18,2021_18_NE_MIA,away,True,0.025926570282410785,-110.0,0,0.5259265702824107,0.9090909090909091,-1.0
2021,18,2021_18_CHI_MIN,away,False,0.03329651682497467,-110.0,0,0.5332965168249747,0.9090909090909091,-1.0
2021,18,2021_18_WAS_NYG,away,True,0.06047301531972306,-102.0,1,0.5523965892536349,0.9803921568627451,0.9803921568627451
2021,18,2021_18_DAL_PHI,away,True,0.026422796637032807,-110.0,1,0.5264227966370328,0.9090909090909091,0.9090909090909091
2021,18,2021_18_CAR_TB,away,False,0.03682011848125641,-110.0,0,0.5368201184812564,0.9090909090909091,-1.0
2022,1,2022_01_KC_ARI,home,False,0.011139271340798243,-104.0,0,0.5076795425835328,0.9615384615384616,-1.0
2022,1,2022_01_NO_ATL,home,False,0.011089525723966414,-107.0,1,0.5157361499514651,0.9345794392523364,0.9345794392523364
2022,1,2022_01_CLE_CAR,home,True,0.02154475124967399,102.0,0,0.5052979458462421,1.02,-1.0
2022,1,2022_01_SF_CHI,home,False,0.005726600582214597,-111.0,1,0.5184286791041546,0.9009009009009009,0.9009009009009009
2022,1,2022_01_PIT_CIN,away,False,0.027113683554222293,-119.0,1,0.5564799397594961,0.8403361344537815,0.8403361344537815
2022,1,2022_01_TB_DAL,home,False,0.017657349467018676,-102.0,0,0.5106857934157081,0.9803921568627451,-1.0
2022,1,2022_01_PHI_DET,home,False,0.01790643869619741,-100.0,1,0.5062785317194533,1.0,1.0
2022,1,2022_01_IND_HOU,home,False,0.011972058198447948,-107.0,1,0.5166186824259467,0.9345794392523364,0.9345794392523364
2022,1,2022_01_BUF_LA,away,True,0.008703298713913399,-112.0,1,0.52371061935813,0.8928571428571429,0.8928571428571429
2022,1,2022_01_LV_LAC,away,False,0.003720450488442772,-106.0,0,0.5060434387805818,0.9433962264150944,-1.0
2022,1,2022_01_NE_MIA,away,False,0.027973328700327604,-104.0,0,0.5256503404081886,0.9615384615384616,-1.0
2022,1,2022_01_GB_MIN,home,True,0.005483659006459918,105.0,1,0.4814642672039036,1.05,1.05
2022,1,2022_01_BAL_NYJ,away,True,0.0101037153784062,-103.0,1,0.5054570911509075,0.970873786407767,0.970873786407767
2022,1,2022_01_DEN_SEA,home,False,0.015936727263399054,-103.0,1,0.5112901030359004,0.970873786407767,0.970873786407767
2022,1,2022_01_NYG_TEN,away,False,0.022578479201676514,-108.0,1,0.5295500352529873,0.9259259259259259,0.9259259259259259
2022,1,2022_01_JAX_WAS,away,False,0.03225636699490299,-101.0,0,0.521868555360554,0.9900990099009901,-1.0
2022,2,2022_02_MIA_BAL,away,False,0.006450865279549528,103.0,1,0.4868962875776053,1.03,1.03
2022,2,2022_02_TEN_BUF,away,False,0.001952180195406905,-115.0,0,0.5237493332203179,0.8695652173913043,-1.0
2022,2,2022_02_NYJ_CLE,home,True,0.018427625152191457,100.0,0,0.5057255466302515,1.0,-1.0
2022,2,2022_02_CIN_DAL,home,False,0.0037812123826080953,-122.0,1,0.5395403089949042,0.819672131147541,0.819672131147541
2022,2,2022_02_HOU_DEN,home,True,0.009765522684799204,103.0,0,0.49021094498285495,1.03,-1.0
2022,2,2022_02_WAS_DET,home,False,0.0075117842270974585,-103.0,1,0.5028651599995988,0.970873786407767,0.970873786407767
2022,2,2022_02_CHI_GB,away,False,0.011245541447606422,-111.0,0,0.5239476199695463,0.9009009009009009,-1.0
2022,2,2022_02_IND_JAX,away,True,0.00973808790252717,-107.0,0,0.5143847121300259,0.9345794392523364,-1.0
2022,2,2022_02_LAC_KC,away,False,0.002358047562291904,-113.0,1,0.5196494403919162,0.8849557522123894,0.8849557522123894
2022,2,2022_02_ATL_LA,home,True,0.012833719719055727,103.0,0,0.49430934077739797,1.03,-1.0
2022,2,2022_02_ARI_LV,away,False,0.00758301196097677,-110.0,1,0.519210918937721,0.9090909090909091,0.9090909090909091
2022,2,2022_02_TB_NO,away,True,0.0010674968551177,-109.0,1,0.5091439229212058,0.9174311926605505,0.9174311926605505
2022,2,2022_02_CAR_NYG,away,True,0.02120103745699769,-106.0,0,0.5235240257491367,0.9433962264150944,-1.0
2022,2,2022_02_MIN_PHI,away,False,0.03520410025631899,106.0,0,0.5089825378791303,1.06,-1.0
2022,2,2022_02_NE_PIT,away,True,0.01858116376507432,-102.0,1,0.5105047376989861,0.9803921568627451,0.9803921568627451
2022,2,2022_02_SEA_SF,away,False,0.00920996169762156,-113.0,0,0.5265013545272459,0.8849557522123894,-1.0
2022,3,2022_03_LA_ARI,away,True,0.008216941306031813,104.0,1,0.4864197882811208,1.04,1.04
2022,3,2022_03_NO_CAR,away,True,0.0024758504114551797,-102.0,0,0.494399424345367,0.9803921568627451,-1.0
2022,3,2022_03_HOU_CHI,away,False,0.015450501612203692,-107.0,1,0.5200971258397025,0.9345794392523364,0.9345794392523364
2022,3,2022_03_PIT_CLE,away,False,0.00728888209609178,-111.0,0,0.5212369597722568,0.9009009009009009,-1.0
2022,3,2022_03_SF_DEN,away,True,0.006270669212942581,-102.0,0,0.49929911316163195,0.9803921568627451,-1.0
2022,3,2022_03_KC_IND,away,True,0.02636251008134666,103.0,0,0.5068079323794025,1.03,-1.0
2022,3,2022_03_JAX_LAC,away,False,0.01778209245629976,-106.0,1,0.5201050807484389,0.9433962264150944,0.9433962264150944
2022,3,2022_03_BUF_MIA,away,True,0.022245345597249874,-104.0,0,0.5199223573051108,0.9615384615384616,-1.0
2022,3,2022_03_DET_MIN,away,False,0.01630053845916435,-101.0,1,0.5059127268248154,0.9900990099009901,0.9900990099009901
2022,3,2022_03_BAL_NE,away,True,0.02308126299558219,-114.0,1,0.5438623450450268,0.8771929824561403,0.8771929824561403
2022,3,2022_03_DAL_NYG,home,True,0.007655126310183563,-113.0,0,0.5261795052518414,0.8849557522123894,-1.0
2022,3,2022_03_CIN_NYJ,away,True,0.03782108920116183,104.0,1,0.5160239361762509,1.04,1.04
2022,3,2022_03_ATL_SEA,home,True,0.006463472179094434,102.0,0,0.49021666677566256,1.02,-1.0
2022,3,2022_03_GB_TB,away,False,0.038668616768287964,105.0,1,0.5156514232020095,1.05,1.05
2022,3,2022_03_LV_TEN,away,True,0.011648842121856073,-113.0,0,0.5301732210635139,0.8849557522123894,-1.0
2022,3,2022_03_PHI_WAS,away,True,0.00026068107340171116,102.0,1,0.48401387566996984,1.02,1.02
2022,4,2022_04_CLE_ATL,away,True,0.02488096232566576,-101.0,0,0.5155825291116624,0.9900990099009901,-1.0
2022,4,2022_04_BUF_BAL,away,True,0.007270251145523431,-117.0,1,0.5334918135227121,0.8547008547008547,0.8547008547008547
2022,4,2022_04_ARI_CAR,away,False,0.023904516743359746,-104.0,1,0.5215815284512207,0.9615384615384616,0.9615384615384616
2022,4,2022_04_MIA_CIN,away,False,0.026442147578775742,-107.0,0,0.5310887718062745,0.9345794392523364,-1.0
2022,4,2022_04_WAS_DAL,home,True,0.00308403644065747,-101.0,1,0.4926962248063085,0.9900990099009901,0.9900990099009901
2022,4,2022_04_SEA_DET,away,False,0.017825883110536997,103.0,1,0.49930150416887925,1.03,1.03
2022,4,2022_04_NE_GB,away,False,0.0017028097677733666,-120.0,1,0.5344130901416051,0.8333333333333334,0.8333333333333334
2022,4,2022_04_LAC_HOU,home,False,0.006018404427553722,-104.0,0,0.5036954161354147,0.9615384615384616,-1.0
2022,4,2022_04_TEN_IND,away,False,0.018725412621877928,-105.0,1,0.5187254126218779,0.9523809523809523,0.9523809523809523
2022,4,2022_04_DEN_LV,away,False,0.025005090550815255,-101.0,0,0.5157066573368119,0.9900990099009901,-1.0
2022,4,2022_04_MIN_NO,home,False,0.005490705808590978,-107.0,1,0.5101373300360897,0.9345794392523364,0.9345794392523364
2022,4,2022_04_CHI_NYG,home,True,0.011139193628660135,109.0,1,0.47842891325482834,1.09,1.09
2022,4,2022_04_JAX_PHI,away,False,0.01760895276744802,-109.0,0,0.5256853788335362,0.9174311926605505,-1.0
2022,4,2022_04_NYJ_PIT,home,True,0.002699256669936073,-108.0,0,0.5096708127212468,0.9259259259259259,-1.0
2022,4,2022_04_LA_SF,away,False,0.03729357819257037,106.0,0,0.5120605906771845,1.06,-1.0
2022,4,2022_04_KC_TB,away,False,0.028525569496249927,107.0,1,0.5001216409711774,1.07,1.07
2022,5,2022_05_PHI_ARI,home,False,0.012199214283489539,-111.0,1,0.5261472919596546,0.9009009009009009,0.9009009009009009
2022,5,2022_05_CIN_BAL,away,False,0.022458682064393703,103.0,1,0.5029041043624495,1.03,1.03
2022,5,2022_05_PIT_BUF,away,False,0.0189966097234519,-108.0,0,0.5259681657747626,0.9259259259259259,-1.0
2022,5,2022_05_SF_CAR,away,True,0.0009672757184643193,-102.0,1,0.4928908496523761,0.9803921568627451,0.9803921568627451
2022,5,2022_05_LAC_CLE,away,True,0.019387737000865234,-106.0,1,0.5217107252930043,0.9433962264150944,0.9433962264150944
2022,5,2022_05_IND_DEN,away,False,0.01203194051794751,-114.0,1,0.5328130225673922,0.8771929824561403,0.8771929824561403
2022,5,2022_05_NYG_GB,away,False,0.010751332906684776,104.0,1,0.4889541798817738,1.04,1.04
2022,5,2022_05_HOU_JAX,away,False,0.0211694030322325,-113.0,1,0.5384607958618568,0.8849557522123894,0.8849557522123894
2022,5,2022_05_LV_KC,away,False,0.016080333412460446,-125.0,1,0.5580650662368879,0.8,0.8
2022,5,2022_05_DAL_LA,home,True,0.005916410494119187,102.0,0,0.4896696050906873,1.02,-1.0
2022,5,2022_05_CHI_MIN,away,False,0.007132063210116873,-116.0,1,0.531151455012673,0.8620689655172413,0.8620689655172413
2022,5,2022_05_DET_NE,home,True,0.008925474357516033,102.0,1,0.4916340815278918,1.02,1.02
2022,5,2022_05_SEA_NO,away,False,0.0029919477700505403,-106.0,0,0.5053149360621896,0.9433962264150944,-1.0
2022,5,2022_05_MIA_NYJ,home,False,0.0049896685320403,100.0,1,0.49336176155529615,1.0,1.0
2022,5,2022_05_ATL_TB,away,False,0.008353097810683118,-113.0,1,0.5256444906403075,0.8849557522123894,0.8849557522123894
2022,5,2022_05_TEN_WAS,away,True,0.02511210762894596,-102.0,1,0.5181405515776354,0.9803921568627451,0.9803921568627451
2022,6,2022_06_SF_ATL,away,True,0.019784452971098588,-100.0,0,0.5081565459943544,1.0,-1.0
2022,6,2022_06_WAS_CHI,away,True,0.01922693682236476,-112.0,1,0.5354737422257967,0.8928571428571429,0.8928571428571429
2022,6,2022_06_NE_CLE,away,False,0.018198084892890917,101.0,1,0.5042500072167259,1.01,1.01
2022,6,2022_06_NYJ_GB,home,True,0.021106667965612457,-109.0,0,0.5304051011796158,0.9174311926605505,-1.0
2022,6,2022_06_JAX_IND,away,False,0.011076277142531293,103.0,0,0.49152169944058705,1.03,-1.0
2022,6,2022_06_BUF_KC,away,True,0.0022742414111499684,-116.0,1,0.5262936332137061,0.8620689655172413,0.8620689655172413
2022,6,2022_06_CAR_LA,away,False,0.01945672655879717,-112.0,0,0.5357035319622291,0.8928571428571429,-1.0
2022,6,2022_06_DEN_LAC,away,False,0.023438845537807423,-103.0,1,0.5187922213103088,0.970873786407767,0.970873786407767
2022,6,2022_06_MIN_MIA,home,False,0.005562505956249763,109.0,0,0.47285222558241796,1.09,-1.0
2022,6,2022_06_CIN_NO,away,True,0.007267734760279919,-110.0,1,0.5188956417370241,0.9090909090909091,0.9090909090909091
2022,6,2022_06_BAL_NYG,away,True,0.007222127378882503,-107.0,0,0.5118687516063812,0.9345794392523364,-1.0
2022,6,2022_06_DAL_PHI,away,False,0.032622993741346105,109.0,0,0.4999127133675143,1.09,-1.0
2022,6,2022_06_TB_PIT,home,False,0.008537240761083136,-113.0,1,0.5270616197027409,0.8849557522123894,0.8849557522123894
2022,6,2022_06_ARI_SEA,away,True,0.013031595912128706,-106.0,0,0.5153545842042677,0.9433962264150944,-1.0
2022,7,2022_07_NO_ARI,away,False,0.011771574781560412,-101.0,0,0.5024731415675571,0.9900990099009901,-1.0
2022,7,2022_07_CLE_BAL,away,False,0.006539994698993436,100.0,1,0.49491208772224926,1.0,1.0
2022,7,2022_07_TB_CAR,home,False,0.030914774823920087,-107.0,1,0.5355613990514189,0.9345794392523364,0.9345794392523364
2022,7,2022_07_ATL_CIN,away,False,0.019225508296754953,-100.0,0,0.5075976013200107,1.0,-1.0
2022,7,2022_07_DET_DAL,home,True,0.014383981962001864,102.0,1,0.49813717655857,1.02,1.02
2022,7,2022_07_NYJ_DEN,away,True,0.01911379352252373,-106.0,1,0.5214367818146628,0.9433962264150944,0.9433962264150944
2022,7,2022_07_NYG_JAX,away,False,0.006308024765310002,102.0,1,0.49006121936187813,1.02,1.02
2022,7,2022_07_SEA_LAC,away,False,0.017562432723631654,-111.0,1,0.5315105103997967,0.9009009009009009,0.9009009009009009
2022,7,2022_07_HOU_LV,away,False,0.025618545398004712,104.0,0,0.5038213923730938,1.04,-1.0
2022,7,2022_07_PIT_MIA,away,False,0.005501086340991623,-119.0,1,0.5360678358908502,0.8403361344537815,0.8403361344537815
2022,7,2022_07_CHI_NE,home,True,0.00452505096756032,-100.0,0,0.4928971439908162,1.0,-1.0
2022,7,2022_07_KC_SF,away,True,0.015340422572914588,102.0,1,0.4990936171694827,1.02,1.02
2022,7,2022_07_IND_TEN,away,False,0.02768460086229885,-102.0,0,0.5207130448109882,0.9803921568627451,-1.0
2022,7,2022_07_GB_WAS,away,True,0.013792032647562085,-102.0,0,0.5068204765962515,0.9803921568627451,-1.0
2022,8,2022_08_CAR_ATL,home,True,0.008252464875080048,-100.0,0,0.49662455789833587,1.0,-1.0
2022,8,2022_08_GB_BUF,away,False,0.005419181502963565,-110.0,1,0.5170470884797078,0.9090909090909091,0.9090909090909091
2022,8,2022_08_CIN_CLE,home,False,0.003747734892457538,102.0,1,0.4875009294890257,1.02,1.02
2022,8,2022_08_CHI_DAL,away,False,0.021950930844686998,-121.0,0,0.55559797973789,0.8264462809917356,-1.0
2022,8,2022_08_MIA_DET,home,False,0.010143473727859011,102.0,0,0.49389666832442713,1.02,-1.0
2022,8,2022_08_TEN_HOU,away,True,0.019491155497952516,-107.0,1,0.5241377797254513,0.9345794392523364,0.9345794392523364
2022,8,2022_08_WAS_IND,away,False,0.00611685622933562,-114.0,1,0.5256714339312798,0.8771929824561403,0.8771929824561403
2022,8,2022_08_DEN_JAX,away,False,0.0155412621599327,-112.0,1,0.5305485828041493,0.8928571428571429,0.8928571428571429
2022,8,2022_08_SF_LA,away,True,0.011595797656517004,103.0,1,0.4920412199545728,1.03,1.03
2022,8,2022_08_ARI_MIN,away,False,0.006895264596059541,-105.0,0,0.5068952645960595,0.9523809523809523,-1.0
2022,8,2022_08_LV_NO,away,True,0.011853128433202798,-111.0,0,0.5258012061093678,0.9009009009009009,-1.0
2022,8,2022_08_NE_NYJ,away,True,0.027468734314960563,-103.0,1,0.5228221100874619,0.970873786407767,0.970873786407767
2022,8,2022_08_PIT_PHI,away,False,0.02873592474914067,102.0,0,0.5124891193457088,1.02,-1.0
2022,8,2022_08_NYG_SEA,away,False,0.00955894347629295,-100.0,0,0.4979310364995488,1.0,-1.0
2022,8,2022_08_BAL_TB,away,False,0.013126712420818306,-104.0,1,0.5108037241286792,0.9615384615384616,0.9615384615384616
2022,9,2022_09_SEA_ARI,away,False,0.00435698900243322,102.0,1,0.487065596172809,1.02,1.02
2022,9,2022_09_LAC_ATL,home,False,0.02832775629122985,103.0,0,0.5087731785892856,1.03,-1.0
2022,9,2022_09_MIA_CHI,away,True,0.0024370883387313993,-103.0,0,0.49779046411123273,0.970873786407767,-1.0
2022,9,2022_09_CAR_CIN,away,False,0.028529173503043095,-100.0,0,0.516901266526299,1.0,-1.0
2022,9,2022_09_GB_DET,away,True,0.007929504658483072,-107.0,0,0.5125761288859818,0.9345794392523364,-1.0
2022,9,2022_09_PHI_HOU,home,False,0.05683850402880735,-113.0,1,0.5741298968584316,0.8849557522123894,0.8849557522123894
2022,9,2022_09_LV_JAX,away,True,0.0172572689729959,-102.0,0,0.5102857129216853,0.9803921568627451,-1.0
2022,9,2022_09_TEN_KC,away,False,0.01900994808103823,-107.0,1,0.5236565723085369,0.9345794392523364,0.9345794392523364
2022,9,2022_09_IND_NE,home,True,0.003968094454578427,104.0,1,0.48217094142966743,1.04,1.04
2022,9,2022_09_BAL_NO,home,False,0.015059012528269666,106.0,0,0.48883745015108093,1.06,-1.0
2022,9,2022_09_BUF_NYJ,away,True,0.011172754168529114,103.0,0,0.4916181764665849,1.03,-1.0
2022,9,2022_09_LA_TB,away,False,0.03471488008173434,-104.0,1,0.5323918917895953,0.9615384615384616,0.9615384615384616
2022,9,2022_09_MIN_WAS,home,False,0.0014899893544272373,108.0,0,0.4709232398045687,1.08,-1.0
2022,10,2022_10_MIN_BUF,away,False,0.01934062976980019,-104.0,1,0.5170176414776612,0.9615384615384616,0.9615384615384616
2022,10,2022_10_ATL_CAR,away,True,0.005348420194317374,-103.0,0,0.5007017959668187,0.970873786407767,-1.0
2022,10,2022_10_DET_CHI,away,False,0.027377222916609264,-105.0,1,0.5273772229166093,0.9523809523809523,0.9523809523809523
2022,10,2022_10_DAL_GB,home,False,0.018033550716676082,102.0,1,0.5007421578870519,1.02,1.02
2022,10,2022_10_JAX_KC,away,False,0.017498928126845125,-120.0,1,0.5502092085006769,0.8333333333333334,0.8333333333333334
2022,10,2022_10_ARI_LA,away,False,0.009320519520057451,-110.0,1,0.5184864223614873,0.9090909090909091,0.9090909090909091
2022,10,2022_10_IND_LV,away,False,0.013242246816304098,-112.0,1,0.5282495674605208,0.8928571428571429,0.8928571428571429
2022,10,2022_10_CLE_MIA,away,False,0.03123136507152842,112.0,0,0.49220374807136297,1.12,-1.0
2022,10,2022_10_HOU_NYG,away,False,0.04300976565415787,-112.0,0,0.5592565710575899,0.8928571428571429,-1.0
2022,10,2022_10_WAS_PHI,home,True,0.0214947496332783,-103.0,0,0.5168481254057796,0.970873786407767,-1.0
2022,10,2022_10_NO_PIT,away,False,0.007802733568384553,-103.0,0,0.5031561093408858,0.970873786407767,-1.0
2022,10,2022_10_LAC_SF,away,False,0.01136300193496782,-105.0,1,0.5113630019349679,0.9523809523809523,0.9523809523809523
2022,10,2022_10_SEA_TB,away,False,0.0055324995813751995,103.0,0,0.48597792187943095,1.03,-1.0
2022,10,2022_10_DEN_TEN,away,False,0.027287137545907208,-105.0,0,0.5272871375459072,0.9523809523809523,-1.0
2022,11,2022_11_SF_ARI,home,False,0.0010673076902732725,-113.0,0,0.5195916866319311,0.8849557522123894,-1.0
2022,11,2022_11_CHI_ATL,home,True,0.008387631611370133,110.0,0,0.472628534999074,1.1,-1.0
2022,11,2022_11_CAR_BAL,home,True,0.004151812933435309,106.0,0,0.47793025055624655,1.06,-1.0
2022,11,2022_11_CLE_BUF,away,False,0.013092364460746577,-103.0,0,0.5073250856935602,0.970873786407767,-1.0
2022,11,2022_11_LV_DEN,away,False,0.02810079752809119,106.0,1,0.5018792351509024,1.06,1.06
2022,11,2022_11_TEN_GB,away,False,0.00012089807867374235,106.0,1,0.47389933570148496,1.06,1.06
2022,11,2022_11_WAS_HOU,home,False,0.010358520949997063,-110.0,0,0.5219864279267412,0.9090909090909091,-1.0
2022,11,2022_11_PHI_IND,away,True,0.0023160534096178294,-108.0,0,0.5092876094609285,0.9259259259259259,-1.0
2022,11,2022_11_KC_LAC,home,False,0.015364223730637066,-108.0,1,0.5223357797819478,0.9259259259259259,0.9259259259259259
2022,11,2022_11_DAL_MIN,home,False,0.01098674250687616,104.0,0,0.48918958948196517,1.04,-1.0
2022,11,2022_11_NYJ_NE,away,False,0.00021024732537210932,-109.0,0,0.5082866733914603,0.9174311926605505,-1.0
2022,11,2022_11_LA_NO,home,True,0.010875324212567962,104.0,1,0.489078171187657,1.04,1.04
2022,11,2022_11_DET_NYG,home,True,0.013682255226536438,-107.0,0,0.5171419839838018,0.9345794392523364,-1.0
2022,11,2022_11_CIN_PIT,away,True,0.008794006238176826,101.0,1,0.4948459285620118,1.01,1.01
2022,12,2022_12_LAC_ARI,away,True,0.010153837024680194,-108.0,0,0.5171253930759909,0.9259259259259259,-1.0
2022,12,2022_12_DEN_CAR,away,True,0.015913576709619837,-109.0,0,0.5252120099236232,0.9174311926605505,-1.0
2022,12,2022_12_TB_CLE,home,False,0.009801491066300296,107.0,1,0.4813975625412278,1.07,1.07
2022,12,2022_12_NYG_DAL,away,False,0.010137173738873755,-114.0,1,0.5309182557883184,0.8771929824561403,0.8771929824561403
2022,12,2022_12_BUF_DET,home,False,0.011346352475443898,-116.0,1,0.5353657442780001,0.8620689655172413,0.8620689655172413
2022,12,2022_12_PIT_IND,away,False,0.012700662734517087,-110.0,1,0.5243285697112613,0.9090909090909091,0.9090909090909091
2022,12,2022_12_BAL_JAX,away,True,0.002142728987478179,111.0,0,0.46429016023527625,1.11,-1.0
2022,12,2022_12_LA_KC,away,False,0.024793986528479344,-115.0,1,0.5478111800947577,0.8695652173913043,0.8695652173913043
2022,12,2022_12_HOU_MIA,away,False,0.009418858656255419,-101.0,0,0.5001204254422521,0.9900990099009901,-1.0
2022,12,2022_12_NE_MIN,away,False,0.022631542695032984,-102.0,0,0.5156599866437224,0.9803921568627451,-1.0
2022,12,2022_12_CHI_NYJ,away,False,0.021690573510086464,-107.0,0,0.5263371977375852,0.9345794392523364,-1.0
2022,12,2022_12_GB_PHI,away,False,0.019725487899646593,-105.0,0,0.5197254878996466,0.9523809523809523,-1.0
2022,12,2022_12_LV_SEA,away,False,0.014895668532127452,-107.0,1,0.5195422927596262,0.9345794392523364,0.9345794392523364
2022,12,2022_12_NO_SF,away,False,0.006293285655587299,-113.0,0,0.5248176645972451,0.8849557522123894,-1.0
2022,12,2022_12_CIN_TEN,away,True,0.03059262446388226,102.0,1,0.513301231634258,1.02,1.02
2022,12,2022_12_ATL_WAS,away,False,0.003406027285512003,-110.0,0,0.5150339342622562,0.9090909090909091,-1.0
2022,13,2022_13_PIT_ATL,away,True,0.005117833540956396,-105.0,1,0.5051178335409564,0.9523809523809523,0.9523809523809523
2022,13,2022_13_DEN_BAL,home,True,0.045975445975772945,112.0,0,0.5060477430510276,1.12,-1.0
2022,13,2022_13_GB_CHI,away,True,0.0467590081976857,105.0,1,0.5227396163951294,1.05,1.05
2022,13,2022_13_KC_CIN,home,False,0.0001861507317681199,-102.0,1,0.49321459468045753,0.9803921568627451,0.9803921568627451
2022,13,2022_13_IND_DAL,home,True,0.0069432607821875705,-101.0,1,0.4976448275681842,0.9900990099009901,0.9900990099009901
2022,13,2022_13_JAX_DET,away,False,0.00722110670594315,-100.0,0,0.495593199729199,1.0,-1.0
2022,13,2022_13_CLE_HOU,home,False,0.0021593292150367425,-102.0,0,0.49518777316372614,0.9803921568627451,-1.0
2022,13,2022_13_SEA_LA,away,True,0.0061904131313154885,107.0,0,0.47778648460624296,1.07,-1.0
2022,13,2022_13_LAC_LV,away,False,0.004842876813405841,-102.0,0,0.4967664507473176,0.9803921568627451,-1.0
2022,13,2022_13_NYJ_MIN,home,True,0.017045739950009187,106.0,1,0.49082417757282043,1.06,1.06
2022,13,2022_13_BUF_NE,home,False,0.014448911613805925,-105.0,0,0.5144489116138059,0.9523809523809523,-1.0
2022,13,2022_13_WAS_NYG,away,True,0.025930050882575342,105.0,0,0.5019106590800191,1.05,-1.0
2022,13,2022_13_TEN_PHI,away,False,0.0035395222104757425,-109.0,0,0.5128379554244791,0.9174311926605505,-1.0
2022,13,2022_13_MIA_SF,away,False,0.028545762638757934,101.0,0,0.514597684962593,1.01,-1.0
2022,13,2022_13_NO_TB,away,False,0.02437534760104306,-105.0,1,0.5243753476010431,0.9523809523809523,0.9523809523809523
2022,14,2022_14_NE_ARI,away,True,0.0065356653324559,-104.0,1,0.5042126770403169,0.9615384615384616,0.9615384615384616
2022,14,2022_14_NYJ_BUF,away,False,0.008140917740933905,-108.0,1,0.5151124737922447,0.9259259259259259,0.9259259259259259
2022,14,2022_14_CLE_CIN,away,False,0.0012525170586923373,-108.0,0,0.5082240731100031,0.9259259259259259,-1.0
2022,14,2022_14_HOU_DAL,away,False,0.04744002962237166,104.0,1,0.5256428765974607,1.04,1.04
2022,14,2022_14_KC_DEN,away,True,0.01251120197627914,-108.0,0,0.5182784807434657,0.9259259259259259,-1.0
2022,14,2022_14_MIN_DET,home,True,0.00464308064859632,-102.0,1,0.4976715245972857,0.9803921568627451,0.9803921568627451
2022,14,2022_14_LV_LA,home,False,0.010934272645283438,101.0,1,0.49592695200106673,1.01,1.01
2022,14,2022_14_MIA_LAC,home,False,0.02097288906012615,102.0,1,0.503681496230502,1.02,1.02
2022,14,2022_14_PHI_NYG,away,True,0.011244754539282056,104.0,1,0.48944760151437106,1.04,1.04
2022,14,2022_14_BAL_PIT,home,True,0.007465228046291783,-109.0,0,0.5167636612602952,0.9174311926605505,-1.0
2022,14,2022_14_CAR_SEA,away,False,0.025680267541609306,106.0,1,0.49945870516442054,1.06,1.06
2022,14,2022_14_TB_SF,away,False,0.023061542447746664,-107.0,0,0.5277081666752454,0.9345794392523364,-1.0
2022,14,2022_14_JAX_TEN,away,False,0.03325289246844649,106.0,1,0.5070313300912578,1.06,1.06
2022,15,2022_15_MIA_BUF,home,True,0.0007170391800540243,-106.0,0,0.5030400274721931,0.9433962264150944,-1.0
2022,15,2022_15_PIT_CAR,away,False,0.023610453048696547,-100.0,1,0.5119825460719524,1.0,1.0
2022,15,2022_15_PHI_CHI,home,False,0.025184654972024805,-106.0,1,0.5275076432641639,0.9433962264150944,0.9433962264150944
2022,15,2022_15_BAL_CLE,home,True,0.009942329754585803,-125.0,1,0.5519270625790133,0.8,0.8
2022,15,2022_15_ARI_DEN,away,False,0.022028747000753253,-104.0,0,0.5197057587086142,0.9615384615384616,-1.0
2022,15,2022_15_LA_GB,away,False,0.0012524266215109435,-111.0,0,0.5152005042976759,0.9009009009009009,-1.0
2022,15,2022_15_KC_HOU,home,False,0.011835307404521671,-120.0,1,0.5445455877783534,0.8333333333333334,0.8333333333333334
2022,15,2022_15_DAL_JAX,away,True,0.014108641155491732,100.0,0,0.5024807341787476,1.0,-1.0
2022,15,2022_15_TEN_LAC,away,False,0.011799778225734197,-108.0,1,0.5187713342770449,0.9259259259259259,0.9259259259259259
2022,15,2022_15_NE_LV,away,False,0.04673300696838574,111.0,0,0.5097925372341234,1.11,-1.0
2022,15,2022_15_IND_MIN,away,False,0.014670464265072366,-103.0,1,0.5100238400375737,0.970873786407767,0.970873786407767
2022,15,2022_15_ATL_NO,home,True,0.006330924587492381,-113.0,0,0.5248553035291502,0.8849557522123894,-1.0
2022,15,2022_15_DET_NYJ,away,False,0.028104483806578696,-100.0,1,0.5164765768298345,1.0,1.0
2022,15,2022_15_SF_SEA,home,False,0.010909546505595004,104.0,0,0.489112393480684,1.04,-1.0
2022,15,2022_15_CIN_TB,away,True,0.011360844831227375,108.0,1,0.479844660844856,1.08,1.08
2022,15,2022_15_NYG_WAS,away,False,0.01728705740134117,-114.0,1,0.5368416351032853,0.8771929824561403,0.8771929824561403
2022,16,2022_16_TB_ARI,away,True,0.0035424037680318265,102.0,0,0.4862510109384076,1.02,-1.0
2022,16,2022_16_ATL_BAL,away,False,0.0013094516382562314,-108.0,0,0.508281007689567,0.9259259259259259,-1.0
2022,16,2022_16_DET_CAR,away,True,0.02255599534923645,101.0,0,0.5086079176730715,1.01,-1.0
2022,16,2022_16_BUF_CHI,home,False,0.0004811663793676229,-100.0,0,0.4888532594026235,1.0,-1.0
2022,16,2022_16_NO_CLE,away,False,0.04414051091755068,111.0,1,0.5062879421653488,1.11,1.11
2022,16,2022_16_PHI_DAL,home,True,0.014087785158544324,-106.0,1,0.5164107734506834,0.9433962264150944,0.9433962264150944
2022,16,2022_16_LAC_IND,away,True,0.01097966433150056,-102.0,1,0.5040081082801899,0.9803921568627451,0.9803921568627451
2022,16,2022_16_SEA_KC,home,True,0.014637779457764212,-103.0,1,0.5099911552302655,0.970873786407767,0.970873786407767
2022,16,2022_16_DEN_LA,home,False,0.019763058465455455,105.0,1,0.49574366666289915,1.05,1.05
2022,16,2022_16_GB_MIA,away,False,0.014607105682681275,-107.0,1,0.51925372991018,0.9345794392523364,0.9345794392523364
2022,16,2022_16_NYG_MIN,away,False,0.01912610742368141,-102.0,1,0.5121545513723708,0.9803921568627451,0.9803921568627451
2022,16,2022_16_CIN_NE,away,True,0.005188202851419357,100.0,1,0.4935602958746752,1.0,1.0
2022,16,2022_16_JAX_NYJ,away,False,0.007683290624406782,-104.0,1,0.5053603023322678,0.9615384615384616,0.9615384615384616
2022,16,2022_16_LV_PIT,home,True,0.009471588991913292,-102.0,1,0.5025000329406026,0.9803921568627451,0.9803921568627451
2022,16,2022_16_WAS_SF,away,False,0.0013716079825266013,-107.0,0,0.5060182322100253,0.9345794392523364,-1.0
2022,16,2022_16_HOU_TEN,away,False,0.04715305881110003,103.0,1,0.5286286798694423,1.03,1.03
2022,17,2022_17_ARI_ATL,home,True,7.681517119373648e-05,108.0,0,0.4695100656213352,1.08,-1.0
2022,17,2022_17_PIT_BAL,away,False,0.041676615613590845,102.0,1,0.5243852227839666,1.02,1.02
2022,17,2022_17_CHI_DET,away,False,0.005379200845298876,-105.0,0,0.5053792008452989,0.9523809523809523,-1.0
2022,17,2022_17_MIN_GB,away,False,0.016476645911567264,106.0,0,0.4902550835343785,1.06,-1.0
2022,17,2022_17_JAX_HOU,home,False,0.021363226289180852,-106.0,0,0.5236862145813199,0.9433962264150944,-1.0
2022,17,2022_17_DEN_KC,home,True,0.0029435742567293557,104.0,0,0.4821624922072847,1.04,-1.0
2022,17,2022_17_LA_LAC,away,False,0.01235084857274009,-102.0,0,0.5053792925214294,0.9803921568627451,-1.0
2022,17,2022_17_SF_LV,home,False,0.0015497627340498475,-107.0,1,0.5061963869615486,0.9345794392523364,0.9345794392523364
2022,17,2022_17_MIA_NE,home,True,0.00044299136028302374,-104.0,0,0.498120003068144,0.9615384615384616,-1.0
2022,17,2022_17_IND_NYG,away,False,0.019699093867707594,-105.0,0,0.5196990938677076,0.9523809523809523,-1.0
2022,17,2022_17_NO_PHI,away,False,0.02827654689394685,-110.0,1,0.5399044538706911,0.9090909090909091,0.9090909090909091
2022,17,2022_17_NYJ_SEA,home,False,0.0036985160770910516,-105.0,1,0.503698516077091,0.9523809523809523,0.9523809523809523
2022,17,2022_17_CAR_TB,home,True,0.011644622373317317,-100.0,1,0.5000167153965732,1.0,1.0
2022,17,2022_17_DAL_TEN,away,True,0.0024239543884509687,-100.0,1,0.4907960474117068,1.0,1.0
2022,17,2022_17_CLE_WAS,away,False,0.027985084634131515,-101.0,1,0.5175972729997825,0.9900990099009901,0.9900990099009901
2022,18,2022_18_TB_ATL,home,True,0.0025744081370027093,100.0,1,0.49094650116025856,1.0,1.0
2022,18,2022_18_NE_BUF,away,False,0.010183503377059007,104.0,0,0.48838635035214806,1.04,-1.0
2022,18,2022_18_MIN_CHI,away,True,0.009148641249013365,-104.0,1,0.5068256529568743,0.9615384615384616,0.9615384615384616
2022,18,2022_18_BAL_CIN,home,True,0.013933450430378674,-116.0,0,0.5379528422329348,0.8620689655172413,-1.0
2022,18,2022_18_LAC_DEN,away,False,0.02283324456309559,-104.0,1,0.5205102562709566,0.9615384615384616,0.9615384615384616
2022,18,2022_18_DET_GB,away,False,0.009050468854890813,-110.0,1,0.520678375831635,0.9090909090909091,0.9090909090909091
2022,18,2022_18_HOU_IND,away,False,0.0234124175155549,-119.0,1,0.5539791670654134,0.8403361344537815,0.8403361344537815
2022,18,2022_18_TEN_JAX,home,True,0.017081692935466047,-104.0,0,0.5147587046433271,0.9615384615384616,-1.0
2022,18,2022_18_KC_LV,home,False,0.0024156958904185287,-105.0,0,0.5024156958904186,0.9523809523809523,-1.0
2022,18,2022_18_NYJ_MIA,away,False,0.022611344930891633,-103.0,0,0.517964720703393,0.970873786407767,-1.0
2022,18,2022_18_CAR_NO,away,False,0.011182701800484151,-114.0,1,0.5307372795024283,0.8771929824561403,0.8771929824561403
2022,18,2022_18_NYG_PHI,away,False,0.03710870291537789,-103.0,1,0.5324620786878792,0.970873786407767,0.970873786407767
2022,18,2022_18_CLE_PIT,away,False,0.02530274589252917,-101.0,0,0.5160043126785258,0.9900990099009901,-1.0
2022,18,2022_18_LA_SEA,home,True,0.004988095474945139,102.0,0,0.4887412900715133,1.02,-1.0
2022,18,2022_18_ARI_SF,away,False,0.02958002553776639,100.0,0,0.5168779470158265,1.0,-1.0
2022,18,2022_18_DAL_WAS,away,True,0.03483309579386793,-100.0,0,0.5232051888171237,1.0,-1.0
2023,1,2023_01_CAR_ATL,away,False,0.00026176512768605884,-108.0,0,0.4959320110577172,0.9259259259259259,-1.0
2023,1,2023_01_HOU_BAL,away,False,0.028576463004940263,-110.0,0,0.5285764630049402,0.9090909090909091,-1.0
2023,1,2023_01_GB_CHI,away,False,0.01561991594740792,-110.0,1,0.515619915947408,0.9090909090909091,0.9090909090909091
2023,1,2023_01_CIN_CLE,away,True,0.02301258529547472,-105.0,0,0.5121783491091259,0.9523809523809523,-1.0
2023,1,2023_01_LV_DEN,away,False,0.0353061591818081,-105.0,1,0.5244719229954592,0.9523809523809523,0.9523809523809523
2023,1,2023_01_JAX_IND,home,False,0.004532628161569996,-112.0,0,0.5088623822315388,0.8928571428571429,-1.0
2023,1,2023_01_DET_KC,away,False,0.019283817263415215,-110.0,1,0.5192838172634152,0.9090909090909091,0.9090909090909091
2023,1,2023_01_MIA_LAC,away,False,0.019539837111472877,-110.0,1,0.5195398371114729,0.9090909090909091,0.9090909090909091
2023,1,2023_01_TB_MIN,away,False,0.007780683423832668,-110.0,1,0.5077806834238326,0.9090909090909091,0.9090909090909091
2023,1,2023_01_PHI_NE,home,False,0.01613441919940688,-110.0,0,0.5161344191994068,0.9090909090909091,-1.0
2023,1,2023_01_TEN_NO,home,True,0.015307725251272457,-102.0,0,0.4979435995350022,0.9803921568627451,-1.0
2023,1,2023_01_DAL_NYG,away,True,0.00236335929198605,100.0,1,0.48062422885720346,1.0,1.0
2023,1,2023_01_BUF_NYJ,home,False,0.016284025016192614,-110.0,1,0.5162840250161926,0.9090909090909091,0.9090909090909091
2023,1,2023_01_SF_PIT,away,True,0.024440808912678205,-108.0,1,0.5201110548427094,0.9259259259259259,0.9259259259259259
2023,1,2023_01_LA_SEA,away,False,0.013781955677260892,-110.0,1,0.5137819556772609,0.9090909090909091,0.9090909090909091
2023,1,2023_01_ARI_WAS,away,False,0.011384331623636557,-108.0,1,0.5070545775536677,0.9259259259259259,0.9259259259259259
2023,2,2023_02_NYG_ARI,home,False,0.0055816875888858196,-110.0,1,0.5055816875888858,0.9090909090909091,0.9090909090909091
2023,2,2023_02_GB_ATL,home,True,0.01824208896716499,-105.0,0,0.5074078527808161,0.9523809523809523,-1.0
2023,2,2023_02_LV_BUF,away,False,0.015727915285722708,-110.0,0,0.5157279152857227,0.9090909090909091,-1.0
2023,2,2023_02_NO_CAR,away,True,0.01728932265206923,-118.0,1,0.5346534483683394,0.847457627118644,0.847457627118644
2023,2,2023_02_BAL_CIN,away,False,0.00581554042128038,-118.0,1,0.5231796661375505,0.847457627118644,0.847457627118644
2023,2,2023_02_NYJ_DAL,away,False,0.006897715043785546,-110.0,0,0.5068977150437856,0.9090909090909091,-1.0
2023,2,2023_02_WAS_DEN,away,False,0.002095440044229385,-110.0,1,0.5020954400442293,0.9090909090909091,0.9090909090909091
2023,2,2023_02_SEA_DET,away,False,0.004700289029148652,-110.0,1,0.5047002890291487,0.9090909090909091,0.9090909090909091
2023,2,2023_02_IND_HOU,away,True,0.009417688462503418,-105.0,1,0.4985834522761545,0.9523809523809523,0.9523809523809523
2023,2,2023_02_KC_JAX,home,False,0.006182318463782649,-118.0,0,0.5235464441800528,0.847457627118644,-1.0
2023,2,2023_02_SF_LA,home,False,0.01320599476402784,-115.0,1,0.5240402309503767,0.8695652173913043,0.8695652173913043
2023,2,2023_02_MIA_NE,away,True,0.010729217605185082,-112.0,1,0.5150589716751539,0.8928571428571429,0.8928571428571429
2023,2,2023_02_MIN_PHI,away,False,0.035026959168670956,-110.0,1,0.5350269591686709,0.9090909090909091,0.9090909090909091
2023,2,2023_02_CLE_PIT,home,False,0.0013838518831059965,-105.0,1,0.49054961569675715,0.9523809523809523,0.9523809523809523
2023,2,2023_02_CHI_TB,away,False,0.0025005199080539494,-110.0,0,0.502500519908054,0.9090909090909091,-1.0
2023,2,2023_02_LAC_TEN,away,True,0.0034116878237663794,-118.0,0,0.5207758135400364,0.847457627118644,-1.0
2023,3,2023_03_DAL_ARI,home,False,0.03227454451609931,-110.0,1,0.5322745445160993,0.9090909090909091,0.9090909090909091
2023,3,2023_03_IND_BAL,away,False,0.021120946387129136,-110.0,1,0.5211209463871291,0.9090909090909091,0.9090909090909091
2023,3,2023_03_LA_CIN,away,False,0.0024060003752802983,100.0,1,0.4806668699404977,1.0,1.0
2023,3,2023_03_TEN_CLE,away,False,0.032669821647068914,-110.0,0,0.5326698216470689,0.9090909090909091,-1.0
2023,3,2023_03_ATL_DET,away,False,0.016974362981926398,100.0,0,0.4952352325471438,1.0,-1.0
2023,3,2023_03_NO_GB,away,True,0.020963094294035554,-110.0,0,0.5209630942940355,0.9090909090909091,-1.0
2023,3,2023_03_HOU_JAX,home,True,0.010093046261515276,-110.0,0,0.5100930462615153,0.9090909090909091,-1.0
2023,3,2023_03_CHI_KC,away,False,0.01541587119500014,-110.0,0,0.5154158711950001,0.9090909090909091,-1.0
2023,3,2023_03_PIT_LV,home,True,0.005827278251953993,-110.0,0,0.505827278251954,0.9090909090909091,-1.0
2023,3,2023_03_DEN_MIA,away,False,0.0122402236223761,-110.0,0,0.5122402236223761,0.9090909090909091,-1.0
2023,3,2023_03_LAC_MIN,home,True,0.0010870902617751144,-105.0,0,0.49025285407542624,0.9523809523809523,-1.0
2023,3,2023_03_NE_NYJ,away,True,0.024100542949223862,-112.0,1,0.5284302970191926,0.8928571428571429,0.8928571428571429
2023,3,2023_03_CAR_SEA,home,True,0.018126790485168152,-110.0,1,0.5181267904851682,0.9090909090909091,0.9090909090909091
2023,3,2023_03_NYG_SF,away,False,0.013403854770532145,-105.0,0,0.5025696185841833,0.9523809523809523,-1.0
2023,3,2023_03_PHI_TB,home,False,0.0138035884093397,-110.0,0,0.5138035884093397,0.9090909090909091,-1.0
2023,3,2023_03_BUF_WAS,away,True,0.0009925366431998706,-115.0,1,0.5118267728295487,0.8695652173913043,0.8695652173913043
2023,4,2023_04_MIA_BUF,away,False,0.031241428857634916,100.0,0,0.5095022984228523,1.0,-1.0
2023,4,2023_04_MIN_CAR,away,True,0.017549850779179837,-112.0,1,0.5218796048491486,0.8928571428571429,0.8928571428571429
2023,4,2023_04_DEN_CHI,away,True,0.014373504223932325,-112.0,1,0.5187032582939012,0.8928571428571429,0.8928571428571429
2023,4,2023_04_BAL_CLE,away,True,0.0012509297042491317,-110.0,1,0.5012509297042491,0.9090909090909091,0.9090909090909091
2023,4,2023_04_NE_DAL,away,False,0.007281418315180371,-108.0,0,0.5029516642452115,0.9259259259259259,-1.0
2023,4,2023_04_DET_GB,away,True,0.0074930220047459304,-118.0,1,0.524857147721016,0.847457627118644,0.847457627118644
2023,4,2023_04_PIT_HOU,home,False,0.010439593213056125,-110.0,1,0.5104395932130561,0.9090909090909091,0.9090909090909091
2023,4,2023_04_LA_IND,away,True,0.002520491032695393,-110.0,1,0.5025204910326954,0.9090909090909091,0.9090909090909091
2023,4,2023_04_ATL_JAX,away,False,0.012600516290461916,-110.0,0,0.5126005162904619,0.9090909090909091,-1.0
2023,4,2023_04_LV_LAC,home,True,0.005520934861921531,-105.0,0,0.49468669867557263,0.9523809523809523,-1.0
2023,4,2023_04_TB_NO,away,False,0.015536116340568638,-110.0,1,0.5155361163405686,0.9090909090909091,0.9090909090909091
2023,4,2023_04_SEA_NYG,away,True,0.013813351355597324,-115.0,1,0.5246475875419462,0.8695652173913043,0.8695652173913043
2023,4,2023_04_KC_NYJ,away,True,0.0071486151263061735,-110.0,0,0.5071486151263062,0.9090909090909091,-1.0
2023,4,2023_04_WAS_PHI,away,False,0.021331305445856163,-110.0,1,0.5213313054458562,0.9090909090909091,0.9090909090909091
2023,4,2023_04_ARI_SF,away,False,0.022448231997425055,-108.0,0,0.5181184779274562,0.9259259259259259,-1.0
2023,4,2023_04_CIN_TEN,home,False,0.0011180814969233093,100.0,1,0.47937895106214073,1.0,1.0
2023,5,2023_05_CIN_ARI,home,False,0.009518124176129045,100.0,0,0.4877789937413465,1.0,-1.0
2023,5,2023_05_HOU_ATL,away,False,0.02276269812843381,-110.0,1,0.5227626981284338,0.9090909090909091,0.9090909090909091
2023,5,2023_05_JAX_BUF,away,False,0.02767718015935409,-110.0,1,0.527677180159354,0.9090909090909091,0.9090909090909091
2023,5,2023_05_NYJ_DEN,away,False,0.022616779511307722,-110.0,1,0.5226167795113077,0.9090909090909091,0.9090909090909091
2023,5,2023_05_CAR_DET,away,False,0.015540406304836744,-110.0,0,0.5155404063048368,0.9090909090909091,-1.0
2023,5,2023_05_TEN_IND,away,True,0.01568023854249112,-110.0,0,0.5156802385424911,0.9090909090909091,-1.0
2023,5,2023_05_PHI_LA,away,True,0.0001818524927970133,-110.0,1,0.500181852492797,0.9090909090909091,0.9090909090909091
2023,5,2023_05_GB_LV,home,True,0.005355558874221333,-110.0,1,0.5053555588742213,0.9090909090909091,0.9090909090909091
2023,5,2023_05_NYG_MIA,away,False,0.010164556547953,-110.0,0,0.510164556547953,0.9090909090909091,-1.0
2023,5,2023_05_KC_MIN,away,True,0.015680882902479615,-105.0,1,0.5048466467161308,0.9523809523809523,0.9523809523809523
2023,5,2023_05_NO_NE,away,False,0.030347287650072205,-110.0,1,0.5303472876500722,0.9090909090909091,0.9090909090909091
2023,5,2023_05_BAL_PIT,away,True,0.005897800962825794,-112.0,0,0.5102275550327946,0.8928571428571429,-1.0
2023,5,2023_05_DAL_SF,away,False,0.04550516496783611,-115.0,0,0.5563394011541849,0.8695652173913043,-1.0
2023,5,2023_05_CHI_WAS,away,False,0.0002244111987267927,-110.0,1,0.5002244111987267,0.9090909090909091,0.9090909090909091
2023,6,2023_06_WAS_ATL,away,False,0.01978811151067905,-108.0,1,0.5154583574407102,0.9259259259259259,0.9259259259259259
2023,6,2023_06_NYG_BUF,away,False,0.04877320606311658,-110.0,1,0.5487732060631165,0.9090909090909091,0.9090909090909091
2023,6,2023_06_MIN_CHI,away,True,0.0169794238307509,-115.0,1,0.5278136600170997,0.8695652173913043,0.8695652173913043
2023,6,2023_06_SEA_CIN,home,True,0.020255345738716745,-108.0,1,0.515925591668748,0.9259259259259259,0.9259259259259259
2023,6,2023_06_SF_CLE,home,False,0.011208307549812004,-105.0,1,0.5003740713634631,0.9523809523809523,0.9523809523809523
2023,6,2023_06_NO_HOU,away,True,0.011881050633984957,-110.0,0,0.5118810506339849,0.9090909090909091,-1.0
2023,6,2023_06_IND_JAX,away,False,0.003941238130487396,-110.0,0,0.5039412381304874,0.9090909090909091,-1.0
2023,6,2023_06_DEN_KC,away,False,0.017667241656394023,-108.0,0,0.5133374875864252,0.9259259259259259,-1.0
2023,6,2023_06_ARI_LA,away,False,0.012719104404576922,-105.0,0,0.5018848682182281,0.9523809523809523,-1.0
2023,6,2023_06_DAL_LAC,away,True,0.029997565676917012,-112.0,1,0.5343273197468859,0.8928571428571429,0.8928571428571429
2023,6,2023_06_NE_LV,away,False,0.027519504480833804,-118.0,0,0.544883630197104,0.847457627118644,-1.0
2023,6,2023_06_CAR_MIA,home,True,0.0052001819111778536,-110.0,1,0.5052001819111779,0.9090909090909091,0.9090909090909091
2023,6,2023_06_PHI_NYJ,away,True,0.029255613201772904,-115.0,0,0.5400898493881218,0.8695652173913043,-1.0
2023,6,2023_06_DET_TB,away,True,0.006019134509068563,-115.0,1,0.5168533706954174,0.8695652173913043,0.8695652173913043
2023,6,2023_06_BAL_TEN,home,False,0.0004253844407293872,-108.0,0,0.49609563037076054,0.9259259259259259,-1.0
2023,7,2023_07_DET_BAL,away,False,0.0071103696891157385,-105.0,0,0.49627613350276684,0.9523809523809523,-1.0
2023,7,2023_07_LV_CHI,away,True,0.0033866917539781324,-110.0,0,0.5033866917539781,0.9090909090909091,-1.0
2023,7,2023_07_GB_DEN,away,False,0.022522567761340456,-112.0,0,0.5268523218313093,0.8928571428571429,-1.0
2023,7,2023_07_CLE_IND,home,False,0.006616907677531208,-112.0,1,0.5109466617475,0.8928571428571429,0.8928571428571429
2023,7,2023_07_LAC_KC,away,False,0.030548819929955173,-105.0,0,0.5197145837436064,0.9523809523809523,-1.0
2023,7,2023_07_PIT_LA,away,False,0.0266815755851631,-118.0,1,0.5440457013014333,0.847457627118644,0.847457627118644
2023,7,2023_07_SF_MIN,home,False,0.010486403075227017,-115.0,1,0.5213206392615758,0.8695652173913043,0.8695652173913043
2023,7,2023_07_BUF_NE,home,False,0.04244919315884497,-110.0,1,0.542449193158845,0.9090909090909091,0.9090909090909091
2023,7,2023_07_JAX_NO,away,False,0.01027452672879095,-108.0,1,0.5059447726588221,0.9259259259259259,0.9259259259259259
2023,7,2023_07_WAS_NYG,home,False,0.0037398904730227777,-112.0,1,0.5080696445429916,0.8928571428571429,0.8928571428571429
2023,7,2023_07_MIA_PHI,away,False,0.013711493499758842,-112.0,0,0.5180412475697277,0.8928571428571429,-1.0
2023,7,2023_07_ARI_SEA,away,False,0.02328938811306336,-112.0,0,0.5276191421830322,0.8928571428571429,-1.0
2023,7,2023_07_ATL_TB,away,False,0.013226456743961739,-115.0,1,0.5240606929303105,0.8695652173913043,0.8695652173913043
2023,8,2023_08_BAL_ARI,home,False,0.04755520353082486,-110.0,1,0.5475552035308249,0.9090909090909091,0.9090909090909091
2023,8,2023_08_TB_BUF,away,False,0.008331166919512838,-112.0,1,0.5126609209894817,0.8928571428571429,0.8928571428571429
2023,8,2023_08_HOU_CAR,home,False,0.012219151305930969,-102.0,1,0.49485502558966077,0.9803921568627451,0.9803921568627451
2023,8,2023_08_LA_DAL,home,True,0.0010157486755482004,-115.0,1,0.511849984861897,0.8695652173913043,0.8695652173913043
2023,8,2023_08_KC_DEN,home,False,0.008884417664519438,-118.0,1,0.5262485433807895,0.847457627118644,0.847457627118644
2023,8,2023_08_LV_DET,away,False,0.0038390234978255273,-110.0,0,0.5038390234978255,0.9090909090909091,-1.0
2023,8,2023_08_MIN_GB,away,True,0.02644629758001996,-108.0,1,0.5221165435100511,0.9259259259259259,0.9259259259259259
2023,8,2023_08_NO_IND,home,False,0.00019189585962064437,-110.0,0,0.5001918958596206,0.9090909090909091,-1.0
2023,8,2023_08_CHI_LAC,away,False,0.010789587501823716,-108.0,0,0.5064598334318549,0.9259259259259259,-1.0
2023,8,2023_08_NE_MIA,home,True,0.012722006934228485,-110.0,1,0.5127220069342285,0.9090909090909091,0.9090909090909091
2023,8,2023_08_NYJ_NYG,home,False,0.004745532468411575,-105.0,0,0.4939112962820627,0.9523809523809523,-1.0
2023,8,2023_08_JAX_PIT,away,True,0.01389943959989953,-110.0,1,0.5138994395998995,0.9090909090909091,0.9090909090909091
2023,8,2023_08_CLE_SEA,away,False,0.008412529779566873,-110.0,1,0.5084125297795669,0.9090909090909091,0.9090909090909091
2023,8,2023_08_CIN_SF,away,False,0.013359660147072235,-105.0,1,0.5025254239607233,0.9523809523809523,0.9523809523809523
2023,8,2023_08_ATL_TEN,away,True,0.0395085368682018,-110.0,0,0.5395085368682018,0.9090909090909091,-1.0
2023,8,2023_08_PHI_WAS,home,False,0.005109954247723608,-110.0,0,0.5051099542477236,0.9090909090909091,-1.0
2023,9,2023_09_MIN_ATL,away,False,0.014363768625664757,-108.0,1,0.510034014555696,0.9259259259259259,0.9259259259259259
2023,9,2023_09_SEA_BAL,away,False,0.011102640224430138,-110.0,0,0.5111026402244301,0.9090909090909091,-1.0
2023,9,2023_09_IND_CAR,away,True,0.00995669516996473,-108.0,1,0.505626941099996,0.9259259259259259,0.9259259259259259
2023,9,2023_09_BUF_CIN,home,True,0.020357256717225797,-112.0,1,0.5246870107871946,0.8928571428571429,0.8928571428571429
2023,9,2023_09_ARI_CLE,home,True,0.023451108808527132,-108.0,1,0.5191213547385582,0.9259259259259259,0.9259259259259259
2023,9,2023_09_LA_GB,home,True,0.0014230785087546603,-112.0,1,0.5057528325787235,0.8928571428571429,0.8928571428571429
2023,9,2023_09_TB_HOU,away,False,0.02133256239599495,100.0,1,0.49959343196121236,1.0,1.0
2023,9,2023_09_MIA_KC,away,False,0.0025531774592988552,-112.0,0,0.5068829315292677,0.8928571428571429,-1.0
2023,9,2023_09_NYG_LV,home,True,0.022797854051702458,-110.0,1,0.5227978540517024,0.9090909090909091,0.9090909090909091
2023,9,2023_09_WAS_NE,away,False,0.027987231226754904,100.0,1,0.5062481007919724,1.0,1.0
2023,9,2023_09_CHI_NO,home,True,0.007899496046198311,-112.0,0,0.5122292501161672,0.8928571428571429,-1.0
2023,9,2023_09_LAC_NYJ,away,True,0.0010270442285572222,-118.0,1,0.5183911699448274,0.847457627118644,0.847457627118644
2023,9,2023_09_DAL_PHI,away,False,0.005278952184788993,-118.0,0,0.5226430779010591,0.847457627118644,-1.0
2023,9,2023_09_TEN_PIT,away,False,0.013736955341516493,-120.0,0,0.5354760857762991,0.8333333333333334,-1.0
2023,10,2023_10_ATL_ARI,away,True,0.004717152959621062,-110.0,0,0.504717152959621,0.9090909090909091,-1.0
2023,10,2023_10_CLE_BAL,away,False,0.0019204513410056188,-112.0,1,0.5062502054109744,0.8928571428571429,0.8928571428571429
2023,10,2023_10_DEN_BUF,away,False,0.0013882393635212375,-112.0,1,0.5057179934334901,0.8928571428571429,0.8928571428571429
2023,10,2023_10_CAR_CHI,away,False,0.040026282146195004,100.0,1,0.5182871517114124,1.0,1.0
2023,10,2023_10_HOU_CIN,home,True,0.009725949989813203,-110.0,0,0.5097259499898132,0.9090909090909091,-1.0
2023,10,2023_10_NYG_DAL,away,False,0.022380318602069998,-108.0,0,0.5180505645321012,0.9259259259259259,-1.0
2023,10,2023_10_SF_JAX,home,False,0.0321249253700372,-108.0,0,0.5277951713000684,0.9259259259259259,-1.0
2023,10,2023_10_DET_LAC,away,True,0.007890632509248758,-110.0,1,0.5078906325092487,0.9090909090909091,0.9090909090909091
2023,10,2023_10_NYJ_LV,away,True,0.026077612383159053,-108.0,0,0.5217478583131903,0.9259259259259259,-1.0
2023,10,2023_10_NO_MIN,away,True,0.02590567575358195,-105.0,0,0.5150714395672331,0.9523809523809523,-1.0
2023,10,2023_10_IND_NE,away,True,0.02063618871236059,-110.0,1,0.5206361887123606,0.9090909090909091,0.9090909090909091
2023,10,2023_10_GB_PIT,away,False,0.016233574995975768,100.0,0,0.4944944445611932,1.0,-1.0
2023,10,2023_10_WAS_SEA,away,False,0.007327839435983662,-110.0,1,0.5073278394359837,0.9090909090909091,0.9090909090909091
2023,10,2023_10_TEN_TB,away,False,0.01261361362408276,-105.0,0,0.5017793774377339,0.9523809523809523,-1.0
2023,11,2023_11_CIN_BAL,away,False,0.00869057259207282,-112.0,0,0.5130203266620417,0.8928571428571429,-1.0
2023,11,2023_11_NYJ_BUF,away,False,0.011422448965529164,-108.0,0,0.5070926948955603,0.9259259259259259,-1.0
2023,11,2023_11_DAL_CAR,away,True,0.0030128491921246445,-110.0,1,0.5030128491921246,0.9090909090909091,0.9090909090909091
2023,11,2023_11_PIT_CLE,away,False,0.03422160563433628,-105.0,0,0.5233873694479874,0.9523809523809523,-1.0
2023,11,2023_11_MIN_DEN,away,False,0.027586904902808983,-102.0,1,0.5102227791865388,0.9803921568627451,0.9803921568627451
2023,11,2023_11_CHI_DET,away,False,0.005054917527021646,-110.0,1,0.5050549175270217,0.9090909090909091,0.9090909090909091
2023,11,2023_11_LAC_GB,away,True,0.00873387719966433,-110.0,0,0.5087338771996643,0.9090909090909091,-1.0
2023,11,2023_11_ARI_HOU,away,False,0.014448001524953912,-108.0,1,0.5101182474549851,0.9259259259259259,0.9259259259259259
2023,11,2023_11_TEN_JAX,home,True,7.274341895626145e-05,-115.0,1,0.5109069796053051,0.8695652173913043,0.8695652173913043
2023,11,2023_11_PHI_KC,away,False,0.010525340597492543,100.0,1,0.48878621016270996,1.0,1.0
2023,11,2023_11_SEA_LA,away,False,0.014632722086013293,-110.0,1,0.5146327220860133,0.9090909090909091,0.9090909090909091
2023,11,2023_11_LV_MIA,away,False,0.01665696179560922,-110.0,1,0.5166569617956093,0.9090909090909091,0.9090909090909091
2023,11,2023_11_TB_SF,away,False,0.014873320060639494,-110.0,1,0.5148733200606395,0.9090909090909091,0.9090909090909091
2023,11,2023_11_NYG_WAS,away,False,0.00900617269575077,-110.0,1,0.5090061726957508,0.9090909090909091,0.9090909090909091
2023,12,2023_12_LA_ARI,home,False,0.0009777316957350235,-115.0,0,0.5118119678820838,0.8695652173913043,-1.0
2023,12,2023_12_NO_ATL,home,False,0.0022975917858165714,-110.0,1,0.5022975917858166,0.9090909090909091,0.9090909090909091
2023,12,2023_12_PIT_CIN,away,True,0.013911789474888052,-112.0,1,0.5182415435448569,0.8928571428571429,0.8928571428571429
2023,12,2023_12_WAS_DAL,home,True,0.024426770904590077,-110.0,1,0.5244267709045901,0.9090909090909091,0.9090909090909091
2023,12,2023_12_CLE_DEN,away,False,0.00809493043326615,-110.0,0,0.5080949304332661,0.9090909090909091,-1.0
2023,12,2023_12_GB_DET,home,True,0.007838981550782026,-115.0,0,0.5186732177371308,0.8695652173913043,-1.0
2023,12,2023_12_JAX_HOU,away,True,0.02414723068158989,-110.0,1,0.5241472306815899,0.9090909090909091,0.9090909090909091
2023,12,2023_12_TB_IND,away,False,0.02222970438272509,-105.0,0,0.5113954681963762,0.9523809523809523,-1.0
2023,12,2023_12_BAL_LAC,away,True,0.0013317532056442705,-115.0,1,0.5121659893919931,0.8695652173913043,0.8695652173913043
2023,12,2023_12_KC_LV,away,True,0.02569890879995343,-110.0,1,0.5256989087999534,0.9090909090909091,0.9090909090909091
2023,12,2023_12_CHI_MIN,away,False,0.005670248737030306,-105.0,1,0.49483601255068144,0.9523809523809523,0.9523809523809523
2023,12,2023_12_NE_NYG,home,False,0.006709170146038462,-112.0,1,0.5110389242160073,0.8928571428571429,0.8928571428571429
2023,12,2023_12_MIA_NYJ,home,False,0.01460715864108521,100.0,0,0.4928680282063026,1.0,-1.0
2023,12,2023_12_BUF_PHI,away,False,0.006205005437429447,-105.0,0,0.4953707692510806,0.9523809523809523,-1.0
2023,12,2023_12_SF_SEA,away,True,0.0038562826843449856,-112.0,1,0.5081860367543138,0.8928571428571429,0.8928571428571429
2023,12,2023_12_CAR_TEN,away,False,0.025442245207262685,-112.0,0,0.5331821832877581,0.8928571428571429,-1.0
2023,13,2023_13_SEA_DAL,away,False,0.02099162782089061,-102.0,1,0.5036275021046204,0.9803921568627451,0.9803921568627451
2023,13,2023_13_KC_GB,home,False,0.003910946537905052,-102.0,1,0.4865468208216348,0.9803921568627451,0.9803921568627451
2023,13,2023_13_DEN_HOU,home,True,0.008391906801842493,102.0,1,0.4823053215401227,1.02,1.02
2023,13,2023_13_CIN_JAX,away,False,0.014639641338251698,-105.0,1,0.5038054051519029,0.9523809523809523,0.9523809523809523
2023,13,2023_13_CLE_LA,away,False,0.007159821743375754,-110.0,0,0.5071598217433757,0.9090909090909091,-1.0
2023,13,2023_13_LAC_NE,away,True,0.009786010530776906,-110.0,1,0.5097860105307769,0.9090909090909091,0.9090909090909091
2023,13,2023_13_DET_NO,home,False,0.01694574840012901,-110.0,0,0.516945748400129,0.9090909090909091,-1.0
2023,13,2023_13_ATL_NYJ,away,True,0.013347865758292825,-108.0,1,0.509018111688324,0.9259259259259259,0.9259259259259259
2023,13,2023_13_SF_PHI,away,True,0.01762546561043691,-105.0,1,0.506791229424088,0.9523809523809523,0.9523809523809523
2023,13,2023_13_ARI_PIT,away,False,0.02228744460103267,-105.0,1,0.5114532084146838,0.9523809523809523,0.9523809523809523
2023,13,2023_13_CAR_TB,away,False,0.022695401210678205,-110.0,1,0.5226954012106783,0.9090909090909091,0.9090909090909091
2023,13,2023_13_IND_TEN,away,True,0.027208379826517484,-110.0,1,0.5272083798265175,0.9090909090909091,0.9090909090909091
2023,13,2023_13_MIA_WAS,home,False,0.0312898323949541,-108.0,0,0.5269600783249853,0.9259259259259259,-1.0
2023,14,2023_14_TB_ATL,away,False,0.0252860254618724,-108.0,1,0.5209562713919036,0.9259259259259259,0.9259259259259259
2023,14,2023_14_LA_BAL,home,True,0.0018573505268308448,-105.0,0,0.49102311434048196,0.9523809523809523,-1.0
2023,14,2023_14_DET_CHI,away,True,0.0019344533531015227,-120.0,0,0.5236735837878841,0.8333333333333334,-1.0
2023,14,2023_14_IND_CIN,away,False,0.010433498165136584,-118.0,0,0.5277976238814067,0.847457627118644,-1.0
2023,14,2023_14_JAX_CLE,away,False,0.024362412553577212,-108.0,0,0.5200326584836084,0.9259259259259259,-1.0
2023,14,2023_14_PHI_DAL,home,True,0.00026526288635695945,-102.0,1,0.48290113717008676,0.9803921568627451,0.9803921568627451
2023,14,2023_14_BUF_KC,home,True,0.012851084618179786,-110.0,0,0.5128510846181797,0.9090909090909091,-1.0
2023,14,2023_14_DEN_LAC,away,False,0.0005632518093188543,-112.0,1,0.5048930058792876,0.8928571428571429,0.8928571428571429
2023,14,2023_14_MIN_LV,away,True,0.008175464751569444,-108.0,1,0.5038457106816007,0.9259259259259259,0.9259259259259259
2023,14,2023_14_TEN_MIA,away,False,0.01318394070524681,-110.0,1,0.5131839407052468,0.9090909090909091,0.9090909090909091
2023,14,2023_14_CAR_NO,away,False,0.010289842916411456,-110.0,0,0.5102898429164114,0.9090909090909091,-1.0
2023,14,2023_14_GB_NYG,away,True,0.005272193530684727,-112.0,0,0.5096019476006536,0.8928571428571429,-1.0
2023,14,2023_14_HOU_NYJ,home,False,0.00517129469538648,-112.0,1,0.5095010487653553,0.8928571428571429,0.8928571428571429
2023,14,2023_14_NE_PIT,away,False,0.035167587346708835,-118.0,1,0.552531713062979,0.847457627118644,0.847457627118644
2023,14,2023_14_SEA_SF,away,False,0.0032848637301804593,-110.0,1,0.5032848637301804,0.9090909090909091,0.9090909090909091
2023,15,2023_15_SF_ARI,home,False,0.016183505550117234,-110.0,0,0.5161835055501173,0.9090909090909091,-1.0
2023,15,2023_15_DAL_BUF,away,False,0.0028145454947808733,-108.0,0,0.49848479142481206,0.9259259259259259,-1.0
2023,15,2023_15_ATL_CAR,away,True,0.007339050047468559,-102.0,0,0.4899749243311983,0.9803921568627451,-1.0
2023,15,2023_15_MIN_CIN,home,True,0.007397071165929885,-115.0,0,0.5182313073522787,0.8695652173913043,-1.0
2023,15,2023_15_CHI_CLE,away,False,0.009837927147736153,-120.0,1,0.5315770575825187,0.8333333333333334,0.8333333333333334
2023,15,2023_15_DEN_DET,away,False,0.00827161520593414,-108.0,0,0.5039418611359653,0.9259259259259259,-1.0
2023,15,2023_15_TB_GB,away,False,0.021279860964360575,-110.0,1,0.5212798609643605,0.9090909090909091,0.9090909090909091
2023,15,2023_15_PIT_IND,away,False,0.02055573268545544,-110.0,0,0.5205557326854554,0.9090909090909091,-1.0
2023,15,2023_15_BAL_JAX,away,True,0.02146406339652135,-110.0,1,0.5214640633965213,0.9090909090909091,0.9090909090909091
2023,15,2023_15_WAS_LA,away,False,0.003865312451593361,-108.0,0,0.49953555838162456,0.9259259259259259,-1.0
2023,15,2023_15_LAC_LV,away,False,0.0026242741071417497,-110.0,0,0.5026242741071417,0.9090909090909091,-1.0
2023,15,2023_15_NYJ_MIA,away,False,0.00045293256652344515,-115.0,0,0.5112871687528723,0.8695652173913043,-1.0
2023,15,2023_15_KC_NE,home,False,0.005663652586758266,-108.0,0,0.5013338985167894,0.9259259259259259,-1.0
2023,15,2023_15_NYG_NO,home,True,0.005336814419191138,-112.0,1,0.5096665684891599,0.8928571428571429,0.8928571428571429
2023,15,2023_15_PHI_SEA,home,False,0.009106683762370671,100.0,1,0.4873675533275881,1.0,1.0
2023,15,2023_15_HOU_TEN,away,False,0.033110710376462446,100.0,1,0.5113715799416798,1.0,1.0
2023,16,2023_16_IND_ATL,away,False,0.0039654059116358276,-115.0,0,0.5147996420979847,0.8695652173913043,-1.0
2023,16,2023_16_GB_CAR,away,True,0.011732263664364589,-112.0,0,0.5160620177343335,0.8928571428571429,-1.0
2023,16,2023_16_ARI_CHI,away,False,0.03277773199209744,-110.0,0,0.5327777319920974,0.9090909090909091,-1.0
2023,16,2023_16_NE_DEN,away,False,0.00550172057114211,-110.0,1,0.5055017205711421,0.9090909090909091,0.9090909090909091
2023,16,2023_16_CLE_HOU,away,True,0.007429958050824497,-110.0,1,0.5074299580508245,0.9090909090909091,0.9090909090909091
2023,16,2023_16_LV_KC,home,True,0.02586817745563348,-118.0,0,0.5432323031719036,0.847457627118644,-1.0
2023,16,2023_16_NO_LA,away,False,0.03343601425846316,100.0,0,0.5116968838236806,1.0,-1.0
2023,16,2023_16_BUF_LAC,home,False,0.03296948769125882,-115.0,1,0.5438037238776077,0.8695652173913043,0.8695652173913043
2023,16,2023_16_DAL_MIA,away,False,0.027523185947979863,-110.0,0,0.5275231859479799,0.9090909090909091,-1.0
2023,16,2023_16_DET_MIN,home,False,0.012794591237160764,105.0,0,0.4803270587696283,1.05,-1.0
2023,16,2023_16_WAS_NYJ,away,False,0.033186951631218896,-108.0,1,0.52885719756125,0.9259259259259259,0.9259259259259259
2023,16,2023_16_NYG_PHI,away,False,0.02964896608727196,-112.0,1,0.5339787201572408,0.8928571428571429,0.8928571428571429
2023,16,2023_16_CIN_PIT,away,True,0.005885720970821842,-105.0,0,0.495051484784473,0.9523809523809523,-1.0
2023,16,2023_16_BAL_SF,away,False,0.005827107916883864,-105.0,1,0.49499287173053497,0.9523809523809523,0.9523809523809523
2023,16,2023_16_JAX_TB,away,True,0.015326811515143245,-110.0,0,0.5153268115151433,0.9090909090909091,-1.0
2023,16,2023_16_SEA_TEN,away,True,0.023540174094752973,-110.0,1,0.523540174094753,0.9090909090909091,0.9090909090909091
2023,17,2023_17_MIA_BAL,away,False,0.03486812971352747,100.0,0,0.5131289992787449,1.0,-1.0
2023,17,2023_17_NE_BUF,away,False,0.025562360984515597,-110.0,1,0.5255623609845156,0.9090909090909091,0.9090909090909091
2023,17,2023_17_ATL_CHI,away,False,0.019710891794246493,-115.0,0,0.5305451279805953,0.8695652173913043,-1.0
2023,17,2023_17_NYJ_CLE,away,False,0.016421940164277744,-105.0,0,0.5055877039779288,0.9523809523809523,-1.0
2023,17,2023_17_DET_DAL,away,False,0.023245818742625917,-110.0,1,0.5232458187426259,0.9090909090909091,0.9090909090909091
2023,17,2023_17_LAC_DEN,away,False,0.01086393876780679,-108.0,0,0.506534184697838,0.9259259259259259,-1.0
2023,17,2023_17_TEN_HOU,away,False,0.017873422103703036,-105.0,0,0.5070391859173542,0.9523809523809523,-1.0
2023,17,2023_17_LV_IND,away,False,0.011545857775703666,-110.0,1,0.5115458577757037,0.9090909090909091,0.9090909090909091
2023,17,2023_17_CAR_JAX,away,False,0.02193859835839213,-110.0,0,0.5219385983583922,0.9090909090909091,-1.0
2023,17,2023_17_CIN_KC,home,True,0.0021067655234806217,-105.0,1,0.4912725293371317,0.9523809523809523,0.9523809523809523
2023,17,2023_17_GB_MIN,away,False,0.022364995198838215,-112.0,1,0.526694749268807,0.8928571428571429,0.8928571428571429
2023,17,2023_17_LA_NYG,away,True,0.029442087661323623,-112.0,0,0.5337718417312924,0.8928571428571429,-1.0
2023,17,2023_17_ARI_PHI,home,True,0.033714211768760056,-110.0,0,0.5337142117687601,0.9090909090909091,-1.0
2023,17,2023_17_PIT_SEA,away,False,0.006308588934086234,-110.0,1,0.5063085889340863,0.9090909090909091,0.9090909090909091
2023,17,2023_17_NO_TB,away,False,0.023640700544745572,100.0,1,0.501901570109963,1.0,1.0
2023,17,2023_17_SF_WAS,home,False,0.029465709906364112,-105.0,0,0.5186314737200153,0.9523809523809523,-1.0
2023,18,2023_18_SEA_ARI,home,False,0.017900889070547047,102.0,1,0.49181430380882724,1.02,1.02
2023,18,2023_18_PIT_BAL,away,True,0.03594344477242874,-105.0,1,0.5251092085860799,0.9523809523809523,0.9523809523809523
2023,18,2023_18_TB_CAR,home,False,0.007548237524089018,-115.0,0,0.5183824737104379,0.8695652173913043,-1.0
2023,18,2023_18_CLE_CIN,away,False,0.00591170687547557,-115.0,0,0.5167459430618244,0.8695652173913043,-1.0
2023,18,2023_18_MIN_DET,home,True,0.007341675368740952,-118.0,1,0.5247058010850111,0.847457627118644,0.847457627118644
2023,18,2023_18_CHI_GB,away,False,0.025643882572246934,-102.0,0,0.5082797568559767,0.9803921568627451,-1.0
2023,18,2023_18_HOU_IND,away,True,0.016558229187073767,-110.0,1,0.5165582291870737,0.9090909090909091,0.9090909090909091
2023,18,2023_18_KC_LAC,away,False,0.011690666517158959,-115.0,1,0.5225249027035078,0.8695652173913043,0.8695652173913043
2023,18,2023_18_DEN_LV,away,False,0.008635807681104012,-118.0,0,0.5259999333973742,0.847457627118644,-1.0
2023,18,2023_18_BUF_MIA,home,False,0.018621033389173775,105.0,0,0.4861535009216413,1.05,-1.0
2023,18,2023_18_NYJ_NE,away,False,0.02215812320731043,-112.0,1,0.5264878772772793,0.8928571428571429,0.8928571428571429
2023,18,2023_18_ATL_NO,away,False,0.0010205875504740725,-122.0,0,0.5271071728121938,0.819672131147541,-1.0
2023,18,2023_18_PHI_NYG,away,True,0.012315229317154524,-112.0,0,0.5166449833871234,0.8928571428571429,-1.0
2023,18,2023_18_LA_SF,away,False,0.0349246406584068,-108.0,1,0.530594886588438,0.9259259259259259,0.9259259259259259
2023,18,2023_18_JAX_TEN,away,True,0.02398007795197382,-102.0,0,0.5066159522357037,0.9803921568627451,-1.0
2023,18,2023_18_DAL_WAS,home,False,0.032663422678379024,-105.0,0,0.5218291864920301,0.9523809523809523,-1.0
2024,1,2024_01_PIT_ATL,home,True,0.001723562536332812,-110.0,0,0.5017235625363328,0.9090909090909091,-1.0
2024,1,2024_01_ARI_BUF,away,False,0.024477238257143565,-105.0,1,0.5136430020707947,0.9523809523809523,0.9523809523809523
2024,1,2024_01_TEN_CHI,away,False,0.013641470944680894,-108.0,0,0.5093117168747121,0.9259259259259259,-1.0
2024,1,2024_01_NE_CIN,away,False,0.019117450276837266,-110.0,1,0.5191174502768373,0.9090909090909091,0.9090909090909091
2024,1,2024_01_DAL_CLE,away,False,0.011509920768505327,-112.0,1,0.5158396748384741,0.8928571428571429,0.8928571428571429
2024,1,2024_01_LA_DET,away,False,0.006617388555817582,-108.0,0,0.5022876344858488,0.9259259259259259,-1.0
2024,1,2024_01_HOU_IND,away,True,0.007605706037275495,-108.0,0,0.5032759519673067,0.9259259259259259,-1.0
2024,1,2024_01_BAL_KC,home,True,0.023151683316877378,-102.0,1,0.5057875576006071,0.9803921568627451,0.9803921568627451
2024,1,2024_01_LV_LAC,home,True,0.03552020408857878,-102.0,1,0.5181560783723086,0.9803921568627451,0.9803921568627451
2024,1,2024_01_JAX_MIA,away,False,0.01113573156987373,-110.0,1,0.5111357315698737,0.9090909090909091,0.9090909090909091
2024,1,2024_01_CAR_NO,away,False,0.01971139395899773,-108.0,0,0.5153816398890289,0.9259259259259259,-1.0
2024,1,2024_01_MIN_NYG,away,True,0.02208740743702767,-108.0,1,0.5177576533670588,0.9259259259259259,0.9259259259259259
2024,1,2024_01_GB_PHI,away,False,0.0031451935832336408,-110.0,0,0.5031451935832336,0.9090909090909091,-1.0
2024,1,2024_01_DEN_SEA,home,True,0.009307444627738574,-110.0,0,0.5093074446277386,0.9090909090909091,-1.0
2024,1,2024_01_NYJ_SF,away,False,0.010038673758563326,-115.0,0,0.5208729099449122,0.8695652173913043,-1.0
2024,1,2024_01_WAS_TB,away,False,0.007936882009081202,-112.0,0,0.51226663607905,0.8928571428571429,-1.0
2024,2,2024_02_LA_ARI,away,True,0.014143373015954577,-105.0,0,0.5033091368296057,0.9523809523809523,-1.0
2024,2,2024_02_LV_BAL,away,False,0.01599944653972301,-112.0,1,0.5203292006096918,0.8928571428571429,0.8928571428571429
2024,2,2024_02_LAC_CAR,away,True,0.007288856403369608,-110.0,1,0.5072888564033696,0.9090909090909091,0.9090909090909091
2024,2,2024_02_NO_DAL,away,False,0.024927788247864496,-112.0,1,0.5292575423178333,0.8928571428571429,0.8928571428571429
2024,2,2024_02_PIT_DEN,away,True,0.022300323461755533,-102.0,1,0.5049361977454854,0.9803921568627451,0.9803921568627451
2024,2,2024_02_TB_DET,away,False,0.010735233756529105,-108.0,1,0.5064054796865602,0.9259259259259259,0.9259259259259259
2024,2,2024_02_IND_GB,home,False,0.00026594882359723957,-118.0,1,0.5176300745398673,0.847457627118644,0.847457627118644
2024,2,2024_02_CHI_HOU,home,True,0.011791417144381117,-112.0,0,0.51612117121435,0.8928571428571429,-1.0
2024,2,2024_02_CLE_JAX,away,False,0.0238864876088194,100.0,1,0.5021473571740368,1.0,1.0
2024,2,2024_02_CIN_KC,away,False,0.009136436439438268,-105.0,1,0.4983022002530894,0.9523809523809523,0.9523809523809523
2024,2,2024_02_BUF_MIA,away,False,0.026510733125861396,-110.0,1,0.5265107331258614,0.9090909090909091,0.9090909090909091
2024,2,2024_02_SF_MIN,home,False,0.0028367166106800954,-108.0,1,0.49850696254071125,0.9259259259259259,0.9259259259259259
2024,2,2024_02_SEA_NE,away,True,0.01687426966567833,-102.0,0,0.4995101439494081,0.9803921568627451,-1.0
2024,2,2024_02_ATL_PHI,away,False,0.02541457031137372,-105.0,1,0.5145803341250248,0.9523809523809523,0.9523809523809523
2024,2,2024_02_NYJ_TEN,away,True,0.020307564016421423,-112.0,1,0.5246373180863902,0.8928571428571429,0.8928571428571429
2024,2,2024_02_NYG_WAS,away,False,0.034281641256495576,-108.0,0,0.5299518871865267,0.9259259259259259,-1.0
2024,3,2024_03_DET_ARI,away,True,0.02161688654661191,-102.0,1,0.5042527608303417,0.9803921568627451,0.9803921568627451
2024,3,2024_03_KC_ATL,home,False,0.006894415247161888,-102.0,0,0.48953028953089167,0.9803921568627451,-1.0
2024,3,2024_03_JAX_BUF,away,False,0.010390119259158935,-108.0,0,0.5060603651891901,0.9259259259259259,-1.0
2024,3,2024_03_WAS_CIN,away,False,0.00468959210167546,-115.0,1,0.5155238282880242,0.8695652173913043,0.8695652173913043
2024,3,2024_03_NYG_CLE,home,True,0.011677942058292156,-108.0,0,0.5073481879883234,0.9259259259259259,-1.0
2024,3,2024_03_BAL_DAL,away,True,0.003964588843652117,-110.0,1,0.5039645888436521,0.9090909090909091,0.9090909090909091
2024,3,2024_03_CHI_IND,home,True,0.01715136540016114,-112.0,1,0.52148111947013,0.8928571428571429,0.8928571428571429
2024,3,2024_03_SF_LA,away,True,0.0066416975756770575,-108.0,0,0.5023119435057082,0.9259259259259259,-1.0
2024,3,2024_03_CAR_LV,away,False,0.026421000169262552,-110.0,1,0.5264210001692625,0.9090909090909091,0.9090909090909091
2024,3,2024_03_HOU_MIN,away,True,0.029479230520915948,-112.0,0,0.5338089845908848,0.8928571428571429,-1.0
2024,3,2024_03_PHI_NO,away,False,0.024806676041651987,-105.0,1,0.5139724398553032,0.9523809523809523,0.9523809523809523
2024,3,2024_03_NE_NYJ,away,False,0.01611954878520907,-110.0,0,0.516119548785209,0.9090909090909091,-1.0
2024,3,2024_03_LAC_PIT,home,True,0.008308760671362402,-102.0,1,0.49094463495509216,0.9803921568627451,0.9803921568627451
2024,3,2024_03_MIA_SEA,away,False,0.0018009675164254722,-110.0,0,0.5018009675164254,0.9090909090909091,-1.0
2024,3,2024_03_DEN_TB,away,False,0.01784420608192573,-112.0,1,0.5221739601518945,0.8928571428571429,0.8928571428571429
2024,3,2024_03_GB_TEN,away,False,0.009066502702223382,-112.0,1,0.5133962567721922,0.8928571428571429,0.8928571428571429
2024,4,2024_04_WAS_ARI,away,False,0.0014268198114616825,-115.0,1,0.5122610559978105,0.8695652173913043,0.8695652173913043
2024,4,2024_04_NO_ATL,away,False,0.012710836076156964,-105.0,1,0.501876599889808,0.9523809523809523,0.9523809523809523
2024,4,2024_04_BUF_BAL,away,False,0.0018719564252885066,-108.0,0,0.49754220235531965,0.9259259259259259,-1.0
2024,4,2024_04_CIN_CAR,home,False,0.0055874172253074506,-108.0,0,0.5012576631553386,0.9259259259259259,-1.0
2024,4,2024_04_LA_CHI,away,False,0.012926411248868425,-112.0,0,0.5172561653188372,0.8928571428571429,-1.0
2024,4,2024_04_SEA_DET,home,True,0.0001496162874099871,-112.0,1,0.5044793703573788,0.8928571428571429,0.8928571428571429
2024,4,2024_04_MIN_GB,home,True,0.008646904758245488,-118.0,0,0.5260110304745156,0.847457627118644,-1.0
2024,4,2024_04_JAX_HOU,home,True,0.015997230440213027,-112.0,0,0.5203269845101819,0.8928571428571429,-1.0
2024,4,2024_04_PIT_IND,away,True,0.01697016135873392,-108.0,0,0.5126404072887651,0.9259259259259259,-1.0
2024,4,2024_04_KC_LAC,away,True,0.004215859398847759,-108.0,0,0.49988610532887895,0.9259259259259259,-1.0
2024,4,2024_04_CLE_LV,away,True,0.00928106464158207,-115.0,0,0.5201153008279309,0.8695652173913043,-1.0
2024,4,2024_04_TEN_MIA,away,False,0.010934343928069372,-108.0,1,0.5066045898581005,0.9259259259259259,0.9259259259259259
2024,4,2024_04_DAL_NYG,home,False,0.0063549337005470025,-105.0,1,0.49552069751419814,0.9523809523809523,0.9523809523809523
2024,4,2024_04_DEN_NYJ,home,True,0.0006333303362737852,-112.0,0,0.5049630844062426,0.8928571428571429,-1.0
2024,4,2024_04_NE_SF,away,False,0.0032055198670751014,-112.0,0,0.5075352739370439,0.8928571428571429,-1.0
2024,4,2024_04_PHI_TB,away,True,0.005673795386855162,-110.0,0,0.5056737953868552,0.9090909090909091,-1.0
2024,5,2024_05_TB_ATL,home,True,0.0020203702728947837,-118.0,1,0.5193844959891649,0.847457627118644,0.847457627118644
2024,5,2024_05_CAR_CHI,away,False,0.031919567809037444,-108.0,0,0.5275898137390687,0.9259259259259259,-1.0
2024,5,2024_05_BAL_CIN,away,True,0.004062170395237164,-118.0,1,0.5214262961115073,0.847457627118644,0.847457627118644
2024,5,2024_05_LV_DEN,away,False,0.00940932844577415,-112.0,0,0.513739082515743,0.8928571428571429,-1.0
2024,5,2024_05_BUF_HOU,home,True,0.0043465414174547355,-112.0,1,0.5086762954874235,0.8928571428571429,0.8928571428571429
2024,5,2024_05_IND_JAX,home,True,0.011801356356504145,-110.0,0,0.5118013563565041,0.9090909090909091,-1.0
2024,5,2024_05_NO_KC,away,False,0.021354486385397303,-112.0,0,0.5256842404553661,0.8928571428571429,-1.0
2024,5,2024_05_GB_LA,home,False,0.004029740500096712,-108.0,0,0.49969998643012786,0.9259259259259259,-1.0
2024,5,2024_05_NYJ_MIN,away,False,0.024088649509363198,-105.0,0,0.5132544133230144,0.9523809523809523,-1.0
2024,5,2024_05_MIA_NE,home,False,0.002705377432651157,-108.0,0,0.4983756233626823,0.9259259259259259,-1.0
2024,5,2024_05_DAL_PIT,away,False,0.011439285860970577,-108.0,1,0.5071095317910017,0.9259259259259259,0.9259259259259259
2024,5,2024_05_NYG_SEA,away,False,0.02062613924891831,-112.0,1,0.5249558933188871,0.8928571428571429,0.8928571428571429
2024,5,2024_05_ARI_SF,away,False,0.025362280901920987,-105.0,1,0.5145280447155721,0.9523809523809523,0.9523809523809523
2024,5,2024_05_CLE_WAS,away,False,0.018778658375984674,-112.0,0,0.5231084124459535,0.8928571428571429,-1.0
2024,6,2024_06_WAS_BAL,away,False,0.027938134985639577,-108.0,0,0.5236083809156707,0.9259259259259259,-1.0
2024,6,2024_06_ATL_CAR,away,True,0.0042667950657154004,-112.0,1,0.5085965491356842,0.8928571428571429,0.8928571428571429
2024,6,2024_06_JAX_CHI,away,True,0.031860260282660216,-108.0,0,0.5275305062126914,0.9259259259259259,-1.0
2024,6,2024_06_DET_DAL,away,True,0.02133360491702821,-105.0,1,0.5104993687306794,0.9523809523809523,0.9523809523809523
2024,6,2024_06_LAC_DEN,home,False,0.00037950517826031426,-115.0,0,0.5112137413646092,0.8695652173913043,-1.0
2024,6,2024_06_ARI_GB,away,False,0.009377672375043104,-110.0,0,0.5093776723750431,0.9090909090909091,-1.0
2024,6,2024_06_PIT_LV,home,False,0.02150251298635658,-110.0,0,0.5215025129863566,0.9090909090909091,-1.0
2024,6,2024_06_HOU_NE,away,True,0.011236401769435389,-108.0,1,0.5069066476994666,0.9259259259259259,0.9259259259259259
2024,6,2024_06_TB_NO,away,True,0.010098681076985992,-108.0,1,0.5057689270070171,0.9259259259259259,0.9259259259259259
2024,6,2024_06_CIN_NYG,home,False,0.0009529240906728241,-108.0,0,0.496623170020704,0.9259259259259259,-1.0
2024,6,2024_06_BUF_NYJ,home,False,0.020106185357025668,-108.0,0,0.5157764312870569,0.9259259259259259,-1.0
2024,6,2024_06_CLE_PHI,away,False,0.021170764270793573,-108.0,1,0.5168410102008247,0.9259259259259259,0.9259259259259259
2024,6,2024_06_SF_SEA,away,True,0.010959546496467625,-118.0,1,0.5283236722127377,0.847457627118644,0.847457627118644
2024,6,2024_06_IND_TEN,away,False,0.012276441996888193,-110.0,1,0.5122764419968882,0.9090909090909091,0.9090909090909091
2024,7,2024_07_LAC_ARI,away,True,0.012591574013838445,-115.0,0,0.5234258102001873,0.8695652173913043,-1.0
2024,7,2024_07_SEA_ATL,away,False,0.015477718370984044,-115.0,1,0.5263119545573328,0.8695652173913043,0.8695652173913043
2024,7,2024_07_TEN_BUF,away,False,0.01832951596075358,-110.0,0,0.5183295159607536,0.9090909090909091,-1.0
2024,7,2024_07_CIN_CLE,away,True,0.013879625035744591,-110.0,1,0.5138796250357446,0.9090909090909091,0.9090909090909091
2024,7,2024_07_HOU_GB,away,False,0.028979259654317805,100.0,1,0.5072401292195352,1.0,1.0
2024,7,2024_07_MIA_IND,away,False,0.013035007646561474,-120.0,0,0.5347741380813441,0.8333333333333334,-1.0
2024,7,2024_07_NE_JAX,away,False,0.01531646420795479,-105.0,0,0.5044822280216059,0.9523809523809523,-1.0
2024,7,2024_07_LV_LA,away,False,0.018735670070211465,-105.0,1,0.5079014338838626,0.9523809523809523,0.9523809523809523
2024,7,2024_07_DET_MIN,away,False,0.01839585882515135,-108.0,1,0.5140661047551826,0.9259259259259259,0.9259259259259259
2024,7,2024_07_DEN_NO,away,True,0.0072534265644888345,-118.0,1,0.5246175522807589,0.847457627118644,0.847457627118644
2024,7,2024_07_PHI_NYG,home,False,0.023946770006896073,100.0,0,0.5022076395721135,1.0,-1.0
2024,7,2024_07_NYJ_PIT,away,True,0.022229136217413348,-108.0,0,0.5178993821474445,0.9259259259259259,-1.0
2024,7,2024_07_KC_SF,away,False,0.025193958301099148,-105.0,1,0.5143597221147502,0.9523809523809523,0.9523809523809523
2024,7,2024_07_BAL_TB,away,True,0.0016871649000831045,-110.0,1,0.5016871649000831,0.9090909090909091,0.9090909090909091
2024,7,2024_07_CAR_WAS,away,False,0.023095419466683125,100.0,0,0.5013562890319005,1.0,-1.0
2024,8,2024_08_PHI_CIN,home,True,0.008472254968944198,-120.0,0,0.5302113854037268,0.8333333333333334,-1.0
2024,8,2024_08_BAL_CLE,away,True,0.03693982612810698,-110.0,0,0.536939826128107,0.9090909090909091,-1.0
2024,8,2024_08_CAR_DEN,away,False,0.008750592796822254,-110.0,0,0.5087505927968222,0.9090909090909091,-1.0
2024,8,2024_08_TEN_DET,home,True,0.025573625250457813,-115.0,1,0.5364078614368066,0.8695652173913043,0.8695652173913043
2024,8,2024_08_IND_HOU,home,True,0.00837372662378541,-108.0,0,0.5040439725538166,0.9259259259259259,-1.0
2024,8,2024_08_GB_JAX,away,True,0.007690954533491123,-115.0,0,0.5185251907198399,0.8695652173913043,-1.0
2024,8,2024_08_MIN_LA,home,False,0.0030896772207494147,-115.0,1,0.5139239134070982,0.8695652173913043,0.8695652173913043
2024,8,2024_08_NO_LAC,away,False,0.018797183992627125,-110.0,0,0.5187971839926271,0.9090909090909091,-1.0
2024,8,2024_08_KC_LV,home,False,0.01154506235662424,-108.0,1,0.5072153082866554,0.9259259259259259,0.9259259259259259
2024,8,2024_08_ARI_MIA,away,False,0.0012150730114565632,-108.0,1,0.49688531894148774,0.9259259259259259,0.9259259259259259
2024,8,2024_08_NYJ_NE,home,False,0.0014943421511244225,-110.0,1,0.5014943421511244,0.9090909090909091,0.9090909090909091
2024,8,2024_08_NYG_PIT,away,False,0.012040545703955742,-105.0,0,0.5012063095176069,0.9523809523809523,-1.0
2024,8,2024_08_BUF_SEA,home,False,0.008541519345558045,100.0,0,0.48680238891077543,1.0,-1.0
2024,8,2024_08_DAL_SF,away,False,0.031902360001841934,-105.0,0,0.5210681238154931,0.9523809523809523,-1.0
2024,8,2024_08_ATL_TB,home,False,0.0012188513146742352,-110.0,0,0.5012188513146743,0.9090909090909091,-1.0
2024,8,2024_08_CHI_WAS,away,False,0.024093063215568408,-110.0,0,0.5240930632155684,0.9090909090909091,-1.0
2024,9,2024_09_CHI_ARI,away,False,0.0034056144947988863,-110.0,0,0.5034056144947989,0.9090909090909091,-1.0
2024,9,2024_09_DAL_ATL,away,False,0.017554922560760296,-105.0,0,0.5067206863744114,0.9523809523809523,-1.0
2024,9,2024_09_DEN_BAL,home,True,0.003038684632535987,-105.0,1,0.4922044484461871,0.9523809523809523,0.9523809523809523
2024,9,2024_09_MIA_BUF,home,True,0.00033832012357727366,-110.0,0,0.5003383201235773,0.9090909090909091,-1.0
2024,9,2024_09_NO_CAR,home,False,0.02853105674606867,-102.0,1,0.5111669310297985,0.9803921568627451,0.9803921568627451
2024,9,2024_09_LV_CIN,away,False,0.015225050971140896,-110.0,0,0.5152250509711409,0.9090909090909091,-1.0
2024,9,2024_09_LAC_CLE,away,True,0.015205589979479883,-110.0,1,0.5152055899794798,0.9090909090909091,0.9090909090909091
2024,9,2024_09_DET_GB,home,False,0.011094141517747085,100.0,0,0.4893550110829645,1.0,-1.0
2024,9,2024_09_TB_KC,away,False,0.014515189383325987,-110.0,1,0.514515189383326,0.9090909090909091,0.9090909090909091
2024,9,2024_09_IND_MIN,home,True,0.007301912715431563,-110.0,1,0.5073019127154316,0.9090909090909091,0.9090909090909091
2024,9,2024_09_WAS_NYG,home,False,0.019451620053384848,-112.0,0,0.5237813741233537,0.8928571428571429,-1.0
2024,9,2024_09_HOU_NYJ,away,False,0.017701391944762557,100.0,0,0.49596226150997996,1.0,-1.0
2024,9,2024_09_JAX_PHI,home,True,0.002659427924560803,-108.0,0,0.498329673854592,0.9259259259259259,-1.0
2024,9,2024_09_LA_SEA,away,True,0.010738099426786317,-112.0,1,0.5150678534967551,0.8928571428571429,0.8928571428571429
2024,9,2024_09_NE_TEN,away,False,0.0036202975445576847,-105.0,1,0.4927860613582088,0.9523809523809523,0.9523809523809523
2024,10,2024_10_NYJ_ARI,away,True,0.030949289275769475,-110.0,0,0.5309492892757695,0.9090909090909091,-1.0
2024,10,2024_10_CIN_BAL,away,False,0.025567845874557085,-108.0,1,0.5212380918045882,0.9259259259259259,0.9259259259259259
2024,10,2024_10_NYG_CAR,home,False,0.005323262329967091,-102.0,1,0.4879591366136969,0.9803921568627451,0.9803921568627451
2024,10,2024_10_NE_CHI,away,False,0.03503228880209231,-110.0,1,0.5350322888020923,0.9090909090909091,0.9090909090909091
2024,10,2024_10_PHI_DAL,away,True,0.000826956521104677,-108.0,1,0.4964972024511358,0.9259259259259259,0.9259259259259259
2024,10,2024_10_DET_HOU,away,True,0.009016895584072454,-110.0,0,0.5090168955840725,0.9090909090909091,-1.0
2024,10,2024_10_BUF_IND,away,True,0.0009017245569544695,-115.0,1,0.5117359607433033,0.8695652173913043,0.8695652173913043
2024,10,2024_10_MIN_JAX,home,False,0.020064859466811164,100.0,1,0.49832572903202854,1.0,1.0
2024,10,2024_10_DEN_KC,home,True,0.0009069149647784185,-105.0,0,0.4900726787784295,0.9523809523809523,-1.0
2024,10,2024_10_MIA_LA,away,False,0.010438059836189178,-102.0,1,0.49307393411991896,0.9803921568627451,0.9803921568627451
2024,10,2024_10_TEN_LAC,away,False,0.024015177673060828,-108.0,0,0.519685423603092,0.9259259259259259,-1.0
2024,10,2024_10_ATL_NO,home,False,0.007867992678197627,-108.0,1,0.5035382386082288,0.9259259259259259,0.9259259259259259
2024,10,2024_10_SF_TB,away,True,0.01902854484927889,-118.0,0,0.536392670565549,0.847457627118644,-1.0
2024,10,2024_10_PIT_WAS,away,False,0.0022380307977747814,-110.0,1,0.5022380307977747,0.9090909090909091,0.9090909090909091
2024,11,2024_11_KC_BUF,away,False,0.02146169497129774,-108.0,0,0.5171319409013289,0.9259259259259259,-1.0
2024,11,2024_11_GB_CHI,home,False,0.0011506128835837097,-105.0,1,0.4903163766972348,0.9523809523809523,0.9523809523809523
2024,11,2024_11_HOU_DAL,home,False,0.0028255902643021854,-120.0,0,0.5245647206990848,0.8333333333333334,-1.0
2024,11,2024_11_ATL_DEN,away,False,0.004862227105093686,-108.0,0,0.5005324730351248,0.9259259259259259,-1.0
2024,11,2024_11_JAX_DET,away,False,0.03146910201169576,-105.0,0,0.5206348658253469,0.9523809523809523,-1.0
2024,11,2024_11_CIN_LAC,away,False,0.01607209283200408,-118.0,0,0.5334362185482742,0.847457627118644,-1.0
2024,11,2024_11_LV_MIA,away,False,0.0008842305981177273,-105.0,0,0.49004999441176883,0.9523809523809523,-1.0
2024,11,2024_11_LA_NE,home,False,0.009234019766417717,-112.0,0,0.5135637738363865,0.8928571428571429,-1.0
2024,11,2024_11_CLE_NO,away,True,0.002495333464593019,-110.0,0,0.502495333464593,0.9090909090909091,-1.0
2024,11,2024_11_IND_NYJ,away,False,0.002004399177148269,-110.0,1,0.5020043991771482,0.9090909090909091,0.9090909090909091
2024,11,2024_11_WAS_PHI,away,False,0.01629272397617083,-110.0,0,0.5162927239761709,0.9090909090909091,-1.0
2024,11,2024_11_BAL_PIT,away,True,0.010679581513016245,-120.0,0,0.5324187119477989,0.8333333333333334,-1.0
2024,11,2024_11_SEA_SF,away,False,0.023805361268938677,-110.0,1,0.5238053612689387,0.9090909090909091,0.9090909090909091
2024,11,2024_11_MIN_TEN,home,False,0.006948214530789259,-102.0,0,0.48958408881451904,0.9803921568627451,-1.0
2024,12,2024_12_KC_CAR,home,False,0.022879361880512098,-108.0,1,0.5185496078105433,0.9259259259259259,0.9259259259259259
2024,12,2024_12_MIN_CHI,away,True,0.01239237166832398,-120.0,1,0.5341315021031066,0.8333333333333334,0.8333333333333334
2024,12,2024_12_PIT_CLE,away,True,0.010870635820491574,-115.0,0,0.5217048720068403,0.8695652173913043,-1.0
2024,12,2024_12_SF_GB,away,False,0.017534404561100784,-112.0,0,0.5218641586310696,0.8928571428571429,-1.0
2024,12,2024_12_TEN_HOU,home,True,0.017036092798662097,-108.0,0,0.5127063387286933,0.9259259259259259,-1.0
2024,12,2024_12_DET_IND,home,False,0.03603958482429308,102.0,0,0.5099529995625732,1.02,-1.0
2024,12,2024_12_PHI_LA,home,False,0.01905358633557535,-108.0,0,0.5147238322656065,0.9259259259259259,-1.0
2024,12,2024_12_BAL_LAC,away,True,0.007930442231917672,-110.0,1,0.5079304422319176,0.9090909090909091,0.9090909090909091
2024,12,2024_12_DEN_LV,away,True,0.003407277522600868,-105.0,1,0.492573041336252,0.9523809523809523,0.9523809523809523
2024,12,2024_12_NE_MIA,away,False,0.014368500708133685,-115.0,0,0.5252027368944825,0.8695652173913043,-1.0
2024,12,2024_12_TB_NYG,away,True,0.002758368175193837,-108.0,1,0.498428614105225,0.9259259259259259,0.9259259259259259
2024,12,2024_12_ARI_SEA,away,True,0.004783847468250762,-110.0,0,0.5047838474682508,0.9090909090909091,-1.0
2024,12,2024_12_DAL_WAS,home,True,0.0010711835780081557,-108.0,0,0.49674142950803934,0.9259259259259259,-1.0
2024,13,2024_13_LAC_ATL,home,False,0.00495690370535386,-112.0,0,0.5092866577753227,0.8928571428571429,-1.0
2024,13,2024_13_PHI_BAL,away,False,0.004252203127713133,-110.0,1,0.5042522031277131,0.9090909090909091,0.9090909090909091
2024,13,2024_13_SF_BUF,away,False,0.014078496778636483,-102.0,0,0.49671437106236627,0.9803921568627451,-1.0
2024,13,2024_13_TB_CAR,away,True,0.010946098054453485,-115.0,0,0.5217803342408023,0.8695652173913043,-1.0
2024,13,2024_13_PIT_CIN,away,False,0.02628845703145744,-110.0,1,0.5262884570314574,0.9090909090909091,0.9090909090909091
2024,13,2024_13_NYG_DAL,home,True,0.001546485296585226,-110.0,1,0.5015464852965852,0.9090909090909091,0.9090909090909091
2024,13,2024_13_CLE_DEN,away,False,0.014526756538095124,-108.0,0,0.5101970024681263,0.9259259259259259,-1.0
2024,13,2024_13_CHI_DET,away,False,0.0329439679494887,-102.0,1,0.5155798422332185,0.9803921568627451,0.9803921568627451
2024,13,2024_13_MIA_GB,away,False,0.003872400066858844,-115.0,0,0.5147066362532077,0.8695652173913043,-1.0
2024,13,2024_13_HOU_JAX,away,True,0.005381449634468138,-110.0,0,0.5053814496344682,0.9090909090909091,-1.0
2024,13,2024_13_LV_KC,away,False,0.01353975419405447,-108.0,1,0.5092100001240857,0.9259259259259259,0.9259259259259259
2024,13,2024_13_ARI_MIN,away,False,0.01274273443098956,-110.0,1,0.5127427344309896,0.9090909090909091,0.9090909090909091
2024,13,2024_13_IND_NE,home,False,0.010692546157761391,-105.0,1,0.4998583099714125,0.9523809523809523,0.9523809523809523
2024,13,2024_13_LA_NO,away,True,0.010207165480585216,-115.0,1,0.521041401666934,0.8695652173913043,0.8695652173913043
2024,13,2024_13_SEA_NYJ,home,True,0.0008193201423214835,-110.0,0,0.5008193201423214,0.9090909090909091,-1.0
2024,13,2024_13_TEN_WAS,away,False,0.001531888246754276,-112.0,0,0.5058616423167231,0.8928571428571429,-1.0
2024,14,2024_14_SEA_ARI,away,False,0.0026744742978558416,-105.0,1,0.49184023811150696,0.9523809523809523,0.9523809523809523
2024,14,2024_14_CIN_DAL,home,False,0.008224102935232035,-110.0,0,0.508224102935232,0.9090909090909091,-1.0
2024,14,2024_14_GB_DET,away,False,0.02895684844982128,100.0,1,0.5072177180150387,1.0,1.0
2024,14,2024_14_LAC_KC,away,False,0.007702247474789725,-115.0,1,0.5185364836611386,0.8695652173913043,0.8695652173913043
2024,14,2024_14_BUF_LA,home,False,0.03385992920751665,-102.0,1,0.5164958034912465,0.9803921568627451,0.9803921568627451
2024,14,2024_14_NYJ_MIA,away,False,0.03510389353386481,-108.0,1,0.530774139463896,0.9259259259259259,0.9259259259259259
2024,14,2024_14_ATL_MIN,home,True,0.0030617437527260816,-110.0,1,0.503061743752726,0.9090909090909091,0.9090909090909091
2024,14,2024_14_NO_NYG,away,True,0.01334431996866654,-115.0,0,0.5241785561550154,0.8695652173913043,-1.0
2024,14,2024_14_CAR_PHI,away,False,0.01851206313625646,-112.0,1,0.5228418172062252,0.8928571428571429,0.8928571428571429
2024,14,2024_14_CLE_PIT,away,False,0.012333339655639302,-112.0,0,0.5166630937256081,0.8928571428571429,-1.0
2024,14,2024_14_CHI_SF,away,False,0.006084031843251247,-110.0,0,0.5060840318432512,0.9090909090909091,-1.0
2024,14,2024_14_LV_TB,away,False,0.004925653306988076,-115.0,0,0.5157598894933368,0.8695652173913043,-1.0
2024,14,2024_14_JAX_TEN,away,False,0.045866871110944785,-105.0,1,0.535032634924596,0.9523809523809523,0.9523809523809523
2024,15,2024_15_NE_ARI,away,False,0.010491845878274685,-108.0,0,0.5061620918083058,0.9259259259259259,-1.0
2024,15,2024_15_DAL_CAR,away,False,0.024191676937352316,100.0,1,0.5024525465025698,1.0,1.0
2024,15,2024_15_KC_CLE,away,True,0.01881820527602535,-110.0,1,0.5188182052760254,0.9090909090909091,0.9090909090909091
2024,15,2024_15_IND_DEN,away,False,0.027339372541962167,-105.0,0,0.5165051363556132,0.9523809523809523,-1.0
2024,15,2024_15_BUF_DET,away,False,0.016798630788674072,-110.0,1,0.516798630788674,0.9090909090909091,0.9090909090909091
2024,15,2024_15_MIA_HOU,away,False,0.0195359519760912,-105.0,0,0.5087017157897423,0.9523809523809523,-1.0
2024,15,2024_15_NYJ_JAX,away,True,0.01850509842661288,-102.0,1,0.5011409727103426,0.9803921568627451,0.9803921568627451
2024,15,2024_15_TB_LAC,away,False,0.016470263729300102,-105.0,1,0.5056360275429512,0.9523809523809523,0.9523809523809523
2024,15,2024_15_ATL_LV,home,False,0.019721737059508453,-110.0,1,0.5197217370595084,0.9090909090909091,0.9090909090909091
2024,15,2024_15_CHI_MIN,away,False,0.005729230836660731,-115.0,0,0.5165634670230096,0.8695652173913043,-1.0
2024,15,2024_15_WAS_NO,home,False,0.02392776832494991,-108.0,1,0.5195980142549811,0.9259259259259259,0.9259259259259259
2024,15,2024_15_BAL_NYG,away,True,0.010045435398841012,-112.0,1,0.5143751894688099,0.8928571428571429,0.8928571428571429
2024,15,2024_15_PIT_PHI,away,False,0.014636033041972018,-110.0,0,0.514636033041972,0.9090909090909091,-1.0
2024,15,2024_15_GB_SEA,home,False,0.003741582522108155,-110.0,0,0.5037415825221081,0.9090909090909091,-1.0
2024,15,2024_15_LA_SF,away,False,0.0031030428778802185,-118.0,1,0.5204671685941503,0.847457627118644,0.847457627118644
2024,15,2024_15_CIN_TEN,away,True,0.012503217901601048,-110.0,1,0.512503217901601,0.9090909090909091,0.9090909090909091
2024,16,2024_16_NYG_ATL,away,False,0.009156804378580363,-110.0,0,0.5091568043785804,0.9090909090909091,-1.0
2024,16,2024_16_PIT_BAL,away,False,0.009339564569366453,-115.0,0,0.5201738007557153,0.8695652173913043,-1.0
2024,16,2024_16_NE_BUF,away,False,0.003943621684493381,-110.0,1,0.5039436216844934,0.9090909090909091,0.9090909090909091
2024,16,2024_16_ARI_CAR,away,True,0.008095316767545041,-110.0,0,0.508095316767545,0.9090909090909091,-1.0
2024,16,2024_16_DET_CHI,away,True,0.019017772545791033,-110.0,1,0.5190177725457911,0.9090909090909091,0.9090909090909091
2024,16,2024_16_CLE_CIN,away,False,0.03188642403519699,-108.0,0,0.5275566699652282,0.9259259259259259,-1.0
2024,16,2024_16_TB_DAL,home,False,0.012484497590316744,-115.0,1,0.5233187337766656,0.8695652173913043,0.8695652173913043
2024,16,2024_16_NO_GB,away,False,0.02854004854127893,-105.0,0,0.5177058123549301,0.9523809523809523,-1.0
2024,16,2024_16_TEN_IND,away,False,0.006461722068915426,-112.0,0,0.5107914761388842,0.8928571428571429,-1.0
2024,16,2024_16_HOU_KC,away,False,0.010992699295187102,-120.0,0,0.5327318297299697,0.8333333333333334,-1.0
2024,16,2024_16_DEN_LAC,away,False,0.013256037837441741,-120.0,0,0.5349951682722244,0.8333333333333334,-1.0
2024,16,2024_16_JAX_LV,away,False,0.015465221749177015,-110.0,0,0.515465221749177,0.9090909090909091,-1.0
2024,16,2024_16_SF_MIA,away,True,0.013941702130455251,-108.0,0,0.5096119480604864,0.9259259259259259,-1.0
2024,16,2024_16_LA_NYJ,away,True,0.021605678992136834,-105.0,1,0.5107714428057879,0.9523809523809523,0.9523809523809523
2024,16,2024_16_MIN_SEA,away,True,0.002637908731981031,-115.0,1,0.5134721449183298,0.8695652173913043,0.8695652173913043
2024,16,2024_16_PHI_WAS,away,True,0.009876878100020841,-115.0,0,0.5207111142863696,0.8695652173913043,-1.0
2024,17,2024_17_NYJ_BUF,away,False,0.010280691238695124,-105.0,0,0.49944645505234625,0.9523809523809523,-1.0
2024,17,2024_17_SEA_CHI,away,True,0.015124299947942737,-118.0,0,0.5324884256642128,0.847457627118644,-1.0
2024,17,2024_17_DEN_CIN,away,False,0.00855383970963498,-115.0,0,0.5193880758959838,0.8695652173913043,-1.0
2024,17,2024_17_MIA_CLE,home,False,0.0026335712958735127,-105.0,0,0.4917993351095246,0.9523809523809523,-1.0
2024,17,2024_17_BAL_HOU,home,False,0.003926336229390687,-112.0,0,0.5082560902993595,0.8928571428571429,-1.0
2024,17,2024_17_TEN_JAX,away,True,0.00971137344560042,-105.0,0,0.49887713725925154,0.9523809523809523,-1.0
2024,17,2024_17_ARI_LA,away,False,0.01924836415077542,100.0,1,0.4975092337159928,1.0,1.0
2024,17,2024_17_GB_MIN,away,True,0.0009025008805908368,-105.0,0,0.490068264694242,0.9523809523809523,-1.0
2024,17,2024_17_LAC_NE,home,False,0.008442971015216953,-102.0,0,0.49107884529894674,0.9803921568627451,-1.0
2024,17,2024_17_LV_NO,away,True,0.012483042789060577,-110.0,1,0.5124830427890605,0.9090909090909091,0.9090909090909091
2024,17,2024_17_IND_NYG,home,False,0.010810234104215348,-108.0,1,0.5064804800342465,0.9259259259259259,0.9259259259259259
2024,17,2024_17_DAL_PHI,away,False,0.03929631481656765,-112.0,0,0.5436260688865365,0.8928571428571429,-1.0
2024,17,2024_17_KC_PIT,away,True,0.0026290425578277127,-105.0,1,0.4917948063714788,0.9523809523809523,0.9523809523809523
2024,17,2024_17_DET_SF,away,True,0.006237217113117893,-112.0,1,0.5105669711830867,0.8928571428571429,0.8928571428571429
2024,17,2024_17_CAR_TB,home,True,0.0014568297045216394,-115.0,1,0.5122910658908705,0.8695652173913043,0.8695652173913043
2024,17,2024_17_ATL_WAS,home,True,0.007403717878595042,-105.0,1,0.4965694816922462,0.9523809523809523,0.9523809523809523
2024,18,2024_18_SF_ARI,away,False,0.010989282136563722,-110.0,0,0.5109892821365637,0.9090909090909091,-1.0
2024,18,2024_18_CAR_ATL,away,False,0.0011514870552793016,-105.0,1,0.4903172508689304,0.9523809523809523,0.9523809523809523
2024,18,2024_18_CLE_BAL,away,False,0.0006339592322561787,-105.0,0,0.4897997230459073,0.9523809523809523,-1.0
2024,18,2024_18_WAS_DAL,away,True,0.010925582087954348,-108.0,0,0.5065958280179855,0.9259259259259259,-1.0
2024,18,2024_18_KC_DEN,away,False,0.01767895859515794,-115.0,0,0.5285131947815067,0.8695652173913043,-1.0
2024,18,2024_18_MIN_DET,home,True,0.009654246539409005,-102.0,1,0.4922901208231388,0.9803921568627451,0.9803921568627451
2024,18,2024_18_CHI_GB,away,False,0.025236257625524387,-115.0,1,0.5360704938118732,0.8695652173913043,0.8695652173913043
2024,18,2024_18_JAX_IND,away,False,0.03996166735078921,-110.0,1,0.5399616673507892,0.9090909090909091,0.9090909090909091
2024,18,2024_18_SEA_LA,away,True,0.0013344335464481214,-110.0,0,0.5013344335464481,0.9090909090909091,-1.0
2024,18,2024_18_LAC_LV,home,False,0.008194665295149539,-102.0,0,0.49083053957887934,0.9803921568627451,-1.0
2024,18,2024_18_BUF_NE,home,False,0.05368834655398296,-108.0,1,0.5493585924840141,0.9259259259259259,0.9259259259259259
2024,18,2024_18_MIA_NYJ,away,False,0.02091856677273307,-110.0,0,0.5209185667727331,0.9090909090909091,-1.0
2024,18,2024_18_NYG_PHI,away,False,0.034598949940775815,-110.0,0,0.5345989499407758,0.9090909090909091,-1.0
2024,18,2024_18_CIN_PIT,away,True,0.0025578993137795603,-118.0,0,0.5199220250300497,0.847457627118644,-1.0
2024,18,2024_18_NO_TB,away,False,0.0008751447552862279,-102.0,1,0.483511019039016,0.9803921568627451,0.9803921568627451
2024,18,2024_18_HOU_TEN,away,False,0.03085044273401573,-108.0,1,0.5265206886640469,0.9259259259259259,0.9259259259259259
2025,1,2025_01_TB_ATL,away,True,0.03304895045920391,-102.0,1,0.5156848247429336,0.9803921568627451,0.9803921568627451
2025,1,2025_01_BAL_BUF,away,True,0.017211641639827868,-118.0,0,0.534575767356098,0.847457627118644,-1.0
2025,1,2025_01_MIN_CHI,away,True,0.036858816105870024,100.0,1,0.5151196856710875,1.0,1.0
2025,1,2025_01_CIN_CLE,home,False,0.007874506076922189,-115.0,1,0.518708742263271,0.8695652173913043,0.8695652173913043
2025,1,2025_01_TEN_DEN,away,False,0.04611019254034818,-105.0,1,0.5352759563539993,0.9523809523809523,0.9523809523809523
2025,1,2025_01_DET_GB,away,False,0.02454196961954645,-115.0,0,0.5353762058058953,0.8695652173913043,-1.0
2025,1,2025_01_MIA_IND,away,False,0.015818542682877128,-118.0,0,0.5331826683991472,0.847457627118644,-1.0
2025,1,2025_01_CAR_JAX,away,False,0.013568789154439547,-110.0,0,0.5135687891544396,0.9090909090909091,-1.0
2025,1,2025_01_HOU_LA,away,False,0.002207740482402781,-118.0,0,0.5195718661986729,0.847457627118644,-1.0
2025,1,2025_01_KC_LAC,away,True,0.000267112560147853,-120.0,0,0.5220062429949305,0.8333333333333334,-1.0
2025,1,2025_01_LV_NE,home,True,0.006456002303510666,-120.0,0,0.5281951327382932,0.8333333333333334,-1.0
2025,1,2025_01_ARI_NO,home,False,0.007843947746837249,-112.0,0,0.5121737018168061,0.8928571428571429,-1.0
2025,1,2025_01_PIT_NYJ,away,True,0.020371962213617742,-110.0,0,0.5203719622136177,0.9090909090909091,-1.0
2025,1,2025_01_DAL_PHI,away,False,0.035407103334739294,-110.0,1,0.5354071033347393,0.9090909090909091,0.9090909090909091
2025,1,2025_01_SF_SEA,away,True,0.017014797054266104,-105.0,1,0.5061805608679172,0.9523809523809523,0.9523809523809523
2025,1,2025_01_NYG_WAS,away,False,0.012563364660133252,-108.0,0,0.5082336105901645,0.9259259259259259,-1.0
2025,2,2025_02_CAR_ARI,home,True,0.0005467735377603865,-110.0,0,0.5005467735377603,0.9090909090909091,-1.0
2025,2,2025_02_CLE_BAL,away,False,0.010129609622763793,-105.0,0,0.4992953734364149,0.9523809523809523,-1.0
2025,2,2025_02_JAX_CIN,away,False,0.012550878258412905,-115.0,0,0.5233851144447618,0.8695652173913043,-1.0
2025,2,2025_02_NYG_DAL,away,False,0.0245526611388419,100.0,1,0.5028135307040593,1.0,1.0
2025,2,2025_02_CHI_DET,away,False,0.03883624292136545,-110.0,0,0.5388362429213654,0.9090909090909091,-1.0
2025,2,2025_02_WAS_GB,away,False,0.019857070247267187,-118.0,0,0.5372211959635373,0.847457627118644,-1.0
2025,2,2025_02_TB_HOU,away,False,0.013979059760979066,-110.0,1,0.513979059760979,0.9090909090909091,0.9090909090909091
2025,2,2025_02_DEN_IND,away,True,0.037613448549260034,-105.0,0,0.5267792123629111,0.9523809523809523,-1.0
2025,2,2025_02_PHI_KC,away,True,0.015637184161906043,-110.0,1,0.5156371841619061,0.9090909090909091,0.9090909090909091
2025,2,2025_02_LAC_LV,away,True,0.004909360162680256,-105.0,1,0.49407512397633135,0.9523809523809523,0.9523809523809523
2025,2,2025_02_NE_MIA,away,False,0.01515909220789857,-110.0,1,0.5151590922078986,0.9090909090909091,0.9090909090909091
2025,2,2025_02_ATL_MIN,away,False,0.007706621760530046,-115.0,1,0.5185408579468789,0.8695652173913043,0.8695652173913043
2025,2,2025_02_SF_NO,home,False,0.004134392959166344,-110.0,0,0.5041343929591664,0.9090909090909091,-1.0
2025,2,2025_02_BUF_NYJ,home,False,0.029632919695267393,-108.0,0,0.5253031656252986,0.9259259259259259,-1.0
2025,2,2025_02_SEA_PIT,away,False,0.011089486103945456,-110.0,1,0.5110894861039454,0.9090909090909091,0.9090909090909091
2025,2,2025_02_LA_TEN,away,True,0.006742331057554646,-108.0,1,0.5024125769875858,0.9259259259259259,0.9259259259259259
2025,3,2025_03_DET_BAL,away,False,0.009682391458597409,-105.0,1,0.4988481552722485,0.9523809523809523,0.9523809523809523
2025,3,2025_03_MIA_BUF,home,True,0.012268713154770905,-110.0,0,0.512268713154771,0.9090909090909091,-1.0
2025,3,2025_03_ATL_CAR,home,False,0.009447275862372338,-115.0,1,0.5202815120487212,0.8695652173913043,0.8695652173913043
2025,3,2025_03_DAL_CHI,home,False,0.0160865158473338,-105.0,1,0.505252279660985,0.9523809523809523,0.9523809523809523
2025,3,2025_03_GB_CLE,home,False,0.029688279576849438,-118.0,1,0.5470524052931195,0.847457627118644,0.847457627118644
2025,3,2025_03_HOU_JAX,away,False,0.016578223261227293,-108.0,0,0.5122484691912584,0.9259259259259259,-1.0
2025,3,2025_03_DEN_LAC,home,True,0.004312686992221548,-120.0,1,0.5260518174270041,0.8333333333333334,0.8333333333333334
2025,3,2025_03_CIN_MIN,home,True,0.0011877094525974462,-110.0,1,0.5011877094525975,0.9090909090909091,0.9090909090909091
2025,3,2025_03_PIT_NE,away,True,0.012697722553519072,-105.0,1,0.5018634863671702,0.9523809523809523,0.9523809523809523
2025,3,2025_03_KC_NYG,home,False,0.012928367701608337,-105.0,0,0.5020941315152595,0.9523809523809523,-1.0
2025,3,2025_03_LA_PHI,away,False,0.03829124460076288,-108.0,0,0.533961490530794,0.9259259259259259,-1.0
2025,3,2025_03_NO_SEA,home,True,0.0034831951537397125,-105.0,1,0.49264895896739086,0.9523809523809523,0.9523809523809523
2025,3,2025_03_ARI_SF,away,False,0.009887232444176568,-112.0,1,0.5142169865141454,0.8928571428571429,0.8928571428571429
2025,3,2025_03_NYJ_TB,home,True,0.0022538178560144004,-115.0,0,0.5130880540423632,0.8695652173913043,-1.0
2025,3,2025_03_IND_TEN,away,True,0.009264053073421668,-108.0,1,0.5049342990034529,0.9259259259259259,0.9259259259259259
2025,3,2025_03_LV_WAS,away,False,0.0263336805510415,100.0,0,0.5045945501162589,1.0,-1.0
2025,4,2025_04_SEA_ARI,away,True,0.018348310076276103,-110.0,1,0.5183483100762761,0.9090909090909091,0.9090909090909091
2025,4,2025_04_WAS_ATL,home,True,0.002510876721353139,-110.0,1,0.5025108767213531,0.9090909090909091,0.9090909090909091
2025,4,2025_04_NO_BUF,away,False,0.02365790109041836,-115.0,1,0.5344921372767671,0.8695652173913043,0.8695652173913043
2025,4,2025_04_GB_DAL,home,False,0.016546860246854908,-115.0,1,0.5273810964332037,0.8695652173913043,0.8695652173913043
2025,4,2025_04_CIN_DEN,home,True,0.00518400099494544,-105.0,1,0.49434976480859655,0.9523809523809523,0.9523809523809523
2025,4,2025_04_CLE_DET,away,False,0.038096415400138244,-108.0,0,0.5337666613301694,0.9259259259259259,-1.0
2025,4,2025_04_TEN_HOU,home,True,0.005471414260560334,-105.0,1,0.4946371780742115,0.9523809523809523,0.9523809523809523
2025,4,2025_04_BAL_KC,away,True,0.011754700970715959,-120.0,0,0.5334938314054986,0.8333333333333334,-1.0
2025,4,2025_04_IND_LA,home,True,0.004668085377396941,-115.0,1,0.5155023215637458,0.8695652173913043,0.8695652173913043
2025,4,2025_04_CHI_LV,away,False,0.006356433881484496,-110.0,1,0.5063564338814845,0.9090909090909091,0.9090909090909091
2025,4,2025_04_NYJ_MIA,away,False,0.03321338672699878,-105.0,0,0.5223791505406499,0.9523809523809523,-1.0
2025,4,2025_04_CAR_NE,away,False,0.0019947223205233956,-108.0,0,0.49766496825055456,0.9259259259259259,-1.0
2025,4,2025_04_LAC_NYG,home,False,0.015139246255597453,-108.0,1,0.5108094921856287,0.9259259259259259,0.9259259259259259
2025,4,2025_04_MIN_PIT,away,True,0.009739525555557915,-125.0,0,0.5422070580230904,0.8,-1.0
2025,4,2025_04_JAX_SF,away,False,0.0025617877482092986,-120.0,1,0.5243009181829918,0.8333333333333334,0.8333333333333334
2025,4,2025_04_PHI_TB,away,True,0.005849635957003629,-102.0,1,0.4884855102407334,0.9803921568627451,0.9803921568627451
2025,5,2025_05_TEN_ARI,home,True,0.003762105245942232,-112.0,0,0.508091859315911,0.8928571428571429,-1.0
2025,5,2025_05_HOU_BAL,away,True,0.00834481905504747,-118.0,1,0.5257089447713176,0.847457627118644,0.847457627118644
2025,5,2025_05_NE_BUF,away,False,0.023726193576027135,-105.0,1,0.5128919573896783,0.9523809523809523,0.9523809523809523
2025,5,2025_05_MIA_CAR,away,True,0.017174959775984155,-105.0,0,0.5063407235896353,0.9523809523809523,-1.0
2025,5,2025_05_DET_CIN,away,True,0.024844801965342334,-102.0,1,0.5074806762490721,0.9803921568627451,0.9803921568627451
2025,5,2025_05_MIN_CLE,away,True,0.003573367633201324,-110.0,1,0.5035733676332014,0.9090909090909091,0.9090909090909091
2025,5,2025_05_LV_IND,away,False,0.025080736311055687,100.0,0,0.5033416058762731,1.0,-1.0
2025,5,2025_05_KC_JAX,home,False,0.0022599230982544016,-110.0,1,0.5022599230982544,0.9090909090909091,0.9090909090909091
2025,5,2025_05_SF_LA,away,False,0.0027039891067100474,-110.0,1,0.50270398910671,0.9090909090909091,0.9090909090909091
2025,5,2025_05_WAS_LAC,away,False,0.015487726103030229,100.0,1,0.49374859566824764,1.0,1.0
2025,5,2025_05_NYG_NO,home,True,0.0027153070938839285,-105.0,1,0.4918810709075351,0.9523809523809523,0.9523809523809523
2025,5,2025_05_DAL_NYJ,away,False,0.022650840779783903,-120.0,1,0.5443899712145664,0.8333333333333334,0.8333333333333334
2025,5,2025_05_DEN_PHI,away,False,0.005269428218541408,-105.0,1,0.49443519203219255,0.9523809523809523,0.9523809523809523
2025,5,2025_05_TB_SEA,home,True,0.0065068062396725496,-105.0,0,0.49567257005332366,0.9523809523809523,-1.0
2025,6,2025_06_BUF_ATL,home,False,0.015709206079533144,100.0,1,0.49397007564475054,1.0,1.0
2025,6,2025_06_LA_BAL,away,True,0.01919317674951783,-105.0,1,0.508358940563169,0.9523809523809523,0.9523809523809523
2025,6,2025_06_DAL_CAR,home,False,0.0016677079795013316,-102.0,1,0.4843035822632311,0.9803921568627451,0.9803921568627451
2025,6,2025_06_CIN_GB,away,False,0.014826267304017914,-110.0,1,0.5148262673040179,0.9090909090909091,0.9090909090909091
2025,6,2025_06_ARI_IND,home,True,0.00041695476984413005,-110.0,0,0.5004169547698442,0.9090909090909091,-1.0
2025,6,2025_06_SEA_JAX,away,True,0.012495272707259935,100.0,1,0.4907561422724773,1.0,1.0
2025,6,2025_06_DET_KC,away,False,0.03649396950889132,-105.0,0,0.5256597333225425,0.9523809523809523,-1.0
2025,6,2025_06_TEN_LV,home,True,0.0024855751670235624,-110.0,1,0.5024855751670235,0.9090909090909091,0.9090909090909091
2025,6,2025_06_LAC_MIA,home,False,0.014526450696730043,-105.0,1,0.5036922145103812,0.9523809523809523,0.9523809523809523
2025,6,2025_06_NE_NO,away,True,0.01510761509791811,-105.0,1,0.5042733789115692,0.9523809523809523,0.9523809523809523
2025,6,2025_06_PHI_NYG,home,False,0.008949504117048717,100.0,1,0.4872103736822661,1.0,1.0
2025,6,2025_06_DEN_NYJ,home,False,0.0005940927721114264,-120.0,1,0.522333223206894,0.8333333333333334,0.8333333333333334
2025,6,2025_06_CLE_PIT,away,False,0.010398936707560202,100.0,0,0.4886598062727776,1.0,-1.0
2025,6,2025_06_SF_TB,away,False,0.019602789666462124,-105.0,0,0.5087685534801133,0.9523809523809523,-1.0
2025,6,2025_06_CHI_WAS,home,True,0.006472847530259012,-112.0,0,0.5108026016002278,0.8928571428571429,-1.0
2025,7,2025_07_GB_ARI,home,False,0.023512785279763828,-105.0,1,0.5126785490934149,0.9523809523809523,0.9523809523809523
2025,7,2025_07_NO_CHI,home,True,0.004050490583787797,100.0,1,0.4823113601490052,1.0,1.0
2025,7,2025_07_PIT_CIN,away,True,0.013867089742153673,-105.0,0,0.5030328535558048,0.9523809523809523,-1.0
2025,7,2025_07_MIA_CLE,away,False,0.03453208913283968,-102.0,0,0.5171679634165695,0.9803921568627451,-1.0
2025,7,2025_07_WAS_DAL,away,False,0.014038966987819416,-108.0,0,0.5097092129178505,0.9259259259259259,-1.0
2025,7,2025_07_NYG_DEN,away,False,0.04061778142986003,-105.0,1,0.5297835452435111,0.9523809523809523,0.9523809523809523
2025,7,2025_07_TB_DET,away,False,0.0072859787065471075,-112.0,0,0.511615732776516,0.8928571428571429,-1.0
2025,7,2025_07_LA_JAX,away,True,0.00617249879368445,-115.0,1,0.5170067349800332,0.8695652173913043,0.8695652173913043
2025,7,2025_07_LV_KC,home,True,0.00733890881227405,-105.0,1,0.4965046726259252,0.9523809523809523,0.9523809523809523
2025,7,2025_07_IND_LAC,home,True,0.024500173417160934,-112.0,0,0.5288299274871298,0.8928571428571429,-1.0
2025,7,2025_07_PHI_MIN,home,False,0.0001834849574080588,-110.0,0,0.500183484957408,0.9090909090909091,-1.0
2025,7,2025_07_CAR_NYJ,home,True,0.024302196827696423,105.0,0,0.49183466436016393,1.05,-1.0
2025,7,2025_07_HOU_SEA,home,True,0.008829315090634893,-110.0,1,0.5088293150906349,0.9090909090909091,0.9090909090909091
2025,7,2025_07_ATL_SF,away,False,0.01160934764176073,-120.0,0,0.5333484780765433,0.8333333333333334,-1.0
2025,7,2025_07_NE_TEN,away,True,0.03548544247572874,-108.0,1,0.5311556884057599,0.9259259259259259,0.9259259259259259
2025,8,2025_08_MIA_ATL,away,False,0.0005608222393352624,-115.0,1,0.5113950584256841,0.8695652173913043,0.8695652173913043
2025,8,2025_08_CHI_BAL,away,False,0.0034093950155994032,-102.0,0,0.4860452692993292,0.9803921568627451,-1.0
2025,8,2025_08_BUF_CAR,home,False,0.0007897561739687364,-105.0,0,0.4899555199876199,0.9523809523809523,-1.0
2025,8,2025_08_NYJ_CIN,away,False,0.016404589263585106,-112.0,1,0.520734343333554,0.8928571428571429,0.8928571428571429
2025,8,2025_08_DAL_DEN,away,False,0.009645223497823506,-110.0,0,0.5096452234978235,0.9090909090909091,-1.0
2025,8,2025_08_SF_HOU,away,False,0.019653405039631814,100.0,0,0.4979142746048492,1.0,-1.0
2025,8,2025_08_TEN_IND,away,False,0.034763443549665235,-115.0,0,0.545597679736014,0.8695652173913043,-1.0
2025,8,2025_08_WAS_KC,away,False,0.017146890754925606,-105.0,0,0.5063126545685768,0.9523809523809523,-1.0
2025,8,2025_08_MIN_LAC,away,False,0.025623308696718847,100.0,0,0.5038841782619362,1.0,-1.0
2025,8,2025_08_CLE_NE,away,False,0.028695632008426696,-115.0,0,0.5395298681947756,0.8695652173913043,-1.0
2025,8,2025_08_TB_NO,away,True,0.0048069074906236155,-105.0,1,0.49397267130427475,0.9523809523809523,0.9523809523809523
2025,8,2025_08_NYG_PHI,away,False,0.023274003794418213,-102.0,0,0.505909878078148,0.9803921568627451,-1.0
2025,8,2025_08_GB_PIT,away,True,0.02838539774772996,100.0,1,0.5066462673129474,1.0,1.0
2025,9,2025_09_KC_BUF,home,False,0.0072376696851258245,-115.0,1,0.5180719058714747,0.8695652173913043,0.8695652173913043
2025,9,2025_09_CHI_CIN,away,True,0.004026167653031279,-105.0,1,0.4931919314666824,0.9523809523809523,0.9523809523809523
2025,9,2025_09_ARI_DAL,away,False,0.017888034140060988,-115.0,1,0.5287222703264098,0.8695652173913043,0.8695652173913043
2025,9,2025_09_MIN_DET,away,False,0.032692331516024464,-108.0,1,0.5283625774460556,0.9259259259259259,0.9259259259259259
2025,9,2025_09_CAR_GB,away,False,0.015583924748486477,-102.0,1,0.49821979903221625,0.9803921568627451,0.9803921568627451
2025,9,2025_09_DEN_HOU,home,True,0.00040418448867487463,-110.0,0,0.5004041844886749,0.9090909090909091,-1.0
2025,9,2025_09_NO_LA,away,False,0.007784520574130018,-105.0,0,0.49695028438778116,0.9523809523809523,-1.0
2025,9,2025_09_JAX_LV,home,False,0.0019361994857372165,-115.0,1,0.512770435672086,0.8695652173913043,0.8695652173913043
2025,9,2025_09_BAL_MIA,home,False,0.007851913105625946,100.0,0,0.48611278267084335,1.0,-1.0
2025,9,2025_09_ATL_NE,away,False,0.033679208809254055,-110.0,1,0.533679208809254,0.9090909090909091,0.9090909090909091
2025,9,2025_09_SF_NYG,away,True,0.004832615388044225,-120.0,1,0.5265717458228268,0.8333333333333334,0.8333333333333334
2025,9,2025_09_IND_PIT,away,True,0.024078833922618198,100.0,0,0.5023397034878356,1.0,-1.0
2025,9,2025_09_LAC_TEN,home,False,0.007361694896935061,-108.0,1,0.5030319408269662,0.9259259259259259,0.9259259259259259
2025,9,2025_09_SEA_WAS,home,False,0.002477921255417481,100.0,0,0.48073879082063486,1.0,-1.0
2025,10,2025_10_NO_CAR,away,False,0.00046525032509764916,-112.0,1,0.5047950043950665,0.8928571428571429,0.8928571428571429
2025,10,2025_10_NYG_CHI,away,False,0.016624586035898063,-108.0,1,0.5122948319659293,0.9259259259259259,0.9259259259259259
2025,10,2025_10_LV_DEN,away,False,0.026738408531595176,-112.0,1,0.531068162601564,0.8928571428571429,0.8928571428571429
2025,10,2025_10_PHI_GB,home,True,0.0058032628496206325,102.0,0,0.4797166775879008,1.02,-1.0
2025,10,2025_10_JAX_HOU,away,True,0.03748884742606012,100.0,0,0.5157497169912775,1.0,-1.0
2025,10,2025_10_ATL_IND,home,True,0.007171911463152735,-108.0,0,0.5028421573931839,0.9259259259259259,-1.0
2025,10,2025_10_PIT_LAC,home,True,0.006523689810373989,-102.0,1,0.48915956409410377,0.9803921568627451,0.9803921568627451
2025,10,2025_10_BUF_MIA,away,True,0.04135530828477492,-105.0,0,0.530521072098426,0.9523809523809523,-1.0
2025,10,2025_10_BAL_MIN,away,True,0.014227750380581774,-105.0,1,0.503393514194233,0.9523809523809523,0.9523809523809523
2025,10,2025_10_CLE_NYJ,away,True,0.0006920682327787919,-115.0,0,0.5115263044191276,0.8695652173913043,-1.0
2025,10,2025_10_ARI_SEA,away,False,0.001335370554833881,-115.0,0,0.5121696067411827,0.8695652173913043,-1.0
2025,10,2025_10_LA_SF,home,False,0.0017879216024717785,-105.0,0,0.4909536854161229,0.9523809523809523,-1.0
2025,10,2025_10_NE_TB,away,False,0.035793554290751844,100.0,1,0.5140544238559692,1.0,1.0
2025,10,2025_10_DET_WAS,away,True,0.030193599502293535,-105.0,1,0.5193593633159447,0.9523809523809523,0.9523809523809523
2025,11,2025_11_SF_ARI,away,True,0.00678104209003216,-105.0,1,0.4959468059036833,0.9523809523809523,0.9523809523809523
2025,11,2025_11_CAR_ATL,away,False,0.003867431609609728,-118.0,1,0.5212315573258798,0.847457627118644,0.847457627118644
2025,11,2025_11_TB_BUF,away,False,0.017629744578413667,-108.0,0,0.5132999905084449,0.9259259259259259,-1.0
2025,11,2025_11_BAL_CLE,home,False,0.004939684244020009,-115.0,1,0.5157739204303688,0.8695652173913043,0.8695652173913043
2025,11,2025_11_KC_DEN,home,False,0.014167725900561217,100.0,1,0.4924285954657786,1.0,1.0
2025,11,2025_11_LAC_JAX,away,True,0.018054878708090395,-105.0,0,0.5072206425217415,0.9523809523809523,-1.0
2025,11,2025_11_SEA_LA,away,False,0.017668944281296978,100.0,1,0.49592981384651436,1.0,1.0
2025,11,2025_11_DAL_LV,home,False,0.015003161216519902,-105.0,0,0.5041689250301711,0.9523809523809523,-1.0
2025,11,2025_11_WAS_MIA,away,False,0.017535973808060046,100.0,0,0.49579684337327745,1.0,-1.0
2025,11,2025_11_CHI_MIN,home,True,0.002723754643136997,-105.0,0,0.49188951845678813,0.9523809523809523,-1.0
2025,11,2025_11_NYJ_NE,home,True,0.007426551999405406,-115.0,1,0.5182607881857543,0.8695652173913043,0.8695652173913043
2025,11,2025_11_GB_NYG,away,True,0.028772211595822803,-110.0,0,0.5287722115958228,0.9090909090909091,-1.0
2025,11,2025_11_DET_PHI,away,False,0.022956085791211722,-102.0,0,0.5055919600749414,0.9803921568627451,-1.0
2025,11,2025_11_CIN_PIT,away,False,0.020096003922202465,-108.0,0,0.5157662498522336,0.9259259259259259,-1.0
2025,11,2025_11_HOU_TEN,home,False,0.007640706249076839,-112.0,1,0.5119704603190457,0.8928571428571429,0.8928571428571429
2025,12,2025_12_JAX_ARI,away,True,0.002675964659752006,-108.0,1,0.4983462105897832,0.9259259259259259,0.9259259259259259
2025,12,2025_12_NYJ_BAL,away,False,0.011945149474903032,-110.0,1,0.511945149474903,0.9090909090909091,0.9090909090909091
2025,12,2025_12_PIT_CHI,away,False,0.00864294622080996,-115.0,1,0.5194771824071588,0.8695652173913043,0.8695652173913043
2025,12,2025_12_NE_CIN,away,True,0.0026845853760996295,-108.0,0,0.4983548313061308,0.9259259259259259,-1.0
2025,12,2025_12_PHI_DAL,home,False,0.014120794137125314,-115.0,1,0.5249550303234741,0.8695652173913043,0.8695652173913043
2025,12,2025_12_NYG_DET,away,False,0.004583189702940876,-115.0,1,0.5154174258892897,0.8695652173913043,0.8695652173913043
2025,12,2025_12_MIN_GB,away,False,0.01116512725350155,-112.0,0,0.5154948813234703,0.8928571428571429,-1.0
2025,12,2025_12_BUF_HOU,away,True,0.002121009641224497,-108.0,0,0.4977912555712557,0.9259259259259259,-1.0
2025,12,2025_12_IND_KC,away,False,0.030210233926420974,100.0,1,0.5084711034916384,1.0,1.0
2025,12,2025_12_TB_LA,away,False,0.020716471825119473,-110.0,0,0.5207164718251195,0.9090909090909091,-1.0
2025,12,2025_12_CLE_LV,home,True,0.01133724889298137,-115.0,0,0.5221714850793302,0.8695652173913043,-1.0
2025,12,2025_12_ATL_NO,away,False,0.0012076669307271137,-112.0,1,0.505537421000696,0.8928571428571429,0.8928571428571429
2025,12,2025_12_CAR_SF,away,False,0.008629274875466735,-115.0,0,0.5194635110618155,0.8695652173913043,-1.0
2025,12,2025_12_SEA_TEN,away,True,0.00042416171341977393,-115.0,0,0.5112583978997686,0.8695652173913043,-1.0
2025,13,2025_13_CIN_BAL,away,False,0.03100973050725608,100.0,1,0.5092706000724735,1.0,1.0
2025,13,2025_13_LA_CAR,home,False,0.03565696595078288,-110.0,1,0.5356569659507828,0.9090909090909091,0.9090909090909091
2025,13,2025_13_SF_CLE,away,True,0.003762927537483601,-108.0,1,0.49943317346751476,0.9259259259259259,0.9259259259259259
2025,13,2025_13_KC_DAL,home,False,0.022947775267469023,-115.0,1,0.5337820114538179,0.8695652173913043,0.8695652173913043
2025,13,2025_13_GB_DET,away,False,0.020759938716426563,105.0,1,0.4882924062488941,1.05,1.05
2025,13,2025_13_HOU_IND,away,False,0.02048572807936785,-105.0,1,0.509651491893019,0.9523809523809523,0.9523809523809523
2025,13,2025_13_LV_LAC,home,True,0.003662939602291598,-105.0,1,0.4928287034159427,0.9523809523809523,0.9523809523809523
2025,13,2025_13_NO_MIA,away,False,0.017380855081115525,-110.0,1,0.5173808550811155,0.9090909090909091,0.9090909090909091
2025,13,2025_13_NYG_NE,away,False,0.020886015287952156,-105.0,0,0.5100517791016033,0.9523809523809523,-1.0
2025,13,2025_13_ATL_NYJ,away,True,0.011012626266171048,-112.0,0,0.5153423803361399,0.8928571428571429,-1.0
2025,13,2025_13_CHI_PHI,away,False,0.023454811901529496,-105.0,1,0.5126205757151806,0.9523809523809523,0.9523809523809523
2025,13,2025_13_BUF_PIT,away,True,0.00866648681982558,-115.0,1,0.5195007230061744,0.8695652173913043,0.8695652173913043
2025,13,2025_13_MIN_SEA,home,True,0.006822262272611978,-110.0,1,0.506822262272612,0.9090909090909091,0.9090909090909091
2025,13,2025_13_ARI_TB,away,False,0.005125642094415594,-115.0,1,0.5159598782807644,0.8695652173913043,0.8695652173913043
2025,13,2025_13_JAX_TEN,home,False,0.0016201828973631093,-112.0,0,0.5059499369673319,0.8928571428571429,-1.0
2025,13,2025_13_DEN_WAS,away,True,0.008316094597465237,-105.0,0,0.49748185841111636,0.9523809523809523,-1.0
2025,14,2025_14_LA_ARI,home,False,0.016427338849190575,-110.0,0,0.5164273388491906,0.9090909090909091,-1.0
2025,14,2025_14_SEA_ATL,away,True,0.004224538945619888,100.0,1,0.4824854085108373,1.0,1.0
2025,14,2025_14_PIT_BAL,away,False,0.013548562113421168,100.0,1,0.49180943167863855,1.0,1.0
2025,14,2025_14_CIN_BUF,away,False,0.013185774553526514,-108.0,1,0.5088560204835577,0.9259259259259259,0.9259259259259259
2025,14,2025_14_TEN_CLE,home,True,0.0014536598137307427,100.0,0,0.47971452937894815,1.0,-1.0
2025,14,2025_14_DAL_DET,home,True,0.01196567988471649,-110.0,1,0.5119656798847165,0.9090909090909091,0.9090909090909091
2025,14,2025_14_CHI_GB,home,True,0.004954243480132153,-115.0,1,0.515788479666481,0.8695652173913043,0.8695652173913043
2025,14,2025_14_IND_JAX,away,True,0.030674496565885126,-112.0,0,0.535004250635854,0.8928571428571429,-1.0
2025,14,2025_14_HOU_KC,away,False,0.02531063012236455,-115.0,1,0.5361448663087134,0.8695652173913043,0.8695652173913043
2025,14,2025_14_PHI_LAC,away,True,0.015111422784176355,-105.0,0,0.5042771865978275,0.9523809523809523,-1.0
2025,14,2025_14_DEN_LV,home,False,0.02789900728312468,-110.0,1,0.5278990072831247,0.9090909090909091,0.9090909090909091
2025,14,2025_14_WAS_MIN,home,False,0.0004319202545701672,-118.0,1,0.5177960459708403,0.847457627118644,0.847457627118644
2025,14,2025_14_MIA_NYJ,home,False,0.005540975934551065,-105.0,0,0.4947067397482022,0.9523809523809523,-1.0
2025,14,2025_14_NO_TB,away,False,0.010878462323098213,-102.0,1,0.493514336606828,0.9803921568627451,0.9803921568627451
2025,15,2025_15_CLE_CHI,away,False,0.011307711953078586,-112.0,0,0.5156374660230474,0.8928571428571429,-1.0
2025,15,2025_15_BAL_CIN,home,False,0.011561971901958514,105.0,0,0.47909443943442603,1.05,-1.0
2025,15,2025_15_MIN_DAL,away,False,0.02543629036340915,-110.0,1,0.5254362903634091,0.9090909090909091,0.9090909090909091
2025,15,2025_15_GB_DEN,away,True,0.008292929311167695,-108.0,0,0.5039631752411988,0.9259259259259259,-1.0
2025,15,2025_15_ARI_HOU,away,False,0.006706416009486276,-110.0,0,0.5067064160094863,0.9090909090909091,-1.0
2025,15,2025_15_NYJ_JAX,away,False,0.03872066266664243,-105.0,0,0.5278864264802936,0.9523809523809523,-1.0
2025,15,2025_15_LAC_KC,away,False,0.028805796482626014,100.0,1,0.5070666660478435,1.0,1.0
2025,15,2025_15_DET_LA,away,False,0.004265000586892878,-105.0,0,0.493430764400544,0.9523809523809523,-1.0
2025,15,2025_15_BUF_NE,away,True,0.024119106063903526,-110.0,1,0.5241191060639036,0.9090909090909091,0.9090909090909091
2025,15,2025_15_CAR_NO,away,True,0.0066995283067831255,-118.0,0,0.5240636540230532,0.847457627118644,-1.0
2025,15,2025_15_WAS_NYG,away,False,0.03040670305379951,-105.0,1,0.5195724668674506,0.9523809523809523,0.9523809523809523
2025,15,2025_15_LV_PHI,away,False,0.03189467680687999,-108.0,0,0.5275649227369111,0.9259259259259259,-1.0
2025,15,2025_15_MIA_PIT,away,False,0.00829708524471322,-102.0,0,0.490932959528443,0.9803921568627451,-1.0
2025,15,2025_15_IND_SEA,away,False,0.028091145783042743,-105.0,1,0.5172569095966939,0.9523809523809523,0.9523809523809523
2025,15,2025_15_TEN_SF,home,True,0.004472746524739951,-112.0,1,0.5088025005947088,0.8928571428571429,0.8928571428571429
2025,15,2025_15_ATL_TB,away,False,0.005482919395265373,-112.0,1,0.5098126734652342,0.8928571428571429,0.8928571428571429
2025,16,2025_16_ATL_ARI,home,False,0.00940775438503469,-105.0,0,0.49857351819868584,0.9523809523809523,-1.0
2025,16,2025_16_NE_BAL,away,False,0.02150388662028599,-115.0,1,0.5323381228066348,0.8695652173913043,0.8695652173913043
2025,16,2025_16_TB_CAR,away,True,0.015046745754916062,100.0,0,0.49330761532013345,1.0,-1.0
2025,16,2025_16_GB_CHI,away,False,0.023570052809856683,-115.0,0,0.5344042889962055,0.8695652173913043,-1.0
2025,16,2025_16_BUF_CLE,away,True,0.006631231120308134,-110.0,0,0.5066312311203082,0.9090909090909091,-1.0
2025,16,2025_16_LAC_DAL,home,True,0.004052606281979212,-105.0,0,0.49321837009563035,0.9523809523809523,-1.0
2025,16,2025_16_JAX_DEN,home,True,0.011323845688532019,100.0,0,0.4895847152537494,1.0,-1.0
2025,16,2025_16_PIT_DET,away,False,0.013328798212461803,-105.0,1,0.502494562026113,0.9523809523809523,0.9523809523809523
2025,16,2025_16_LV_HOU,away,False,0.04430983732083109,-115.0,1,0.5551440735071799,0.8695652173913043,0.8695652173913043
2025,16,2025_16_SF_IND,home,False,0.00559561095807925,-115.0,0,0.5164298471444281,0.8695652173913043,-1.0
2025,16,2025_16_CIN_MIA,home,False,0.0037076084986492784,100.0,0,0.48196847806386667,1.0,-1.0
2025,16,2025_16_NYJ_NO,away,False,0.005101734774989677,-105.0,0,0.4942674985886408,0.9523809523809523,-1.0
2025,16,2025_16_MIN_NYG,away,True,0.01578105966625231,-118.0,1,0.5331451853825224,0.847457627118644,0.847457627118644
2025,16,2025_16_LA_SEA,away,False,0.01919594505498514,-110.0,1,0.5191959450549851,0.9090909090909091,0.9090909090909091
2025,16,2025_16_KC_TEN,away,True,0.018903260862439996,100.0,0,0.4971641304276574,1.0,-1.0
2025,16,2025_16_PHI_WAS,away,True,0.013086558073128973,-120.0,1,0.5348256885079116,0.8333333333333334,0.8333333333333334
2025,17,2025_17_LA_ATL,away,True,0.0025122806960640506,-102.0,0,0.48514815497979386,0.9803921568627451,-1.0
2025,17,2025_17_PHI_BUF,away,False,0.012838578837786867,-108.0,1,0.508508824767818,0.9259259259259259,0.9259259259259259
2025,17,2025_17_SEA_CAR,away,True,0.006051143962374222,-118.0,1,0.5234152696786444,0.847457627118644,0.847457627118644
2025,17,2025_17_ARI_CIN,away,False,0.016414597768431915,-110.0,0,0.5164145977684319,0.9090909090909091,-1.0
2025,17,2025_17_PIT_CLE,away,True,0.008728718820030906,-108.0,0,0.5043989647500621,0.9259259259259259,-1.0
2025,17,2025_17_BAL_GB,away,False,0.01665244052438726,-108.0,1,0.5123226864544185,0.9259259259259259,0.9259259259259259
2025,17,2025_17_JAX_IND,home,False,0.004533027520381386,-105.0,0,0.4936987913340325,0.9523809523809523,-1.0
2025,17,2025_17_DEN_KC,home,False,0.0019391650649723756,-115.0,1,0.5127734012513212,0.8695652173913043,0.8695652173913043
2025,17,2025_17_HOU_LAC,away,False,0.021929383061202144,-115.0,1,0.532763619247551,0.8695652173913043,0.8695652173913043
2025,17,2025_17_NYG_LV,home,False,0.006342034163641713,-118.0,0,0.5237061598799119,0.847457627118644,-1.0
2025,17,2025_17_TB_MIA,away,True,0.018464038175640345,-108.0,0,0.5141342841056715,0.9259259259259259,-1.0
2025,17,2025_17_DET_MIN,home,False,0.014848462738624495,100.0,1,0.4931093323038419,1.0,1.0
2025,17,2025_17_NE_NYJ,home,False,0.03870274799987416,100.0,0,0.5169636175650916,1.0,-1.0
2025,17,2025_17_CHI_SF,away,False,0.018680450139511952,-105.0,0,0.5078462139531631,0.9523809523809523,-1.0
2025,17,2025_17_NO_TEN,away,True,0.003888607614197986,-110.0,1,0.503888607614198,0.9090909090909091,0.9090909090909091
2025,17,2025_17_DAL_WAS,home,False,0.010960225541436941,100.0,1,0.48922109510665435,1.0,1.0
2025,18,2025_18_NO_ATL,home,True,0.0192557508591701,-105.0,0,0.5084215146728213,0.9523809523809523,-1.0
2025,18,2025_18_NYJ_BUF,home,True,0.00684776129377404,-108.0,1,0.5025180072238052,0.9259259259259259,0.9259259259259259
2025,18,2025_18_DET_CHI,away,False,0.04176339535247468,-110.0,1,0.5417633953524746,0.9090909090909091,0.9090909090909091
2025,18,2025_18_CLE_CIN,away,False,0.010633894527760406,-112.0,1,0.5149636485977293,0.8928571428571429,0.8928571428571429
2025,18,2025_18_LAC_DEN,away,False,0.028063483533489916,-108.0,0,0.523733729463521,0.9259259259259259,-1.0
2025,18,2025_18_IND_HOU,away,False,0.039411310355383526,-110.0,1,0.5394113103553835,0.9090909090909091,0.9090909090909091
2025,18,2025_18_TEN_JAX,home,True,0.005662359346701639,-110.0,1,0.5056623593467017,0.9090909090909091,0.9090909090909091
2025,18,2025_18_ARI_LA,away,False,0.008198527819363671,-115.0,0,0.5190327640057125,0.8695652173913043,-1.0
2025,18,2025_18_KC_LV,home,False,0.029646471445285236,-108.0,1,0.5253167173753164,0.9259259259259259,0.9259259259259259
2025,18,2025_18_GB_MIN,home,True,0.001988009296257548,-112.0,1,0.5063177633662264,0.8928571428571429,0.8928571428571429
2025,18,2025_18_MIA_NE,away,False,0.01805470188571587,-112.0,0,0.5223844559556847,0.8928571428571429,-1.0
2025,18,2025_18_DAL_NYG,away,True,0.010755173396272282,-115.0,0,0.5215894095826211,0.8695652173913043,-1.0
2025,18,2025_18_WAS_PHI,away,False,0.024395606145680405,-105.0,1,0.5135613699593315,0.9523809523809523,0.9523809523809523
2025,18,2025_18_BAL_PIT,away,True,0.007147238279293402,-105.0,0,0.49631300209294454,0.9523809523809523,-1.0
2025,18,2025_18_SEA_SF,away,True,0.02099962865943109,-120.0,1,0.5427387590942137,0.8333333333333334,0.8333333333333334
2025,18,2025_18_CAR_TB,away,False,0.009597724442433741,-115.0,1,0.5204319606287826,0.8695652173913043,0.8695652173913043
