season,week,game_id,picked_side,picked_favorite,edge,odds,correct,profit_if_win,profit
2018,1,2018_01_WAS_ARI,away,False,0.010843176387991448,-104.0,1,0.9615384615384616,0.9615384615384616
2018,1,2018_01_BUF_BAL,away,False,0.015051400235877891,-106.0,0,0.9433962264150944,-1.0
2018,1,2018_01_DAL_CAR,away,False,-0.003937860003876803,110.0,0,1.1,-1.0
2018,1,2018_01_PIT_CLE,away,True,0.03440957479208278,105.0,0,1.05,-1.0
2018,1,2018_01_SEA_DEN,away,False,0.03778168339556906,109.0,1,1.09,1.09
2018,1,2018_01_NYJ_DET,away,False,0.007143791478482194,103.0,1,1.03,1.03
2018,1,2018_01_CHI_GB,away,False,0.00894144903628145,-110.0,1,0.9090909090909091,0.9090909090909091
2018,1,2018_01_CIN_IND,away,True,0.013861084844326693,102.0,1,1.02,1.02
2018,1,2018_01_KC_LAC,away,False,-0.0023896642818989396,-104.0,1,0.9615384615384616,0.9615384615384616
2018,1,2018_01_TEN_MIA,away,True,0.005868581717091431,-107.0,0,0.9345794392523364,-1.0
2018,1,2018_01_SF_MIN,home,True,-0.0038050124169532514,-108.0,1,0.9259259259259259,0.9259259259259259
2018,1,2018_01_HOU_NE,away,False,0.0341788467083579,-105.0,0,0.9523809523809523,-1.0
2018,1,2018_01_TB_NO,away,False,0.03523461029356706,-108.0,1,0.9259259259259259,0.9259259259259259
2018,1,2018_01_JAX_NYG,away,True,-0.0011441228119361878,-117.0,1,0.8547008547008547,0.8547008547008547
2018,1,2018_01_ATL_PHI,away,False,0.0005416175759161423,-111.0,0,0.9009009009009009,-1.0
2018,2,2018_02_CAR_ATL,home,True,0.013700841972524795,-108.0,1,0.9259259259259259,0.9259259259259259
2018,2,2018_02_LAC_BUF,home,False,0.013093950117001568,-115.0,0,0.8695652173913043,-1.0
2018,2,2018_02_SEA_CHI,home,True,-0.00271652716271375,-108.0,1,0.9259259259259259,0.9259259259259259
2018,2,2018_02_BAL_CIN,home,True,0.006295259328171476,-109.0,1,0.9174311926605505,0.9174311926605505
2018,2,2018_02_NYG_DAL,away,False,0.004537538894639464,-108.0,0,0.9259259259259259,-1.0
2018,2,2018_02_MIN_GB,away,True,0.022111467890360285,100.0,0,1.0,-1.0
2018,2,2018_02_NE_JAX,away,True,0.0011519652708704919,-110.0,0,0.9090909090909091,-1.0
2018,2,2018_02_ARI_LA,home,True,0.019195867064881175,-100.0,1,1.0,1.0
2018,2,2018_02_CLE_NO,away,False,0.006403030744958093,-108.0,1,0.9259259259259259,0.9259259259259259
2018,2,2018_02_MIA_NYJ,away,False,0.017506322479728803,103.0,1,1.03,1.03
2018,2,2018_02_KC_PIT,away,False,-0.001366626999228132,-108.0,1,0.9259259259259259,0.9259259259259259
2018,2,2018_02_DET_SF,home,True,-0.001974034320131621,101.0,0,1.01,-1.0
2018,2,2018_02_PHI_TB,away,True,0.01451738083713046,106.0,0,1.06,-1.0
2018,2,2018_02_HOU_TEN,away,True,0.0239101994027091,103.0,0,1.03,-1.0
2018,2,2018_02_IND_WAS,home,True,0.013155344715369749,-102.0,0,0.9803921568627451,-1.0
2018,3,2018_03_CHI_ARI,away,True,-0.0007246391160431353,-100.0,0,1.0,-1.0
2018,3,2018_03_NO_ATL,home,True,0.006671326522621723,-110.0,0,0.9090909090909091,-1.0
2018,3,2018_03_DEN_BAL,home,True,-0.0010193619058935454,-104.0,1,0.9615384615384616,0.9615384615384616
2018,3,2018_03_CIN_CAR,away,False,0.03333864127450887,106.0,0,1.06,-1.0
2018,3,2018_03_NYJ_CLE,away,False,7.73543619496081e-05,103.0,0,1.03,-1.0
2018,3,2018_03_NE_DET,away,True,0.02620217962969711,107.0,0,1.07,-1.0
2018,3,2018_03_NYG_HOU,away,False,-0.0036657598327373806,-109.0,1,0.9174311926605505,0.9174311926605505
2018,3,2018_03_TEN_JAX,away,False,-0.0016169444364987238,-111.0,1,0.9009009009009009,0.9009009009009009
2018,3,2018_03_SF_KC,home,True,-0.002225733317756906,-108.0,1,0.9259259259259259,0.9259259259259259
2018,3,2018_03_LAC_LA,home,True,0.003365884982553535,111.0,1,1.11,1.11
2018,3,2018_03_BUF_MIN,away,False,0.040463993743913,-108.0,1,0.9259259259259259,0.9259259259259259
2018,3,2018_03_IND_PHI,away,False,0.011166017161045188,-103.0,1,0.970873786407767,0.970873786407767
2018,3,2018_03_DAL_SEA,home,True,-0.0022726345895672847,-108.0,1,0.9259259259259259,0.9259259259259259
2018,3,2018_03_PIT_TB,away,False,0.011351398403177983,101.0,1,1.01,1.01
2018,3,2018_03_GB_WAS,home,False,0.03306403670106389,-101.0,1,0.9900990099009901,0.9900990099009901
2018,4,2018_04_SEA_ARI,home,False,0.0013615352247737576,100.0,1,1.0,1.0
2018,4,2018_04_CIN_ATL,home,True,0.0008176700082707905,102.0,0,1.02,-1.0
2018,4,2018_04_TB_CHI,away,False,0.005158374207424182,-127.0,0,0.7874015748031497,-1.0
2018,4,2018_04_DET_DAL,away,False,0.006654223560604671,102.0,1,1.02,1.02
2018,4,2018_04_KC_DEN,away,True,0.05153528743217643,102.0,1,1.02,1.02
2018,4,2018_04_BUF_GB,away,False,0.013006375396203267,-103.0,0,0.970873786407767,-1.0
2018,4,2018_04_HOU_IND,home,False,0.0023652192555388583,-103.0,0,0.970873786407767,-1.0
2018,4,2018_04_NYJ_JAX,away,False,0.0016030343424930037,-121.0,0,0.8264462809917356,-1.0
2018,4,2018_04_MIN_LA,home,True,0.007608664740544366,104.0,0,1.04,-1.0
2018,4,2018_04_SF_LAC,away,False,0.012055846128791252,-118.0,1,0.847457627118644,0.847457627118644
2018,4,2018_04_MIA_NE,home,True,-0.0012782094484591721,-108.0,1,0.9259259259259259,0.9259259259259259
2018,4,2018_04_NO_NYG,away,True,0.03350320498729961,109.0,1,1.09,1.09
2018,4,2018_04_BAL_PIT,away,False,-0.0011472737377863943,103.0,1,1.03,1.03
2018,4,2018_04_PHI_TEN,away,True,0.00711296905157431,103.0,0,1.03,-1.0
2018,5,2018_05_TEN_BUF,home,False,0.023258984825886078,101.0,1,1.01,1.01
2018,5,2018_05_NYG_CAR,away,False,0.002676121355274008,-125.0,1,0.8,0.8
2018,5,2018_05_MIA_CIN,home,True,-0.001397849048390487,-103.0,1,0.970873786407767,0.970873786407767
2018,5,2018_05_BAL_CLE,away,True,0.013403966101844482,-119.0,0,0.8403361344537815,-1.0
2018,5,2018_05_GB_DET,home,True,0.015529766427020884,-117.0,1,0.8547008547008547,0.8547008547008547
2018,5,2018_05_DAL_HOU,home,True,0.022770626719728987,102.0,0,1.02,-1.0
2018,5,2018_05_JAX_KC,away,False,0.007590757059710767,-115.0,0,0.8695652173913043,-1.0
2018,5,2018_05_IND_NE,home,True,0.008603691338686464,-101.0,1,0.9900990099009901,0.9900990099009901
2018,5,2018_05_WAS_NO,away,False,0.007792045108053275,-103.0,0,0.970873786407767,-1.0
2018,5,2018_05_DEN_NYJ,home,False,0.0012261960164480943,-110.0,1,0.9090909090909091,0.9090909090909091
2018,5,2018_05_MIN_PHI,home,True,0.013787979314845537,-104.0,0,0.9615384615384616,-1.0
2018,5,2018_05_ATL_PIT,home,True,0.0026223173442939504,-103.0,1,0.970873786407767,0.970873786407767
2018,5,2018_05_LA_SEA,away,True,0.01863805676132516,102.0,0,1.02,-1.0
2018,5,2018_05_ARI_SF,away,False,0.03584428341424525,-103.0,1,0.970873786407767,0.970873786407767
2018,6,2018_06_TB_ATL,away,False,-0.0029562999217075,-103.0,0,0.970873786407767,-1.0
2018,6,2018_06_PIT_CIN,away,False,0.013674149284318959,-103.0,1,0.970873786407767,0.970873786407767
2018,6,2018_06_LAC_CLE,away,False,0.01298032521557691,-112.0,1,0.8928571428571429,0.8928571428571429
2018,6,2018_06_JAX_DAL,away,True,0.009459201132324218,-119.0,0,0.8403361344537815,-1.0
2018,6,2018_06_LA_DEN,away,True,0.001051794094380859,-103.0,0,0.970873786407767,-1.0
2018,6,2018_06_SF_GB,away,False,0.021409191583920704,-108.0,1,0.9259259259259259,0.9259259259259259
2018,6,2018_06_BUF_HOU,home,True,0.023427531023831993,106.0,0,1.06,-1.0
2018,6,2018_06_CHI_MIA,away,True,0.009233277940790569,110.0,0,1.1,-1.0
2018,6,2018_06_ARI_MIN,away,False,0.007371840005881957,-126.0,1,0.7936507936507936,0.7936507936507936
2018,6,2018_06_KC_NE,away,False,0.0055110983303538474,-103.0,1,0.970873786407767,0.970873786407767
2018,6,2018_06_PHI_NYG,home,False,0.018500274505873104,-100.0,0,1.0,-1.0
2018,6,2018_06_IND_NYJ,away,False,-0.0005138358556300293,106.0,0,1.06,-1.0
2018,6,2018_06_BAL_TEN,away,True,-0.0036315577814247267,-108.0,1,0.9259259259259259,0.9259259259259259
2018,6,2018_06_CAR_WAS,home,False,0.00768814377652191,-102.0,1,0.9803921568627451,0.9803921568627451
2018,7,2018_07_DEN_ARI,home,False,0.007241734622991841,-110.0,0,0.9090909090909091,-1.0
2018,7,2018_07_NYG_ATL,home,True,0.0036948974679314127,-101.0,0,0.9900990099009901,-1.0
2018,7,2018_07_NO_BAL,away,False,0.04386950058113128,102.0,1,1.02,1.02
2018,7,2018_07_NE_CHI,away,True,0.00699429411108749,-120.0,1,0.8333333333333334,0.8333333333333334
2018,7,2018_07_BUF_IND,home,True,-0.0028838367907240755,101.0,1,1.01,1.01
2018,7,2018_07_HOU_JAX,away,False,-0.003095199311350827,-101.0,1,0.9900990099009901,0.9900990099009901
2018,7,2018_07_CIN_KC,home,True,-0.001061085796630945,-106.0,1,0.9433962264150944,0.9433962264150944
2018,7,2018_07_TEN_LAC,away,False,0.052654743231799445,-103.0,1,0.970873786407767,0.970873786407767
2018,7,2018_07_DET_MIA,away,True,0.025494795996098885,-124.0,1,0.8064516129032258,0.8064516129032258
2018,7,2018_07_MIN_NYJ,away,True,-0.0042668690490344045,106.0,1,1.06,1.06
2018,7,2018_07_CAR_PHI,away,False,0.01892243529927192,-102.0,1,0.9803921568627451,0.9803921568627451
2018,7,2018_07_LA_SF,home,False,0.011714695394948849,-101.0,0,0.9900990099009901,-1.0
2018,7,2018_07_CLE_TB,away,False,-0.002101037911510284,-105.0,1,0.9523809523809523,0.9523809523809523
2018,7,2018_07_DAL_WAS,home,False,0.021136312804319258,101.0,1,1.01,1.01
2018,8,2018_08_SF_ARI,home,False,0.021555164339414342,104.0,1,1.04,1.04
2018,8,2018_08_NE_BUF,home,False,0.006965921845935085,-103.0,0,0.970873786407767,-1.0
2018,8,2018_08_BAL_CAR,away,True,0.009701886079318467,-114.0,0,0.8771929824561403,-1.0
2018,8,2018_08_NYJ_CHI,away,False,0.0054375753927702435,-119.0,0,0.8403361344537815,-1.0
2018,8,2018_08_TB_CIN,home,True,0.005499479835857157,-108.0,0,0.9259259259259259,-1.0
2018,8,2018_08_SEA_DET,home,True,-0.0016768241140008465,-110.0,0,0.9090909090909091,-1.0
2018,8,2018_08_MIA_HOU,home,True,0.0061335831768751705,101.0,1,1.01,1.01
2018,8,2018_08_PHI_JAX,away,True,-0.0038849896389758997,-103.0,1,0.970873786407767,0.970873786407767
2018,8,2018_08_DEN_KC,away,False,0.026130570964958664,-102.0,1,0.9803921568627451,0.9803921568627451
2018,8,2018_08_GB_LA,home,True,-0.0026853412714587742,-105.0,0,0.9523809523809523,-1.0
2018,8,2018_08_NO_MIN,away,True,0.0006727977407570973,-108.0,1,0.9259259259259259,0.9259259259259259
2018,8,2018_08_WAS_NYG,home,False,0.0015352462656138153,-110.0,0,0.9090909090909091,-1.0
2018,8,2018_08_CLE_PIT,away,False,0.028261227759401757,-108.0,0,0.9259259259259259,-1.0
2018,9,2018_09_PIT_BAL,away,False,0.022585602040039565,102.0,1,1.02,1.02
2018,9,2018_09_CHI_BUF,away,True,0.023451026276929854,111.0,1,1.11,1.11
2018,9,2018_09_TB_CAR,away,False,0.009835504748881944,100.0,0,1.0,-1.0
2018,9,2018_09_KC_CLE,home,False,0.025659516578815156,-101.0,0,0.9900990099009901,-1.0
2018,9,2018_09_TEN_DAL,away,False,0.022444839225640695,101.0,1,1.01,1.01
2018,9,2018_09_HOU_DEN,away,False,0.016280210833154094,103.0,1,1.03,1.03
2018,9,2018_09_NYJ_MIA,away,False,0.02100120297691536,-108.0,0,0.9259259259259259,-1.0
2018,9,2018_09_DET_MIN,home,True,0.0009046357492385747,-110.0,1,0.9090909090909091,0.9090909090909091
2018,9,2018_09_GB_NE,away,False,0.007816674506364684,-103.0,0,0.970873786407767,-1.0
2018,9,2018_09_LA_NO,home,False,0.0031193899213035666,-108.0,1,0.9259259259259259,0.9259259259259259
2018,9,2018_09_LAC_SEA,home,True,0.00461923173889992,102.0,0,1.02,-1.0
2018,9,2018_09_ATL_WAS,away,False,0.0184631572023055,102.0,1,1.02,1.02
2018,10,2018_10_DET_CHI,home,True,0.005133801627112416,102.0,1,1.02,1.02
2018,10,2018_10_NO_CIN,away,True,0.005629508716854297,-108.0,1,0.9259259259259259,0.9259259259259259
2018,10,2018_10_ATL_CLE,away,True,-0.0005644990390038906,-103.0,0,0.970873786407767,-1.0
2018,10,2018_10_MIA_GB,home,True,0.01016163033307585,102.0,1,1.02,1.02
2018,10,2018_10_JAX_IND,away,False,0.01130631949525117,-105.0,1,0.9523809523809523,0.9523809523809523
2018,10,2018_10_ARI_KC,away,False,0.014639552918303333,-106.0,1,0.9433962264150944,0.9433962264150944
2018,10,2018_10_SEA_LA,away,False,0.010856657298395855,-114.0,1,0.8771929824561403,0.8771929824561403
2018,10,2018_10_BUF_NYJ,away,False,-0.0041000693936019735,-108.0,1,0.9259259259259259,0.9259259259259259
2018,10,2018_10_DAL_PHI,home,True,0.019517305751959417,-103.0,0,0.970873786407767,-1.0
2018,10,2018_10_CAR_PIT,away,False,0.019886708456837807,-106.0,0,0.9433962264150944,-1.0
2018,10,2018_10_NYG_SF,away,False,0.02840478141579533,110.0,1,1.1,1.1
2018,10,2018_10_WAS_TB,away,False,-0.00404074561832411,-108.0,1,0.9259259259259259,0.9259259259259259
2018,10,2018_10_NE_TEN,home,False,0.0046451064511981825,-112.0,1,0.8928571428571429,0.8928571428571429
2018,11,2018_11_DAL_ATL,home,True,0.033311860827078404,-103.0,0,0.970873786407767,-1.0
2018,11,2018_11_CIN_BAL,away,False,0.0047107431259920726,-110.0,1,0.9090909090909091,0.9090909090909091
2018,11,2018_11_MIN_CHI,away,False,-0.003910792734756796,-101.0,0,0.9900990099009901,-1.0
2018,11,2018_11_CAR_DET,home,False,0.03505187023615665,-115.0,1,0.8695652173913043,0.8695652173913043
2018,11,2018_11_TEN_IND,away,False,0.008846150677924424,-103.0,0,0.970873786407767,-1.0
2018,11,2018_11_PIT_JAX,home,False,0.00916482284576704,-102.0,0,0.9803921568627451,-1.0
2018,11,2018_11_KC_LA,away,False,0.0017560553403796917,106.0,1,1.06,1.06
2018,11,2018_11_DEN_LAC,away,False,0.0064995436868453375,-116.0,1,0.8620689655172413,0.8620689655172413
2018,11,2018_11_PHI_NO,away,False,0.00016323980383743384,-105.0,0,0.9523809523809523,-1.0
2018,11,2018_11_TB_NYG,away,False,0.01492514695909705,102.0,1,1.02,1.02
2018,11,2018_11_GB_SEA,home,True,0.0037802049173469017,-109.0,0,0.9174311926605505,-1.0
2018,11,2018_11_HOU_WAS,away,True,0.0011035328769241125,-114.0,0,0.8771929824561403,-1.0
2018,12,2018_12_JAX_BUF,away,True,-0.0016937463332977797,-104.0,0,0.9615384615384616,-1.0
2018,12,2018_12_SEA_CAR,away,False,0.02690611839775361,101.0,1,1.01,1.01
2018,12,2018_12_CLE_CIN,away,True,0.0019953941753875046,-105.0,1,0.9523809523809523,0.9523809523809523
2018,12,2018_12_WAS_DAL,home,True,0.005064603689562635,-103.0,1,0.970873786407767,0.970873786407767
2018,12,2018_12_PIT_DEN,away,True,-0.004209248076139959,-110.0,0,0.9090909090909091,-1.0
2018,12,2018_12_CHI_DET,home,False,0.03766268076802806,102.0,0,1.02,-1.0
2018,12,2018_12_TEN_HOU,home,True,0.007170872094004282,102.0,1,1.02,1.02
2018,12,2018_12_MIA_IND,away,False,0.022918102995237916,-103.0,1,0.970873786407767,0.970873786407767
2018,12,2018_12_ARI_LAC,home,True,0.007215152392768125,-108.0,1,0.9259259259259259,0.9259259259259259
2018,12,2018_12_GB_MIN,home,True,0.015990790977075512,-103.0,1,0.970873786407767,0.970873786407767
2018,12,2018_12_ATL_NO,away,False,0.040228483360740336,-101.0,0,0.9900990099009901,-1.0
2018,12,2018_12_NE_NYJ,away,True,0.005820065715496655,108.0,1,1.08,1.08
2018,12,2018_12_NYG_PHI,home,True,0.011199944897196855,-108.0,0,0.9259259259259259,-1.0
2018,12,2018_12_SF_TB,away,False,0.043463413661325855,-101.0,0,0.9900990099009901,-1.0
2018,13,2018_13_BAL_ATL,home,True,0.012022679383590678,-114.0,0,0.8771929824561403,-1.0
2018,13,2018_13_DEN_CIN,home,False,0.00021375726139892802,-113.0,0,0.8849557522123894,-1.0
2018,13,2018_13_NO_DAL,away,True,0.008971399490466691,-108.0,0,0.9259259259259259,-1.0
2018,13,2018_13_LA_DET,away,True,0.000843940885559924,102.0,1,1.02,1.02
2018,13,2018_13_ARI_GB,home,True,-0.0029745239017802514,-103.0,0,0.970873786407767,-1.0
2018,13,2018_13_CLE_HOU,away,False,0.003298397059267341,101.0,0,1.01,-1.0
2018,13,2018_13_IND_JAX,away,True,-0.003932674567823529,-108.0,0,0.9259259259259259,-1.0
2018,13,2018_13_BUF_MIA,away,False,-0.0016610653642623874,-108.0,0,0.9259259259259259,-1.0
2018,13,2018_13_MIN_NE,away,False,0.013074529060841627,-114.0,0,0.8771929824561403,-1.0
2018,13,2018_13_CHI_NYG,home,False,0.01619248574123979,-109.0,1,0.9174311926605505,0.9174311926605505
2018,13,2018_13_WAS_PHI,away,False,-0.000628509782896558,-105.0,0,0.9523809523809523,-1.0
2018,13,2018_13_LAC_PIT,away,False,0.005583588677334511,-112.0,1,0.8928571428571429,0.8928571428571429
2018,13,2018_13_SF_SEA,home,True,0.0073175208246344155,102.0,1,1.02,1.02
2018,13,2018_13_CAR_TB,away,True,0.009595220157760674,-101.0,0,0.9900990099009901,-1.0
2018,13,2018_13_NYJ_TEN,home,True,0.026740139164672164,113.0,0,1.13,-1.0
2018,14,2018_14_DET_ARI,home,False,0.008969014624775212,-101.0,0,0.9900990099009901,-1.0
2018,14,2018_14_NYJ_BUF,away,False,0.030225392338934884,-105.0,1,0.9523809523809523,0.9523809523809523
2018,14,2018_14_LA_CHI,away,True,0.016924668867099354,107.0,0,1.07,-1.0
2018,14,2018_14_CAR_CLE,home,False,0.02564100055330764,-103.0,1,0.970873786407767,0.970873786407767
2018,14,2018_14_PHI_DAL,home,True,0.002455774208060657,-101.0,1,0.9900990099009901,0.9900990099009901
2018,14,2018_14_ATL_GB,home,True,0.004331417338218088,104.0,1,1.04,1.04
2018,14,2018_14_IND_HOU,home,True,0.016442491770572207,-103.0,0,0.970873786407767,-1.0
2018,14,2018_14_BAL_KC,home,True,0.016792271727494482,-105.0,0,0.9523809523809523,-1.0
2018,14,2018_14_CIN_LAC,away,False,-0.0015385258002301005,-109.0,1,0.9174311926605505,0.9174311926605505
2018,14,2018_14_NE_MIA,home,False,-0.004280224546102723,-108.0,1,0.9259259259259259,0.9259259259259259
2018,14,2018_14_MIN_SEA,away,False,0.011845138527592535,105.0,0,1.05,-1.0
2018,14,2018_14_DEN_SF,away,True,0.018533735930942322,-112.0,0,0.8928571428571429,-1.0
2018,14,2018_14_NO_TB,away,True,0.013671248528665364,-103.0,1,0.970873786407767,0.970873786407767
2018,14,2018_14_JAX_TEN,home,True,0.004211374901376946,-107.0,1,0.9345794392523364,0.9345794392523364
2018,14,2018_14_NYG_WAS,away,True,-0.0023890695238259706,-119.0,1,0.8403361344537815,0.8403361344537815
2018,15,2018_15_ARI_ATL,home,True,0.010662955689478953,114.0,1,1.14,1.14
2018,15,2018_15_TB_BAL,home,True,-0.0007516274462744665,-107.0,0,0.9345794392523364,-1.0
2018,15,2018_15_DET_BUF,away,False,0.00879951291579426,106.0,1,1.06,1.06
2018,15,2018_15_NO_CAR,away,True,0.013817135309695132,-104.0,0,0.9615384615384616,-1.0
2018,15,2018_15_GB_CHI,away,False,0.0032078976108697254,102.0,0,1.02,-1.0
2018,15,2018_15_CLE_DEN,away,False,0.017576340236219488,106.0,1,1.06,1.06
2018,15,2018_15_DAL_IND,away,False,0.03175535004495307,106.0,0,1.06,-1.0
2018,15,2018_15_WAS_JAX,home,True,0.004485204005569249,102.0,0,1.02,-1.0
2018,15,2018_15_LAC_KC,away,False,0.016664954815172134,-100.0,1,1.0,1.0
2018,15,2018_15_PHI_LA,home,True,0.015386839183489575,-107.0,0,0.9345794392523364,-1.0
2018,15,2018_15_MIA_MIN,home,True,0.01657136915250909,-103.0,1,0.970873786407767,0.970873786407767
2018,15,2018_15_TEN_NYG,away,True,0.0140104480910047,-101.0,1,0.9900990099009901,0.9900990099009901
2018,15,2018_15_HOU_NYJ,away,True,0.03087787270570663,106.0,1,1.06,1.06
2018,15,2018_15_NE_PIT,away,True,0.01852030472129171,-105.0,0,0.9523809523809523,-1.0
2018,15,2018_15_SEA_SF,home,False,0.007819054327066501,101.0,1,1.01,1.01
2018,16,2018_16_LA_ARI,home,False,0.036985612146067784,-130.0,0,0.7692307692307693,-1.0
2018,16,2018_16_ATL_CAR,away,True,0.012123842232488474,-119.0,1,0.8403361344537815,0.8403361344537815
2018,16,2018_16_CIN_CLE,home,True,0.006597841942579962,102.0,0,1.02,-1.0
2018,16,2018_16_TB_DAL,home,True,0.014524821811101218,-101.0,0,0.9900990099009901,-1.0
2018,16,2018_16_MIN_DET,away,True,0.024891608947302867,102.0,1,1.02,1.02
2018,16,2018_16_NYG_IND,away,False,0.0050350762631244435,-115.0,1,0.8695652173913043,0.8695652173913043
2018,16,2018_16_BAL_LAC,home,True,0.007691019379777186,-101.0,0,0.9900990099009901,-1.0
2018,16,2018_16_JAX_MIA,away,False,-0.003677498287518921,-105.0,1,0.9523809523809523,0.9523809523809523
2018,16,2018_16_BUF_NE,home,True,-0.0009286919964286072,102.0,0,1.02,-1.0
2018,16,2018_16_PIT_NO,home,True,-0.004252911740592996,-108.0,0,0.9259259259259259,-1.0
2018,16,2018_16_GB_NYJ,away,True,0.000571648061498875,106.0,1,1.06,1.06
2018,16,2018_16_HOU_PHI,away,False,0.04601119111380467,102.0,0,1.02,-1.0
2018,16,2018_16_KC_SEA,home,False,0.0018136107824128166,-101.0,1,0.9900990099009901,0.9900990099009901
2018,16,2018_16_CHI_SF,away,True,0.0172678747030287,-103.0,1,0.970873786407767,0.970873786407767
2018,16,2018_16_WAS_TEN,home,True,0.006676002015513704,-101.0,0,0.9900990099009901,-1.0
2018,17,2018_17_CLE_BAL,away,False,0.01237917193833521,-103.0,1,0.970873786407767,0.970873786407767
2018,17,2018_17_MIA_BUF,home,True,0.0002830669607370106,-109.0,1,0.9174311926605505,0.9174311926605505
2018,17,2018_17_LAC_DEN,away,True,0.024824678468170873,106.0,1,1.06,1.06
2018,17,2018_17_DET_GB,home,True,0.008639629156768873,-108.0,0,0.9259259259259259,-1.0
2018,17,2018_17_JAX_HOU,home,True,0.011701241521331384,-103.0,1,0.970873786407767,0.970873786407767
2018,17,2018_17_SF_LA,away,False,0.0018174395311292611,-101.0,0,0.9900990099009901,-1.0
2018,17,2018_17_CHI_MIN,home,True,0.020535487333487777,106.0,0,1.06,-1.0
2018,17,2018_17_NYJ_NE,away,False,0.010239586393843203,-101.0,0,0.9900990099009901,-1.0
2018,17,2018_17_CAR_NO,home,True,0.024036783055191087,103.0,0,1.03,-1.0
2018,17,2018_17_DAL_NYG,home,True,0.00987668701244314,-114.0,0,0.8771929824561403,-1.0
2018,17,2018_17_CIN_PIT,away,False,0.01575890481569493,-114.0,1,0.8771929824561403,0.8771929824561403
2018,17,2018_17_ARI_SEA,away,False,-0.0013147960382434126,101.0,1,1.01,1.01
2018,17,2018_17_ATL_TB,home,False,0.004710574298476327,-103.0,1,0.970873786407767,0.970873786407767
2018,17,2018_17_IND_TEN,away,True,4.9442112372899416e-05,102.0,1,1.02,1.02
2018,17,2018_17_PHI_WAS,away,True,-0.0016291224696364291,-101.0,1,0.9900990099009901,0.9900990099009901
2019,1,2019_01_DET_ARI,home,False,0.028521370622881487,108.0,1,1.08,1.08
2019,1,2019_01_LA_CAR,away,True,-0.002824061480782042,-106.0,1,0.9433962264150944,0.9433962264150944
2019,1,2019_01_GB_CHI,away,False,0.02844013536468209,-113.0,1,0.8849557522123894,0.8849557522123894
2019,1,2019_01_TEN_CLE,away,False,0.01832952218920382,-113.0,1,0.8849557522123894,0.8849557522123894
2019,1,2019_01_NYG_DAL,home,True,-0.003703357546766242,100.0,1,1.0,1.0
2019,1,2019_01_KC_JAX,away,True,0.0013232418583151828,-101.0,1,0.9900990099009901,0.9900990099009901
2019,1,2019_01_IND_LAC,home,True,0.011977370232779755,-103.0,0,0.970873786407767,-1.0
2019,1,2019_01_BAL_MIA,away,True,0.011933314991750642,102.0,1,1.02,1.02
2019,1,2019_01_ATL_MIN,home,True,0.022885113281244086,104.0,1,1.04,1.04
2019,1,2019_01_PIT_NE,away,False,0.007474810031742301,-111.0,0,0.9009009009009009,-1.0
2019,1,2019_01_HOU_NO,away,False,0.022811254113022757,103.0,1,1.03,1.03
2019,1,2019_01_BUF_NYJ,home,True,0.021362971486576347,-110.0,0,0.9090909090909091,-1.0
2019,1,2019_01_WAS_PHI,away,False,0.03932260132925323,-114.0,1,0.8771929824561403,0.8771929824561403
2019,1,2019_01_CIN_SEA,away,False,0.01518591290835236,-115.0,1,0.8695652173913043,0.8695652173913043
2019,1,2019_01_SF_TB,away,False,0.02009993606660762,-106.0,1,0.9433962264150944,0.9433962264150944
2019,2,2019_02_PHI_ATL,away,True,0.02665846098438622,102.0,0,1.02,-1.0
2019,2,2019_02_ARI_BAL,away,False,0.01823302489979283,-110.0,1,0.9090909090909091,0.9090909090909091
2019,2,2019_02_TB_CAR,home,True,0.008201813900062105,-100.0,0,1.0,-1.0
2019,2,2019_02_SF_CIN,away,False,0.007846612985167983,-111.0,1,0.9009009009009009,0.9009009009009009
2019,2,2019_02_CHI_DEN,away,True,0.010183023044548158,103.0,0,1.03,-1.0
2019,2,2019_02_LAC_DET,away,True,0.017604810367037104,102.0,0,1.02,-1.0
2019,2,2019_02_MIN_GB,away,False,0.01715884160961531,-102.0,0,0.9803921568627451,-1.0
2019,2,2019_02_JAX_HOU,away,False,-0.0009291609720088523,-122.0,1,0.819672131147541,0.819672131147541
2019,2,2019_02_NO_LA,away,False,0.00768079692943272,-114.0,0,0.8771929824561403,-1.0
2019,2,2019_02_NE_MIA,away,True,-0.003988121856085458,-101.0,1,0.9900990099009901,0.9900990099009901
2019,2,2019_02_BUF_NYG,home,False,-0.003009429526852519,-103.0,0,0.970873786407767,-1.0
2019,2,2019_02_CLE_NYJ,home,False,-0.0021854182790336293,-105.0,0,0.9523809523809523,-1.0
2019,2,2019_02_SEA_PIT,away,False,0.011354023097941406,-109.0,1,0.9174311926605505,0.9174311926605505
2019,2,2019_02_IND_TEN,away,False,-1.2223142958409094e-05,108.0,1,1.08,1.08
2019,2,2019_02_DAL_WAS,home,False,-0.003238470108344585,104.0,0,1.04,-1.0
2019,3,2019_03_CAR_ARI,home,True,0.027032092489907563,103.0,0,1.03,-1.0
2019,3,2019_03_CIN_BUF,away,False,0.010468211646588637,-104.0,1,0.9615384615384616,0.9615384615384616
2019,3,2019_03_LA_CLE,away,True,0.014872490855762886,-111.0,1,0.9009009009009009,0.9009009009009009
2019,3,2019_03_MIA_DAL,away,False,0.04139999339030884,102.0,0,1.02,-1.0
2019,3,2019_03_DEN_GB,away,False,-0.0029398679536880024,-108.0,0,0.9259259259259259,-1.0
2019,3,2019_03_ATL_IND,home,True,-0.0037867980857369584,-111.0,1,0.9009009009009009,0.9009009009009009
2019,3,2019_03_TEN_JAX,away,True,0.0009289379965395139,-109.0,0,0.9174311926605505,-1.0
2019,3,2019_03_BAL_KC,away,False,0.012858989850635843,-108.0,0,0.9259259259259259,-1.0
2019,3,2019_03_HOU_LAC,away,False,-0.004004275745255639,104.0,1,1.04,1.04
2019,3,2019_03_NYJ_NE,away,False,0.03878856540001807,-109.0,1,0.9174311926605505,0.9174311926605505
2019,3,2019_03_DET_PHI,away,False,0.0016989273828043271,-104.0,1,0.9615384615384616,0.9615384615384616
2019,3,2019_03_NO_SEA,away,False,0.00870594949101986,-106.0,1,0.9433962264150944,0.9433962264150944
2019,3,2019_03_PIT_SF,away,False,0.01093604420401878,-104.0,1,0.9615384615384616,0.9615384615384616
2019,3,2019_03_NYG_TB,away,False,0.006826430374994429,-103.0,1,0.970873786407767,0.970873786407767
2019,3,2019_03_CHI_WAS,home,False,-0.0036725868840800256,-107.0,0,0.9345794392523364,-1.0
2019,4,2019_04_SEA_ARI,home,False,0.033261311723670306,-103.0,0,0.970873786407767,-1.0
2019,4,2019_04_TEN_ATL,away,False,0.01588719783489551,-113.0,1,0.8849557522123894,0.8849557522123894
2019,4,2019_04_CLE_BAL,away,False,0.0015763822258002156,-117.0,1,0.8547008547008547,0.8547008547008547
2019,4,2019_04_NE_BUF,away,True,0.0004252997493778776,-102.0,0,0.9803921568627451,-1.0
2019,4,2019_04_MIN_CHI,away,True,0.001700411724631584,-101.0,0,0.9900990099009901,-1.0
2019,4,2019_04_JAX_DEN,away,False,0.01120383291444857,-102.0,1,0.9803921568627451,0.9803921568627451
2019,4,2019_04_KC_DET,home,False,-0.002615359446179827,-116.0,1,0.8620689655172413,0.8620689655172413
2019,4,2019_04_PHI_GB,away,False,-0.0001570741630897987,-110.0,1,0.9090909090909091,0.9090909090909091
2019,4,2019_04_CAR_HOU,home,True,-0.0023391679136624374,-110.0,0,0.9090909090909091,-1.0
2019,4,2019_04_TB_LA,away,False,0.008524278736827106,-104.0,1,0.9615384615384616,0.9615384615384616
2019,4,2019_04_LAC_MIA,away,True,0.0065625564319444045,-103.0,1,0.970873786407767,0.970873786407767
2019,4,2019_04_DAL_NO,home,False,0.00012120248444501546,-105.0,1,0.9523809523809523,0.9523809523809523
2019,4,2019_04_WAS_NYG,away,False,0.0030590517574207443,-101.0,0,0.9900990099009901,-1.0
2019,4,2019_04_CIN_PIT,away,False,0.006117755718923295,-112.0,0,0.8928571428571429,-1.0
2019,5,2019_05_JAX_CAR,away,False,0.028304404831254158,119.0,0,1.19,-1.0
2019,5,2019_05_ARI_CIN,away,False,0.016678850313452336,-106.0,1,0.9433962264150944,0.9433962264150944
2019,5,2019_05_GB_DAL,away,False,-0.004327988145675637,-113.0,1,0.8849557522123894,0.8849557522123894
2019,5,2019_05_ATL_HOU,away,False,-0.0018241082837084253,-101.0,0,0.9900990099009901,-1.0
2019,5,2019_05_IND_KC,home,True,0.023650792057998624,101.0,0,1.01,-1.0
2019,5,2019_05_DEN_LAC,away,False,0.011693094722953478,102.0,1,1.02,1.02
2019,5,2019_05_TB_NO,home,True,0.004015554314274319,107.0,1,1.07,1.07
2019,5,2019_05_MIN_NYG,home,False,0.01524363901042086,105.0,0,1.05,-1.0
2019,5,2019_05_NYJ_PHI,away,False,0.029076990951472623,-109.0,0,0.9174311926605505,-1.0
2019,5,2019_05_BAL_PIT,away,True,0.04083403558288029,102.0,0,1.02,-1.0
2019,5,2019_05_LA_SEA,away,False,0.016100126678411424,-104.0,1,0.9615384615384616,0.9615384615384616
2019,5,2019_05_CLE_SF,away,False,0.00961457661518176,101.0,0,1.01,-1.0
2019,5,2019_05_BUF_TEN,away,False,0.004815838299215952,-110.0,1,0.9090909090909091,0.9090909090909091
2019,5,2019_05_NE_WAS,home,False,0.007045520697588506,101.0,0,1.01,-1.0
2019,6,2019_06_ATL_ARI,home,False,0.019250031141808142,-102.0,1,0.9803921568627451,0.9803921568627451
2019,6,2019_06_CIN_BAL,home,True,-0.0007382584066937925,-104.0,0,0.9615384615384616,-1.0
2019,6,2019_06_SEA_CLE,away,False,0.008701879457425154,-104.0,1,0.9615384615384616,0.9615384615384616
2019,6,2019_06_TEN_DEN,away,False,0.01185076080621413,103.0,0,1.03,-1.0
2019,6,2019_06_DET_GB,away,False,0.033992757686081794,-102.0,1,0.9803921568627451,0.9803921568627451
2019,6,2019_06_NO_JAX,away,False,0.012428081119069683,100.0,1,1.0,1.0
2019,6,2019_06_HOU_KC,away,False,0.004210704088489525,-108.0,1,0.9259259259259259,0.9259259259259259
2019,6,2019_06_SF_LA,away,False,0.012890482147575438,-110.0,1,0.9090909090909091,0.9090909090909091
2019,6,2019_06_PIT_LAC,home,True,0.021834538468873305,104.0,0,1.04,-1.0
2019,6,2019_06_WAS_MIA,away,True,0.005986397347171496,-101.0,0,0.9900990099009901,-1.0
2019,6,2019_06_PHI_MIN,away,False,-0.0006628788352137926,-115.0,0,0.8695652173913043,-1.0
2019,6,2019_06_NYG_NE,away,False,-0.0011558428063342618,-106.0,0,0.9433962264150944,-1.0
2019,6,2019_06_DAL_NYJ,home,False,0.007559127037820706,-110.0,1,0.9090909090909091,0.9090909090909091
2019,6,2019_06_CAR_TB,away,True,0.00662357185261021,-100.0,1,1.0,1.0
2019,7,2019_07_LA_ATL,home,False,0.005367320799851832,-105.0,0,0.9523809523809523,-1.0
2019,7,2019_07_MIA_BUF,away,False,0.039440849640667894,-103.0,1,0.970873786407767,0.970873786407767
2019,7,2019_07_NO_CHI,away,False,0.009885750237358892,100.0,1,1.0,1.0
2019,7,2019_07_JAX_CIN,home,False,-0.0009151098383517685,105.0,0,1.05,-1.0
2019,7,2019_07_PHI_DAL,away,False,-0.003417004750034411,101.0,0,1.01,-1.0
2019,7,2019_07_KC_DEN,away,True,0.020416998521794086,104.0,1,1.04,1.04
2019,7,2019_07_MIN_DET,home,False,-0.0026685118809089718,-100.0,0,1.0,-1.0
2019,7,2019_07_HOU_IND,away,False,0.02101261160467046,-104.0,0,0.9615384615384616,-1.0
2019,7,2019_07_ARI_NYG,away,False,0.012824400814915204,-106.0,1,0.9433962264150944,0.9433962264150944
2019,7,2019_07_NE_NYJ,home,False,0.03098973768052338,-104.0,0,0.9615384615384616,-1.0
2019,7,2019_07_BAL_SEA,away,False,-0.0036344802940626027,-104.0,1,0.9615384615384616,0.9615384615384616
2019,7,2019_07_LAC_TEN,away,False,0.018935455778232173,-107.0,1,0.9345794392523364,0.9345794392523364
2019,7,2019_07_SF_WAS,away,True,0.000535205777838782,-104.0,0,0.9615384615384616,-1.0
2019,8,2019_08_SEA_ATL,away,True,0.03909571646834239,106.0,0,1.06,-1.0
2019,8,2019_08_PHI_BUF,away,False,0.019699851410954594,102.0,1,1.02,1.02
2019,8,2019_08_LAC_CHI,away,False,0.00998731354335091,-107.0,1,0.9345794392523364,0.9345794392523364
2019,8,2019_08_NYG_DET,home,True,0.03147518821900939,102.0,0,1.02,-1.0
2019,8,2019_08_DEN_IND,away,False,0.0019649149203455727,-117.0,1,0.8547008547008547,0.8547008547008547
2019,8,2019_08_NYJ_JAX,away,False,0.034639797698297115,-115.0,0,0.8695652173913043,-1.0
2019,8,2019_08_GB_KC,away,True,0.006930130959494684,-108.0,1,0.9259259259259259,0.9259259259259259
2019,8,2019_08_CIN_LA,away,False,0.02783516427333674,-112.0,0,0.8928571428571429,-1.0
2019,8,2019_08_WAS_MIN,away,False,0.012796667173621157,-104.0,1,0.9615384615384616,0.9615384615384616
2019,8,2019_08_CLE_NE,away,False,0.0650459592058881,-107.0,0,0.9345794392523364,-1.0
2019,8,2019_08_ARI_NO,home,True,0.03513052984940279,-102.0,1,0.9803921568627451,0.9803921568627451
2019,8,2019_08_MIA_PIT,away,False,0.03872026263559873,-107.0,1,0.9345794392523364,0.9345794392523364
2019,8,2019_08_CAR_SF,away,False,-0.0006706129888100431,-112.0,0,0.8928571428571429,-1.0
2019,8,2019_08_TB_TEN,home,True,0.0004471027328170951,-100.0,1,1.0,1.0
2019,9,2019_09_SF_ARI,home,False,0.015764045048544905,-111.0,1,0.9009009009009009,0.9009009009009009
2019,9,2019_09_NE_BAL,home,False,0.016555598020903478,-110.0,1,0.9090909090909091,0.9090909090909091
2019,9,2019_09_WAS_BUF,away,False,0.003986687589927728,-112.0,0,0.8928571428571429,-1.0
2019,9,2019_09_TEN_CAR,away,False,0.018283067489349023,-109.0,0,0.9174311926605505,-1.0
2019,9,2019_09_CLE_DEN,away,True,0.006849242285326778,-102.0,0,0.9803921568627451,-1.0
2019,9,2019_09_HOU_JAX,away,False,0.022694956802071863,-104.0,1,0.9615384615384616,0.9615384615384616
2019,9,2019_09_MIN_KC,away,True,0.04255197423179766,-101.0,0,0.9900990099009901,-1.0
2019,9,2019_09_GB_LAC,away,True,0.017314836759408495,-111.0,0,0.9009009009009009,-1.0
2019,9,2019_09_NYJ_MIA,away,True,0.018373414097412104,-103.0,0,0.970873786407767,-1.0
2019,9,2019_09_DAL_NYG,away,True,0.009137383236422192,-101.0,1,0.9900990099009901,0.9900990099009901
2019,9,2019_09_CHI_PHI,away,False,0.015991716296469366,-106.0,0,0.9433962264150944,-1.0
2019,9,2019_09_IND_PIT,away,False,0.009020033685328745,101.0,0,1.01,-1.0
2019,9,2019_09_TB_SEA,home,True,-0.003099554481112654,-105.0,1,0.9523809523809523,0.9523809523809523
2019,10,2019_10_DET_CHI,away,False,0.017182085517176655,101.0,0,1.01,-1.0
2019,10,2019_10_BAL_CIN,away,True,0.004206527594898015,104.0,1,1.04,1.04
2019,10,2019_10_BUF_CLE,away,False,0.007764872236607761,-108.0,1,0.9259259259259259,0.9259259259259259
2019,10,2019_10_MIN_DAL,away,False,0.012810266305266577,-113.0,1,0.8849557522123894,0.8849557522123894
2019,10,2019_10_CAR_GB,home,True,7.879147249291728e-05,-110.0,1,0.9090909090909091,0.9090909090909091
2019,10,2019_10_MIA_IND,away,False,0.02428568370248562,-109.0,1,0.9174311926605505,0.9174311926605505
2019,10,2019_10_ATL_NO,away,False,0.02294055922903021,-114.0,1,0.8771929824561403,0.8771929824561403
2019,10,2019_10_NYG_NYJ,away,True,-0.004105291926077201,104.0,0,1.04,-1.0
2019,10,2019_10_LA_PIT,home,False,-0.003629828892117323,103.0,1,1.03,1.03
2019,10,2019_10_SEA_SF,away,False,0.012985760815501811,-104.0,1,0.9615384615384616,0.9615384615384616
2019,10,2019_10_ARI_TB,away,False,0.008424369641387102,100.0,1,1.0,1.0
2019,10,2019_10_KC_TEN,home,False,0.024063148436433313,-102.0,1,0.9803921568627451,0.9803921568627451
2019,11,2019_11_HOU_BAL,away,False,0.02034431800352903,-102.0,0,0.9803921568627451,-1.0
2019,11,2019_11_ATL_CAR,home,True,-0.002312623516606327,-110.0,0,0.9090909090909091,-1.0
2019,11,2019_11_PIT_CLE,away,False,0.013790572017136512,101.0,0,1.01,-1.0
2019,11,2019_11_DAL_DET,away,True,0.0101268587693411,102.0,1,1.02,1.02
2019,11,2019_11_JAX_IND,away,False,0.024479907424819286,-103.0,0,0.970873786407767,-1.0
2019,11,2019_11_CHI_LA,away,False,-0.004190258764516219,-107.0,0,0.9345794392523364,-1.0
2019,11,2019_11_KC_LAC,home,False,0.014573221448815376,-104.0,0,0.9615384615384616,-1.0
2019,11,2019_11_BUF_MIA,home,False,0.02050008869223701,-101.0,0,0.9900990099009901,-1.0
2019,11,2019_11_DEN_MIN,home,True,0.0071785563879507765,107.0,0,1.07,-1.0
2019,11,2019_11_NE_PHI,home,False,-3.941475757271995e-05,-112.0,0,0.8928571428571429,-1.0
2019,11,2019_11_ARI_SF,away,False,0.022314963713155382,-113.0,1,0.8849557522123894,0.8849557522123894
2019,11,2019_11_NO_TB,away,True,0.0003854585222234086,-108.0,1,0.9259259259259259,0.9259259259259259
2019,11,2019_11_NYJ_WAS,away,False,0.011598116991115395,104.0,1,1.04,1.04
2019,12,2019_12_TB_ATL,home,True,-0.002045487101840926,-100.0,0,1.0,-1.0
2019,12,2019_12_DEN_BUF,away,False,0.0029587933110024165,-106.0,0,0.9433962264150944,-1.0
2019,12,2019_12_NYG_CHI,home,True,-0.002246292767943103,-100.0,0,1.0,-1.0
2019,12,2019_12_PIT_CIN,away,True,-0.0038727836269456524,-106.0,1,0.9433962264150944,0.9433962264150944
2019,12,2019_12_MIA_CLE,home,True,0.003941549262346941,103.0,1,1.03,1.03
2019,12,2019_12_IND_HOU,home,True,0.0167434743660471,-105.0,0,0.9523809523809523,-1.0
2019,12,2019_12_BAL_LA,away,True,0.020150326643886,112.0,1,1.12,1.12
2019,12,2019_12_DAL_NE,away,False,0.002979898011163351,-108.0,1,0.9259259259259259,0.9259259259259259
2019,12,2019_12_CAR_NO,away,False,0.020947016531635408,-108.0,1,0.9259259259259259,0.9259259259259259
2019,12,2019_12_SEA_PHI,away,True,0.01919998425277418,102.0,1,1.02,1.02
2019,12,2019_12_GB_SF,away,False,0.020657889559181995,111.0,0,1.11,-1.0
2019,12,2019_12_JAX_TEN,away,False,0.008376726820632015,103.0,0,1.03,-1.0
2019,12,2019_12_DET_WAS,away,True,0.005744533666195528,-102.0,0,0.9803921568627451,-1.0
2019,13,2019_13_LA_ARI,away,True,0.013044919771356805,-110.0,1,0.9090909090909091,0.9090909090909091
2019,13,2019_13_NO_ATL,home,False,0.012994206782517309,-104.0,0,0.9615384615384616,-1.0
2019,13,2019_13_SF_BAL,home,True,0.010152339036307394,-110.0,0,0.9090909090909091,-1.0
2019,13,2019_13_WAS_CAR,away,False,-0.003652596389214707,-110.0,1,0.9090909090909091,0.9090909090909091
2019,13,2019_13_NYJ_CIN,away,True,0.03136713105913379,102.0,0,1.02,-1.0
2019,13,2019_13_BUF_DAL,away,False,0.021135566833651972,104.0,1,1.04,1.04
2019,13,2019_13_LAC_DEN,away,True,0.03045799489130346,-103.0,0,0.970873786407767,-1.0
2019,13,2019_13_CHI_DET,away,True,0.00043310173438860784,-104.0,0,0.9615384615384616,-1.0
2019,13,2019_13_NE_HOU,home,False,0.016302431783286917,-117.0,1,0.8547008547008547,0.8547008547008547
2019,13,2019_13_TEN_IND,away,True,0.009014665064580589,-102.0,1,0.9803921568627451,0.9803921568627451
2019,13,2019_13_TB_JAX,home,False,-0.0016544293605318004,-105.0,0,0.9523809523809523,-1.0
2019,13,2019_13_PHI_MIA,away,True,0.03867203151841363,-100.0,0,1.0,-1.0
2019,13,2019_13_GB_NYG,away,True,0.01061775548281075,103.0,1,1.03,1.03
2019,13,2019_13_CLE_PIT,home,False,0.0036488411449927703,-103.0,1,0.970873786407767,0.970873786407767
2019,13,2019_13_MIN_SEA,away,False,0.01963918155948917,112.0,0,1.12,-1.0
2019,14,2019_14_PIT_ARI,home,False,-0.0036106333052121128,-110.0,0,0.9090909090909091,-1.0
2019,14,2019_14_CAR_ATL,home,True,0.004649697443343808,100.0,1,1.0,1.0
2019,14,2019_14_BAL_BUF,away,True,-0.0017284939136209764,100.0,1,1.0,1.0
2019,14,2019_14_DAL_CHI,away,True,0.03118778943720218,-109.0,0,0.9174311926605505,-1.0
2019,14,2019_14_CIN_CLE,away,False,0.011763772324233129,-112.0,0,0.8928571428571429,-1.0
2019,14,2019_14_WAS_GB,home,True,0.002408918081542194,-104.0,0,0.9615384615384616,-1.0
2019,14,2019_14_DEN_HOU,away,False,0.004134096786918356,-103.0,1,0.970873786407767,0.970873786407767
2019,14,2019_14_LAC_JAX,away,True,0.015085559190951246,-101.0,1,0.9900990099009901,0.9900990099009901
2019,14,2019_14_SEA_LA,away,False,0.022617193788838114,102.0,0,1.02,-1.0
2019,14,2019_14_DET_MIN,home,True,0.04204858842864227,106.0,1,1.06,1.06
2019,14,2019_14_KC_NE,away,False,0.006739568972847559,-107.0,1,0.9345794392523364,0.9345794392523364
2019,14,2019_14_SF_NO,away,False,0.001343313533932633,-101.0,1,0.9900990099009901,0.9900990099009901
2019,14,2019_14_MIA_NYJ,home,True,0.0034882224356976408,100.0,0,1.0,-1.0
2019,14,2019_14_NYG_PHI,home,True,-0.002718633375881513,-104.0,0,0.9615384615384616,-1.0
2019,14,2019_14_IND_TB,home,True,-0.002186607135833596,-111.0,0,0.9009009009009009,-1.0
2019,15,2019_15_CLE_ARI,home,False,0.0068678856487842934,-103.0,1,0.970873786407767,0.970873786407767
2019,15,2019_15_NYJ_BAL,away,False,0.017902873441691013,-105.0,0,0.9523809523809523,-1.0
2019,15,2019_15_SEA_CAR,away,True,0.008351842329579261,-104.0,1,0.9615384615384616,0.9615384615384616
2019,15,2019_15_NE_CIN,home,False,0.018986662581940816,-110.0,0,0.9090909090909091,-1.0
2019,15,2019_15_LA_DAL,away,True,0.015153063135311088,-108.0,0,0.9259259259259259,-1.0
2019,15,2019_15_TB_DET,home,False,0.009317370876684064,101.0,0,1.01,-1.0
2019,15,2019_15_CHI_GB,away,False,0.03696030745083283,107.0,0,1.07,-1.0
2019,15,2019_15_DEN_KC,away,False,0.009790773921745165,-125.0,0,0.8,-1.0
2019,15,2019_15_MIN_LAC,away,True,0.00392621868498364,-111.0,1,0.9009009009009009,0.9009009009009009
2019,15,2019_15_IND_NO,away,False,0.012441465185471833,-106.0,0,0.9433962264150944,-1.0
2019,15,2019_15_MIA_NYG,away,False,0.01854046842469326,-108.0,0,0.9259259259259259,-1.0
2019,15,2019_15_BUF_PIT,home,True,0.014913321257621686,-105.0,0,0.9523809523809523,-1.0
2019,15,2019_15_ATL_SF,away,False,-0.0022228750735409472,-117.0,1,0.8547008547008547,0.8547008547008547
2019,15,2019_15_HOU_TEN,away,False,0.03802188735008756,103.0,1,1.03,1.03
2019,15,2019_15_PHI_WAS,away,True,0.020997847070897566,105.0,1,1.05,1.05
2019,16,2019_16_JAX_ATL,away,False,0.002291440463069982,-114.0,0,0.8771929824561403,-1.0
2019,16,2019_16_KC_CHI,away,True,0.003992017293890459,-109.0,1,0.9174311926605505,0.9174311926605505
2019,16,2019_16_BAL_CLE,home,False,-0.0003695768557023471,-106.0,0,0.9433962264150944,-1.0
2019,16,2019_16_DET_DEN,away,False,0.022087926570182645,102.0,0,1.02,-1.0
2019,16,2019_16_CAR_IND,home,True,0.002262062854934632,110.0,1,1.1,1.1
2019,16,2019_16_CIN_MIA,away,True,-0.0016255622831346293,-106.0,0,0.9433962264150944,-1.0
2019,16,2019_16_GB_MIN,home,True,0.022497258618966575,-108.0,0,0.9259259259259259,-1.0
2019,16,2019_16_BUF_NE,away,False,0.011312445711898282,-111.0,1,0.9009009009009009,0.9009009009009009
2019,16,2019_16_PIT_NYJ,away,True,0.0084419792614911,-116.0,0,0.8620689655172413,-1.0
2019,16,2019_16_DAL_PHI,home,False,0.008039691244883245,-112.0,1,0.8928571428571429,0.8928571428571429
2019,16,2019_16_ARI_SEA,away,False,0.012281903579629227,-111.0,1,0.9009009009009009,0.9009009009009009
2019,16,2019_16_LA_SF,away,False,0.013955533659386447,100.0,1,1.0,1.0
2019,16,2019_16_HOU_TB,away,True,0.00709400132057526,102.0,1,1.02,1.02
2019,16,2019_16_NO_TEN,away,True,0.006547271510040106,103.0,1,1.03,1.03
2019,16,2019_16_NYG_WAS,home,False,0.010997111392265179,-104.0,0,0.9615384615384616,-1.0
2019,17,2019_17_PIT_BAL,away,True,0.011317807199715268,-113.0,0,0.8849557522123894,-1.0
2019,17,2019_17_NYJ_BUF,away,True,0.027373135257305777,-110.0,1,0.9090909090909091,0.9090909090909091
2019,17,2019_17_NO_CAR,away,True,0.026203237828698666,-106.0,1,0.9433962264150944,0.9433962264150944
2019,17,2019_17_CLE_CIN,home,False,0.0003763447473505155,-103.0,1,0.970873786407767,0.970873786407767
2019,17,2019_17_WAS_DAL,away,False,0.009905698648727278,-105.0,0,0.9523809523809523,-1.0
2019,17,2019_17_GB_DET,away,True,0.032227237408278236,103.0,0,1.03,-1.0
2019,17,2019_17_TEN_HOU,home,False,0.0016457680110795623,-117.0,0,0.8547008547008547,-1.0
2019,17,2019_17_IND_JAX,home,False,0.02767382802964473,-101.0,1,0.9900990099009901,0.9900990099009901
2019,17,2019_17_LAC_KC,away,False,0.0037193027275345624,-110.0,1,0.9090909090909091,0.9090909090909091
2019,17,2019_17_ARI_LA,home,True,0.002123160048098885,107.0,0,1.07,-1.0
2019,17,2019_17_CHI_MIN,away,True,0.005105025345799458,-110.0,0,0.9090909090909091,-1.0
2019,17,2019_17_MIA_NE,away,False,0.03540398319672916,-109.0,1,0.9174311926605505,0.9174311926605505
2019,17,2019_17_PHI_NYG,away,True,0.0074532246772783415,-102.0,1,0.9803921568627451,0.9803921568627451
2019,17,2019_17_SF_SEA,home,False,-0.002918786130168288,-112.0,0,0.8928571428571429,-1.0
2019,17,2019_17_ATL_TB,away,False,0.016404905154257163,101.0,1,1.01,1.01
2020,1,2020_01_SEA_ATL,away,False,-0.0020304139190035317,-105.0,1,0.9523809523809523,0.9523809523809523
2020,1,2020_01_CLE_BAL,away,False,0.019219052110558524,-107.0,0,0.9345794392523364,-1.0
2020,1,2020_01_NYJ_BUF,away,False,0.0038641641485255003,-110.0,0,0.9090909090909091,-1.0
2020,1,2020_01_LAC_CIN,home,False,-0.0011807376840601235,-110.0,0,0.9090909090909091,-1.0
2020,1,2020_01_TEN_DEN,home,False,-0.0013959862065868022,109.0,1,1.09,1.09
2020,1,2020_01_CHI_DET,home,True,0.0008153263999597371,-102.0,0,0.9803921568627451,-1.0
2020,1,2020_01_IND_JAX,home,False,0.0044210865627767985,-102.0,1,0.9803921568627451,0.9803921568627451
2020,1,2020_01_HOU_KC,away,False,0.01250551125069631,-105.0,0,0.9523809523809523,-1.0
2020,1,2020_01_DAL_LA,home,True,0.006313421624508136,-107.0,1,0.9345794392523364,0.9345794392523364
2020,1,2020_01_GB_MIN,home,True,0.009825247964189859,-107.0,0,0.9345794392523364,-1.0
2020,1,2020_01_MIA_NE,away,False,0.012062230234936654,-112.0,0,0.8928571428571429,-1.0
2020,1,2020_01_TB_NO,away,False,0.007426469871483143,102.0,0,1.02,-1.0
2020,1,2020_01_PIT_NYG,away,True,0.039500953071965016,-105.0,1,0.9523809523809523,0.9523809523809523
2020,1,2020_01_ARI_SF,away,False,0.010039666347040687,-123.0,1,0.8130081300813008,0.8130081300813008
2020,1,2020_01_PHI_WAS,away,True,0.012127161907774775,-106.0,0,0.9433962264150944,-1.0
2020,2,2020_02_WAS_ARI,away,False,0.0016207331721285023,-120.0,0,0.8333333333333334,-1.0
2020,2,2020_02_NYG_CHI,away,False,0.01355811391006621,-105.0,1,0.9523809523809523,0.9523809523809523
2020,2,2020_02_CIN_CLE,away,False,0.005874657368876556,-111.0,1,0.9009009009009009,0.9009009009009009
2020,2,2020_02_ATL_DAL,home,True,0.0055164207514337565,108.0,0,1.08,-1.0
2020,2,2020_02_DET_GB,away,False,0.01291840017055959,-113.0,0,0.8849557522123894,-1.0
2020,2,2020_02_BAL_HOU,away,True,-0.002341820691881047,-102.0,1,0.9803921568627451,0.9803921568627451
2020,2,2020_02_MIN_IND,away,False,0.010197703665523394,-111.0,0,0.9009009009009009,-1.0
2020,2,2020_02_KC_LAC,home,False,-0.0037736564441069207,-106.0,1,0.9433962264150944,0.9433962264150944
2020,2,2020_02_NO_LV,away,True,0.013113439544282894,-102.0,0,0.9803921568627451,-1.0
2020,2,2020_02_BUF_MIA,away,True,-0.002596968890289153,-109.0,0,0.9174311926605505,-1.0
2020,2,2020_02_SF_NYJ,away,True,0.024844536636591388,101.0,1,1.01,1.01
2020,2,2020_02_LA_PHI,away,False,0.021736513336107852,-107.0,1,0.9345794392523364,0.9345794392523364
2020,2,2020_02_DEN_PIT,away,False,0.0220252022489455,-100.0,1,1.0,1.0
2020,2,2020_02_NE_SEA,away,False,0.008051056517508565,-102.0,0,0.9803921568627451,-1.0
2020,2,2020_02_CAR_TB,away,False,0.03865985372628023,-106.0,0,0.9433962264150944,-1.0
2020,2,2020_02_JAX_TEN,away,False,0.0032482242177591268,-116.0,1,0.8620689655172413,0.8620689655172413
2020,3,2020_03_DET_ARI,away,False,-0.0015346795936852452,-105.0,1,0.9523809523809523,0.9523809523809523
2020,3,2020_03_CHI_ATL,away,False,0.0069418465046337885,101.0,1,1.01,1.01
2020,3,2020_03_KC_BAL,away,False,0.034583092703985706,-112.0,1,0.8928571428571429,0.8928571428571429
2020,3,2020_03_LA_BUF,away,False,0.023205051582901964,-100.0,0,1.0,-1.0
2020,3,2020_03_WAS_CLE,away,False,0.01095076201641048,-115.0,0,0.8695652173913043,-1.0
2020,3,2020_03_TB_DEN,away,True,0.010820273280067865,-105.0,1,0.9523809523809523,0.9523809523809523
2020,3,2020_03_NYJ_IND,home,True,0.0021353593236277443,-101.0,1,0.9900990099009901,0.9900990099009901
2020,3,2020_03_MIA_JAX,away,False,-0.0028197795617714238,-126.0,1,0.7936507936507936,0.7936507936507936
2020,3,2020_03_CAR_LAC,away,False,0.006939878352276962,-107.0,1,0.9345794392523364,0.9345794392523364
2020,3,2020_03_TEN_MIN,home,False,0.0030111688721057737,-109.0,1,0.9174311926605505,0.9174311926605505
2020,3,2020_03_LV_NE,home,True,-0.0028811109712910507,-105.0,1,0.9523809523809523,0.9523809523809523
2020,3,2020_03_GB_NO,home,True,0.00296624809254733,102.0,0,1.02,-1.0
2020,3,2020_03_SF_NYG,away,True,0.007040868723729298,-101.0,1,0.9900990099009901,0.9900990099009901
2020,3,2020_03_CIN_PHI,away,False,0.016112341045850742,-105.0,1,0.9523809523809523,0.9523809523809523
2020,3,2020_03_HOU_PIT,home,True,0.007228681013507032,-100.0,1,1.0,1.0
2020,3,2020_03_DAL_SEA,home,True,0.0016732467330136,-106.0,1,0.9433962264150944,0.9433962264150944
2020,4,2020_04_ARI_CAR,home,False,0.014433201242987546,-105.0,1,0.9523809523809523,0.9523809523809523
2020,4,2020_04_IND_CHI,away,True,0.005377912579503107,102.0,1,1.02,1.02
2020,4,2020_04_JAX_CIN,away,False,0.0027250781362991136,-106.0,0,0.9433962264150944,-1.0
2020,4,2020_04_CLE_DAL,away,False,-0.0016877169344032327,-111.0,1,0.9009009009009009,0.9009009009009009
2020,4,2020_04_NO_DET,away,True,0.004640367832934516,-103.0,1,0.970873786407767,0.970873786407767
2020,4,2020_04_ATL_GB,away,False,-0.0005840552271649313,-110.0,0,0.9090909090909091,-1.0
2020,4,2020_04_MIN_HOU,home,True,-0.0018265165051040337,104.0,0,1.04,-1.0
2020,4,2020_04_NE_KC,away,False,0.014854003500309337,-114.0,0,0.8771929824561403,-1.0
2020,4,2020_04_NYG_LA,home,True,0.02515420996521876,-107.0,0,0.9345794392523364,-1.0
2020,4,2020_04_BUF_LV,home,False,0.033595633500723254,104.0,0,1.04,-1.0
2020,4,2020_04_SEA_MIA,away,True,0.011522307945135472,-106.0,1,0.9433962264150944,0.9433962264150944
2020,4,2020_04_DEN_NYJ,away,False,0.007096729242344667,-102.0,1,0.9803921568627451,0.9803921568627451
2020,4,2020_04_PHI_SF,away,False,0.011231011908334598,-116.0,1,0.8620689655172413,0.8620689655172413
2020,4,2020_04_LAC_TB,away,False,-0.004217800125053006,-114.0,1,0.8771929824561403,0.8771929824561403
2020,4,2020_04_BAL_WAS,away,True,0.03254700940011524,104.0,0,1.04,-1.0
2020,5,2020_05_CAR_ATL,away,False,0.014052494736218184,-101.0,1,0.9900990099009901,0.9900990099009901
2020,5,2020_05_CIN_BAL,away,False,0.014364216490710895,-105.0,0,0.9523809523809523,-1.0
2020,5,2020_05_TB_CHI,home,False,0.009354518092464036,-108.0,1,0.9259259259259259,0.9259259259259259
2020,5,2020_05_IND_CLE,home,True,0.006392891128184591,-103.0,1,0.970873786407767,0.970873786407767
2020,5,2020_05_NYG_DAL,home,True,0.020727407151495486,103.0,0,1.03,-1.0
2020,5,2020_05_JAX_HOU,away,False,-0.0030862632364464623,100.0,0,1.0,-1.0
2020,5,2020_05_LV_KC,home,True,0.0009752672832538527,104.0,0,1.04,-1.0
2020,5,2020_05_LAC_NO,away,False,0.005319035905115726,-106.0,1,0.9433962264150944,0.9433962264150944
2020,5,2020_05_ARI_NYJ,away,True,0.01597603777638442,106.0,1,1.06,1.06
2020,5,2020_05_PHI_PIT,away,False,0.003359489942101845,-103.0,0,0.970873786407767,-1.0
2020,5,2020_05_MIN_SEA,home,True,-0.002134426247241833,-105.0,0,0.9523809523809523,-1.0
2020,5,2020_05_MIA_SF,away,False,0.026376755973385728,-119.0,1,0.8403361344537815,0.8403361344537815
2020,5,2020_05_BUF_TEN,home,False,-0.0007934988880318739,-102.0,1,0.9803921568627451,0.9803921568627451
2020,5,2020_05_LA_WAS,away,True,-0.002177342436322815,-101.0,1,0.9900990099009901,0.9900990099009901
2020,6,2020_06_KC_BUF,away,True,0.004830176510725625,-104.0,1,0.9615384615384616,0.9615384615384616
2020,6,2020_06_CHI_CAR,away,False,-0.0006861345292350329,-107.0,1,0.9345794392523364,0.9345794392523364
2020,6,2020_06_ARI_DAL,home,True,-0.00013280071605707987,-106.0,0,0.9433962264150944,-1.0
2020,6,2020_06_CIN_IND,home,True,0.008855318856101368,-102.0,0,0.9803921568627451,-1.0
2020,6,2020_06_DET_JAX,away,True,-0.0023852727938669105,-105.0,1,0.9523809523809523,0.9523809523809523
2020,6,2020_06_NYJ_MIA,away,False,0.01698543790567015,103.0,0,1.03,-1.0
2020,6,2020_06_ATL_MIN,home,True,0.0011213420276898643,-108.0,0,0.9259259259259259,-1.0
2020,6,2020_06_DEN_NE,away,False,0.01765165697490909,-103.0,1,0.970873786407767,0.970873786407767
2020,6,2020_06_WAS_NYG,away,False,0.019628809074403456,-103.0,1,0.970873786407767,0.970873786407767
2020,6,2020_06_BAL_PHI,away,True,0.0345473086388896,108.0,0,1.08,-1.0
2020,6,2020_06_CLE_PIT,away,False,0.007224383867313832,-102.0,0,0.9803921568627451,-1.0
2020,6,2020_06_LA_SF,home,False,-0.0009522331868847655,-107.0,1,0.9345794392523364,0.9345794392523364
2020,6,2020_06_GB_TB,away,True,0.04989780374659761,109.0,0,1.09,-1.0
2020,6,2020_06_HOU_TEN,away,False,0.016488645116721695,-110.0,0,0.9090909090909091,-1.0
2020,7,2020_07_SEA_ARI,away,True,0.01935458009416874,-102.0,0,0.9803921568627451,-1.0
2020,7,2020_07_DET_ATL,home,True,0.0026897242945304266,-104.0,0,0.9615384615384616,-1.0
2020,7,2020_07_CLE_CIN,away,True,0.009997934813756035,103.0,0,1.03,-1.0
2020,7,2020_07_KC_DEN,away,True,0.022852174935804843,103.0,1,1.03,1.03
2020,7,2020_07_GB_HOU,home,False,0.01683351396625947,102.0,0,1.02,-1.0
2020,7,2020_07_CHI_LA,away,False,0.01091792203391543,101.0,0,1.01,-1.0
2020,7,2020_07_JAX_LAC,away,False,0.013606877269106449,-108.0,0,0.9259259259259259,-1.0
2020,7,2020_07_TB_LV,home,False,0.03382529292586467,-102.0,0,0.9803921568627451,-1.0
2020,7,2020_07_SF_NE,away,False,0.040784922694180555,102.0,1,1.02,1.02
2020,7,2020_07_CAR_NO,away,False,0.01828253907447065,-107.0,1,0.9345794392523364,0.9345794392523364
2020,7,2020_07_BUF_NYJ,away,True,0.020477042061460178,101.0,0,1.01,-1.0
2020,7,2020_07_NYG_PHI,away,False,0.01728715550089062,-109.0,1,0.9174311926605505,0.9174311926605505
2020,7,2020_07_PIT_TEN,away,False,0.02238140582049024,-102.0,1,0.9803921568627451,0.9803921568627451
2020,7,2020_07_DAL_WAS,away,True,0.02338487588244607,-103.0,0,0.970873786407767,-1.0
2020,8,2020_08_PIT_BAL,home,True,-0.00038311055241152525,-102.0,0,0.9803921568627451,-1.0
2020,8,2020_08_NE_BUF,away,False,0.011482530396572165,-105.0,1,0.9523809523809523,0.9523809523809523
2020,8,2020_08_ATL_CAR,home,True,0.008531396820639336,-102.0,0,0.9803921568627451,-1.0
2020,8,2020_08_NO_CHI,away,True,0.02542744567099281,100.0,0,1.0,-1.0
2020,8,2020_08_TEN_CIN,away,True,0.04333877894419082,107.0,0,1.07,-1.0
2020,8,2020_08_LV_CLE,away,False,0.036300407109931175,111.0,1,1.11,1.11
2020,8,2020_08_LAC_DEN,away,True,0.021156592982607587,103.0,0,1.03,-1.0
2020,8,2020_08_IND_DET,home,False,-0.0026676587294666987,-107.0,0,0.9345794392523364,-1.0
2020,8,2020_08_MIN_GB,away,False,0.010542735112430101,-101.0,1,0.9900990099009901,0.9900990099009901
2020,8,2020_08_NYJ_KC,away,False,0.03645978969233578,-102.0,0,0.9803921568627451,-1.0
2020,8,2020_08_LA_MIA,away,True,0.005249249296552974,101.0,0,1.01,-1.0
2020,8,2020_08_TB_NYG,home,False,0.005938264286403988,-115.0,1,0.8695652173913043,0.8695652173913043
2020,8,2020_08_DAL_PHI,away,False,0.005996837118691777,-100.0,0,1.0,-1.0
2020,8,2020_08_SF_SEA,away,False,0.02117956963417389,-108.0,0,0.9259259259259259,-1.0
2020,9,2020_09_MIA_ARI,home,True,0.005909728063220043,102.0,0,1.02,-1.0
2020,9,2020_09_DEN_ATL,home,True,0.0081811638916915,-102.0,1,0.9803921568627451,0.9803921568627451
2020,9,2020_09_SEA_BUF,away,True,0.010969765996941577,-109.0,0,0.9174311926605505,-1.0
2020,9,2020_09_PIT_DAL,away,True,0.01683124644350116,-100.0,0,1.0,-1.0
2020,9,2020_09_BAL_IND,home,True,0.0013643448739692726,102.0,0,1.02,-1.0
2020,9,2020_09_HOU_JAX,away,True,0.005659844468823605,106.0,0,1.06,-1.0
2020,9,2020_09_CAR_KC,away,False,0.03477012225957759,-106.0,1,0.9433962264150944,0.9433962264150944
2020,9,2020_09_LV_LAC,away,True,0.0034579303613891717,-105.0,1,0.9523809523809523,0.9523809523809523
2020,9,2020_09_DET_MIN,away,False,-0.0027743112674406766,106.0,0,1.06,-1.0
2020,9,2020_09_NE_NYJ,away,True,0.007562978894925315,102.0,0,1.02,-1.0
2020,9,2020_09_GB_SF,away,True,0.02218309605155213,100.0,1,1.0,1.0
2020,9,2020_09_NO_TB,away,False,0.02136848322849344,107.0,1,1.07,1.07
2020,9,2020_09_CHI_TEN,home,True,0.008427108408685068,-103.0,1,0.970873786407767,0.970873786407767
2020,9,2020_09_NYG_WAS,away,False,0.003784424801631536,-105.0,1,0.9523809523809523,0.9523809523809523
2020,10,2020_10_BUF_ARI,away,False,0.013945099033295893,-108.0,1,0.9259259259259259,0.9259259259259259
2020,10,2020_10_TB_CAR,home,False,-0.001286380870766246,-102.0,0,0.9803921568627451,-1.0
2020,10,2020_10_MIN_CHI,away,True,0.0023671670192016853,108.0,1,1.08,1.08
2020,10,2020_10_HOU_CLE,away,False,0.002550313108753954,-106.0,1,0.9433962264150944,0.9433962264150944
2020,10,2020_10_WAS_DET,home,True,0.009005924293422812,-110.0,1,0.9090909090909091,0.9090909090909091
2020,10,2020_10_JAX_GB,away,False,0.044121939580272114,-105.0,1,0.9523809523809523,0.9523809523809523
2020,10,2020_10_SEA_LA,home,True,0.01374012860278956,104.0,1,1.04,1.04
2020,10,2020_10_DEN_LV,home,True,-0.0017800761960165166,-104.0,1,0.9615384615384616,0.9615384615384616
2020,10,2020_10_LAC_MIA,away,False,0.024723058470536595,-100.0,0,1.0,-1.0
2020,10,2020_10_BAL_NE,away,True,0.03254735609899817,100.0,0,1.0,-1.0
2020,10,2020_10_SF_NO,away,False,0.011448957571170964,-110.0,0,0.9090909090909091,-1.0
2020,10,2020_10_PHI_NYG,away,True,0.0008038750601148503,-106.0,0,0.9433962264150944,-1.0
2020,10,2020_10_CIN_PIT,away,False,-0.0018579782864745651,-101.0,0,0.9900990099009901,-1.0
2020,10,2020_10_IND_TEN,away,True,0.0017269035684856547,-107.0,1,0.9345794392523364,0.9345794392523364
2020,11,2020_11_TEN_BAL,away,False,0.011131251372764233,-103.0,1,0.970873786407767,0.970873786407767
2020,11,2020_11_DET_CAR,away,True,-0.00020629140274801004,-119.0,0,0.8403361344537815,-1.0
2020,11,2020_11_PHI_CLE,away,False,0.0005162236316867296,-104.0,0,0.9615384615384616,-1.0
2020,11,2020_11_MIA_DEN,away,True,0.019314142334012085,-105.0,0,0.9523809523809523,-1.0
2020,11,2020_11_NE_HOU,home,False,0.007510110713607686,106.0,1,1.06,1.06
2020,11,2020_11_GB_IND,away,False,0.0020254877836179907,-104.0,0,0.9615384615384616,-1.0
2020,11,2020_11_PIT_JAX,home,False,0.004385231002956341,-107.0,0,0.9345794392523364,-1.0
2020,11,2020_11_NYJ_LAC,away,False,-0.00448420175893629,-110.0,1,0.9090909090909091,0.9090909090909091
2020,11,2020_11_KC_LV,home,False,0.006456047372546586,-102.0,1,0.9803921568627451,0.9803921568627451
2020,11,2020_11_DAL_MIN,away,False,0.003783816326156941,-110.0,1,0.9090909090909091,0.9090909090909091
2020,11,2020_11_ATL_NO,away,False,-0.0028117771692350133,-109.0,0,0.9174311926605505,-1.0
2020,11,2020_11_ARI_SEA,home,True,-0.0015521667815394657,-105.0,1,0.9523809523809523,0.9523809523809523
2020,11,2020_11_LA_TB,away,False,-0.0023181675714965097,-109.0,1,0.9174311926605505,0.9174311926605505
2020,11,2020_11_CIN_WAS,home,True,0.00313350934292676,-101.0,1,0.9900990099009901,0.9900990099009901
2020,12,2020_12_LV_ATL,away,True,0.0015463734129133155,-105.0,0,0.9523809523809523,-1.0
2020,12,2020_12_LAC_BUF,away,False,0.011814607395566595,-107.0,0,0.9345794392523364,-1.0
2020,12,2020_12_NYG_CIN,away,True,0.00018775193358555042,-103.0,0,0.970873786407767,-1.0
2020,12,2020_12_WAS_DAL,away,False,-0.001676210648940768,-104.0,1,0.9615384615384616,0.9615384615384616
2020,12,2020_12_NO_DEN,away,True,0.033222267452228366,-103.0,1,0.970873786407767,0.970873786407767
2020,12,2020_12_HOU_DET,away,True,0.0030147215858155217,-104.0,1,0.9615384615384616,0.9615384615384616
2020,12,2020_12_CHI_GB,away,False,0.001058305570614737,-116.0,0,0.8620689655172413,-1.0
2020,12,2020_12_TEN_IND,away,False,0.0010675410418677866,-114.0,1,0.8771929824561403,0.8771929824561403
2020,12,2020_12_CLE_JAX,away,True,0.006203540215550418,102.0,0,1.02,-1.0
2020,12,2020_12_SF_LA,home,True,-0.00044772615269317583,101.0,0,1.01,-1.0
2020,12,2020_12_CAR_MIN,away,False,0.009751598510394126,-115.0,1,0.8695652173913043,0.8695652173913043
2020,12,2020_12_ARI_NE,away,True,0.00019284470986841715,-107.0,0,0.9345794392523364,-1.0
2020,12,2020_12_MIA_NYJ,home,False,-0.0030831973449676306,-104.0,0,0.9615384615384616,-1.0
2020,12,2020_12_SEA_PHI,away,True,0.046827978792528056,-106.0,0,0.9433962264150944,-1.0
2020,12,2020_12_BAL_PIT,home,True,0.0031221080501422247,-101.0,0,0.9900990099009901,-1.0
2020,12,2020_12_KC_TB,away,True,0.012605306222975548,112.0,0,1.12,-1.0
2020,13,2020_13_LA_ARI,home,False,0.00649683610789217,103.0,0,1.03,-1.0
2020,13,2020_13_NO_ATL,home,False,0.015665708671577756,102.0,0,1.02,-1.0
2020,13,2020_13_DAL_BAL,away,False,0.009796238821806502,-103.0,0,0.970873786407767,-1.0
2020,13,2020_13_DET_CHI,away,False,0.009524621878489403,-100.0,1,1.0,1.0
2020,13,2020_13_PHI_GB,away,False,0.024342522372099617,-102.0,0,0.9803921568627451,-1.0
2020,13,2020_13_IND_HOU,home,False,0.0014909491748579529,-112.0,0,0.8928571428571429,-1.0
2020,13,2020_13_DEN_KC,away,False,0.01572903430140587,-120.0,1,0.8333333333333334,0.8333333333333334
2020,13,2020_13_NE_LAC,home,True,0.003024540328942343,-102.0,0,0.9803921568627451,-1.0
2020,13,2020_13_CIN_MIA,away,False,0.005729089193473851,-115.0,0,0.8695652173913043,-1.0
2020,13,2020_13_JAX_MIN,away,False,0.01550105002951878,-118.0,1,0.847457627118644,0.847457627118644
2020,13,2020_13_LV_NYJ,away,True,0.019737621567211112,103.0,0,1.03,-1.0
2020,13,2020_13_WAS_PIT,away,False,0.014321896947639261,-100.0,1,1.0,1.0
2020,13,2020_13_NYG_SEA,home,True,0.011243430259295669,104.0,0,1.04,-1.0
2020,13,2020_13_BUF_SF,home,True,0.0007585644519704782,-107.0,0,0.9345794392523364,-1.0
2020,13,2020_13_CLE_TEN,away,False,8.200868684234418e-05,-111.0,1,0.9009009009009009,0.9009009009009009
2020,14,2020_14_PIT_BUF,home,True,0.0013671219785223732,-102.0,1,0.9803921568627451,0.9803921568627451
2020,14,2020_14_DEN_CAR,away,False,-0.0020272487484867706,-101.0,1,0.9900990099009901,0.9900990099009901
2020,14,2020_14_HOU_CHI,away,True,0.014205599357271385,-107.0,0,0.9345794392523364,-1.0
2020,14,2020_14_DAL_CIN,away,True,0.009790947236018421,-114.0,1,0.8771929824561403,0.8771929824561403
2020,14,2020_14_BAL_CLE,home,False,0.018196564431332444,105.0,0,1.05,-1.0
2020,14,2020_14_GB_DET,home,False,0.002222156637193617,-117.0,1,0.8547008547008547,0.8547008547008547
2020,14,2020_14_TEN_JAX,away,True,0.014652470597519129,-106.0,1,0.9433962264150944,0.9433962264150944
2020,14,2020_14_NE_LA,home,True,-0.0019152186102841472,-107.0,1,0.9345794392523364,0.9345794392523364
2020,14,2020_14_ATL_LAC,home,True,0.02068609742597413,-110.0,1,0.9090909090909091,0.9090909090909091
2020,14,2020_14_IND_LV,home,False,0.008968465402427017,-106.0,0,0.9433962264150944,-1.0
2020,14,2020_14_KC_MIA,away,True,0.008877732518184363,109.0,0,1.09,-1.0
2020,14,2020_14_ARI_NYG,away,True,0.015410509768738739,-106.0,1,0.9433962264150944,0.9433962264150944
2020,14,2020_14_NO_PHI,away,True,0.018840745422227988,-104.0,0,0.9615384615384616,-1.0
2020,14,2020_14_NYJ_SEA,away,False,0.004329930137484555,-110.0,0,0.9090909090909091,-1.0
2020,14,2020_14_WAS_SF,home,True,0.012763837854854146,101.0,0,1.01,-1.0
2020,14,2020_14_MIN_TB,away,False,0.030939815637065517,-106.0,0,0.9433962264150944,-1.0
2020,15,2020_15_PHI_ARI,home,True,0.0008975705177351023,103.0,1,1.03,1.03
2020,15,2020_15_TB_ATL,away,True,0.02218842900735296,-104.0,0,0.9615384615384616,-1.0
2020,15,2020_15_JAX_BAL,home,True,-0.0008585186245934267,107.0,1,1.07,1.07
2020,15,2020_15_PIT_CIN,away,True,0.032679859573814064,-101.0,0,0.9900990099009901,-1.0
2020,15,2020_15_SF_DAL,away,True,0.003862761427311334,-106.0,0,0.9433962264150944,-1.0
2020,15,2020_15_BUF_DEN,away,True,0.024142385093601757,-105.0,1,0.9523809523809523,0.9523809523809523
2020,15,2020_15_CAR_GB,away,False,0.02078736614099655,-103.0,1,0.970873786407767,0.970873786407767
2020,15,2020_15_HOU_IND,away,False,0.01707161185197473,-108.0,1,0.9259259259259259,0.9259259259259259
2020,15,2020_15_NYJ_LA,away,False,0.03616745745356085,-115.0,1,0.8695652173913043,0.8695652173913043
2020,15,2020_15_LAC_LV,home,True,0.031834810195075725,111.0,0,1.11,-1.0
2020,15,2020_15_NE_MIA,home,False,-7.051240250566248e-06,-104.0,1,0.9615384615384616,0.9615384615384616
2020,15,2020_15_CHI_MIN,away,False,0.018665827319913262,111.0,1,1.11,1.11
2020,15,2020_15_KC_NO,home,False,0.006682449425498126,102.0,0,1.02,-1.0
2020,15,2020_15_CLE_NYG,away,True,0.02520767244475485,-108.0,1,0.9259259259259259,0.9259259259259259
2020,15,2020_15_DET_TEN,away,False,0.029796696163397387,-113.0,0,0.8849557522123894,-1.0
2020,15,2020_15_SEA_WAS,away,True,0.028938416919903922,-103.0,0,0.970873786407767,-1.0
2020,16,2020_16_SF_ARI,home,True,-0.001234385205743782,-102.0,0,0.9803921568627451,-1.0
2020,16,2020_16_NYG_BAL,away,False,0.02242509660030521,-116.0,0,0.8620689655172413,-1.0
2020,16,2020_16_PHI_DAL,home,False,0.005247146550117351,104.0,1,1.04,1.04
2020,16,2020_16_TB_DET,away,True,0.02488159452741642,101.0,1,1.01,1.01
2020,16,2020_16_TEN_GB,away,False,0.02271100838671693,107.0,0,1.07,-1.0
2020,16,2020_16_CIN_HOU,away,False,-0.003933058009249518,-113.0,1,0.8849557522123894,0.8849557522123894
2020,16,2020_16_CHI_JAX,away,True,0.006778846192538556,-108.0,1,0.9259259259259259,0.9259259259259259
2020,16,2020_16_ATL_KC,home,True,0.023407163397781636,-100.0,0,1.0,-1.0
2020,16,2020_16_DEN_LAC,home,True,0.005569581801521328,100.0,1,1.0,1.0
2020,16,2020_16_MIA_LV,home,False,-0.0025870418741924806,-106.0,1,0.9433962264150944,0.9433962264150944
2020,16,2020_16_BUF_NE,away,True,0.015591485973803564,-102.0,1,0.9803921568627451,0.9803921568627451
2020,16,2020_16_MIN_NO,away,False,0.012499646281103609,-109.0,0,0.9174311926605505,-1.0
2020,16,2020_16_CLE_NYJ,away,True,0.003901069412820912,-114.0,0,0.8771929824561403,-1.0
2020,16,2020_16_IND_PIT,away,True,0.005565391789093776,100.0,0,1.0,-1.0
2020,16,2020_16_LA_SEA,away,False,-0.00238177453895321,103.0,0,1.03,-1.0
2020,16,2020_16_CAR_WAS,away,True,0.012220744223772373,-105.0,1,0.9523809523809523,0.9523809523809523
2020,17,2020_17_MIA_BUF,away,True,0.02609917577713881,113.0,0,1.13,-1.0
2020,17,2020_17_NO_CAR,away,True,0.026630001667662016,100.0,1,1.0,1.0
2020,17,2020_17_GB_CHI,away,True,0.011636843668299235,-103.0,1,0.970873786407767,0.970873786407767
2020,17,2020_17_BAL_CIN,away,True,0.04834888820408791,106.0,1,1.06,1.06
2020,17,2020_17_PIT_CLE,home,True,-0.0023092648375774762,100.0,0,1.0,-1.0
2020,17,2020_17_LV_DEN,away,True,0.0028918336974083246,-115.0,0,0.8695652173913043,-1.0
2020,17,2020_17_MIN_DET,home,False,0.017138344460730058,-100.0,1,1.0,1.0
2020,17,2020_17_TEN_HOU,home,False,0.0025072091332689504,-111.0,1,0.9009009009009009,0.9009009009009009
2020,17,2020_17_JAX_IND,away,False,0.0526083103504696,104.0,1,1.04,1.04
2020,17,2020_17_LAC_KC,away,True,0.02039023862599125,106.0,1,1.06,1.06
2020,17,2020_17_ARI_LA,away,False,0.027051799149630712,105.0,0,1.05,-1.0
2020,17,2020_17_NYJ_NE,home,True,-0.0010496796310606126,-110.0,1,0.9090909090909091,0.9090909090909091
2020,17,2020_17_DAL_NYG,away,True,0.022394411971448574,-106.0,0,0.9433962264150944,-1.0
2020,17,2020_17_WAS_PHI,home,False,0.002715249326329061,-101.0,1,0.9900990099009901,0.9900990099009901
2020,17,2020_17_SEA_SF,away,True,0.008767825228399974,101.0,0,1.01,-1.0
2020,17,2020_17_ATL_TB,home,True,-0.0006170677826920101,111.0,1,1.11,1.11
2021,1,2021_01_PHI_ATL,away,False,0.027117086383732385,-109.0,1,0.9174311926605505,0.9174311926605505
2021,1,2021_01_PIT_BUF,away,False,0.04381920880790607,-110.0,1,0.9090909090909091,0.9090909090909091
2021,1,2021_01_NYJ_CAR,away,False,0.00612225822434157,-108.0,0,0.9259259259259259,-1.0
2021,1,2021_01_MIN_CIN,away,True,0.026803804899238032,109.0,0,1.09,-1.0
2021,1,2021_01_SF_DET,home,False,0.015659785728597164,-105.0,1,0.9523809523809523,0.9523809523809523
2021,1,2021_01_JAX_HOU,away,True,0.016909273974345714,103.0,0,1.03,-1.0
2021,1,2021_01_SEA_IND,away,True,0.011449961913995449,106.0,1,1.06,1.06
2021,1,2021_01_CLE_KC,away,False,0.021487995978912693,-101.0,1,0.9900990099009901,0.9900990099009901
2021,1,2021_01_CHI_LA,away,False,-0.0012810583258966945,-108.0,0,0.9259259259259259,-1.0
2021,1,2021_01_BAL_LV,home,False,0.03724923147983897,105.0,1,1.05,1.05
2021,1,2021_01_MIA_NE,home,True,0.0038676165653583226,102.0,0,1.02,-1.0
2021,1,2021_01_GB_NO,away,True,0.024869873244951365,103.0,0,1.03,-1.0
2021,1,2021_01_DEN_NYG,away,True,0.03378610368379384,109.0,1,1.09,1.09
2021,1,2021_01_DAL_TB,away,False,-9.896241911666048e-05,-121.0,1,0.8264462809917356,0.8264462809917356
2021,1,2021_01_ARI_TEN,away,False,0.03538015859685661,105.0,1,1.05,1.05
2021,1,2021_01_LAC_WAS,away,False,0.019656906223039866,-109.0,1,0.9174311926605505,0.9174311926605505
2021,2,2021_02_MIN_ARI,away,False,-0.003532588918123558,-111.0,1,0.9009009009009009,0.9009009009009009
2021,2,2021_02_KC_BAL,away,True,0.017794288714969776,107.0,0,1.07,-1.0
2021,2,2021_02_NO_CAR,away,True,-0.0007298595088561233,102.0,0,1.02,-1.0
2021,2,2021_02_CIN_CHI,away,False,0.011623711912542183,-105.0,0,0.9523809523809523,-1.0
2021,2,2021_02_HOU_CLE,away,False,0.01351251702154656,-103.0,1,0.970873786407767,0.970873786407767
2021,2,2021_02_DET_GB,away,False,0.008803816863268676,-112.0,0,0.8928571428571429,-1.0
2021,2,2021_02_LA_IND,home,False,-0.0014404451948231561,-100.0,1,1.0,1.0
2021,2,2021_02_DEN_JAX,away,True,0.019297854257441422,104.0,1,1.04,1.04
2021,2,2021_02_DAL_LAC,away,False,0.0019422498832323664,-109.0,1,0.9174311926605505,0.9174311926605505
2021,2,2021_02_BUF_MIA,away,True,-0.0034676086894191295,103.0,1,1.03,1.03
2021,2,2021_02_NE_NYJ,away,True,0.007061029300139887,-105.0,1,0.9523809523809523,0.9523809523809523
2021,2,2021_02_SF_PHI,away,True,0.027505853625190996,104.0,1,1.04,1.04
2021,2,2021_02_LV_PIT,away,False,0.007442185781650467,-109.0,1,0.9174311926605505,0.9174311926605505
2021,2,2021_02_TEN_SEA,away,False,0.0005091181547516255,-100.0,1,1.0,1.0
2021,2,2021_02_ATL_TB,away,False,0.04482197555627643,-108.0,0,0.9259259259259259,-1.0
2021,2,2021_02_NYG_WAS,away,False,0.005858616349333384,-103.0,1,0.970873786407767,0.970873786407767
2021,3,2021_03_WAS_BUF,away,False,0.014128490731808507,-114.0,0,0.8771929824561403,-1.0
2021,3,2021_03_CHI_CLE,away,False,0.0017619843122981147,-102.0,0,0.9803921568627451,-1.0
2021,3,2021_03_PHI_DAL,away,False,0.019823051993537635,-103.0,0,0.970873786407767,-1.0
2021,3,2021_03_NYJ_DEN,home,True,0.0268093399302303,-101.0,1,0.9900990099009901,0.9900990099009901
2021,3,2021_03_BAL_DET,home,False,0.004966607302186504,-110.0,1,0.9090909090909091,0.9090909090909091
2021,3,2021_03_CAR_HOU,home,False,0.010848713305324283,104.0,0,1.04,-1.0
2021,3,2021_03_ARI_JAX,home,False,0.0010730850205617369,-110.0,0,0.9090909090909091,-1.0
2021,3,2021_03_LAC_KC,away,False,0.025571221275057742,-100.0,1,1.0,1.0
2021,3,2021_03_TB_LA,home,False,0.014924276508755123,-110.0,1,0.9090909090909091,0.9090909090909091
2021,3,2021_03_MIA_LV,away,False,0.008373456652777167,-107.0,1,0.9345794392523364,0.9345794392523364
2021,3,2021_03_SEA_MIN,away,True,0.0019609520024113426,-101.0,0,0.9900990099009901,-1.0
2021,3,2021_03_NO_NE,away,False,0.0131204428047343,-117.0,1,0.8547008547008547,0.8547008547008547
2021,3,2021_03_ATL_NYG,away,False,0.017637717991442148,-115.0,1,0.8695652173913043,0.8695652173913043
2021,3,2021_03_CIN_PIT,away,False,0.00495673956898098,103.0,1,1.03,1.03
2021,3,2021_03_GB_SF,home,True,-0.0002659218356716952,103.0,0,1.03,-1.0
2021,3,2021_03_IND_TEN,home,True,0.004796779438669221,103.0,1,1.03,1.03
2021,4,2021_04_WAS_ATL,home,False,-0.0014985057014531343,100.0,0,1.0,-1.0
2021,4,2021_04_HOU_BUF,away,False,0.05680197032693407,-108.0,0,0.9259259259259259,-1.0
2021,4,2021_04_DET_CHI,away,False,-0.00040121886475137365,-109.0,0,0.9174311926605505,-1.0
2021,4,2021_04_JAX_CIN,away,False,0.01801531876148873,105.0,1,1.05,1.05
2021,4,2021_04_CAR_DAL,home,True,0.013593762273030996,-104.0,1,0.9615384615384616,0.9615384615384616
2021,4,2021_04_BAL_DEN,home,True,0.01680929873656892,-111.0,0,0.9009009009009009,-1.0
2021,4,2021_04_PIT_GB,away,False,0.02098338091008197,-104.0,0,0.9615384615384616,-1.0
2021,4,2021_04_ARI_LA,away,False,0.007853664758227729,100.0,1,1.0,1.0
2021,4,2021_04_LV_LAC,away,False,-0.00044046611685162325,-101.0,0,0.9900990099009901,-1.0
2021,4,2021_04_IND_MIA,home,True,-0.0018954919359995325,-113.0,0,0.8849557522123894,-1.0
2021,4,2021_04_CLE_MIN,away,True,0.005400782335554316,102.0,1,1.02,1.02
2021,4,2021_04_TB_NE,away,True,-0.0021507986027506252,-105.0,0,0.9523809523809523,-1.0
2021,4,2021_04_NYG_NO,away,False,-0.002103291940084001,-118.0,1,0.847457627118644,0.847457627118644
2021,4,2021_04_TEN_NYJ,away,True,0.007893277093255085,-104.0,0,0.9615384615384616,-1.0
2021,4,2021_04_KC_PHI,away,True,0.017909734615742023,101.0,1,1.01,1.01
2021,4,2021_04_SEA_SF,away,False,0.0029018798939281385,-103.0,1,0.970873786407767,0.970873786407767
2021,5,2021_05_SF_ARI,home,True,0.00734416610140392,-100.0,1,1.0,1.0
2021,5,2021_05_NYJ_ATL,away,False,-0.0037822809204096307,-107.0,0,0.9345794392523364,-1.0
2021,5,2021_05_IND_BAL,away,False,0.021117734109567576,-105.0,1,0.9523809523809523,0.9523809523809523
2021,5,2021_05_PHI_CAR,away,False,0.016579233865086525,104.0,1,1.04,1.04
2021,5,2021_05_GB_CIN,away,True,-0.003030871142209923,-104.0,1,0.9615384615384616,0.9615384615384616
2021,5,2021_05_NYG_DAL,home,True,-0.0011299403352998559,102.0,1,1.02,1.02
2021,5,2021_05_NE_HOU,away,True,0.0051241157039413785,102.0,0,1.02,-1.0
2021,5,2021_05_TEN_JAX,away,True,0.012125556179601399,-100.0,1,1.0,1.0
2021,5,2021_05_BUF_KC,away,False,0.014958887886007653,-101.0,1,0.9900990099009901,0.9900990099009901
2021,5,2021_05_CLE_LAC,home,True,0.008216004209996308,-104.0,1,0.9615384615384616,0.9615384615384616
2021,5,2021_05_CHI_LV,home,True,0.0031544136955014234,-108.0,0,0.9259259259259259,-1.0
2021,5,2021_05_DET_MIN,away,False,0.010305110655531151,-110.0,1,0.9090909090909091,0.9090909090909091
2021,5,2021_05_DEN_PIT,away,True,0.004279615204952569,-106.0,0,0.9433962264150944,-1.0
2021,5,2021_05_LA_SEA,home,False,0.0017299274266058206,105.0,0,1.05,-1.0
2021,5,2021_05_MIA_TB,away,False,-0.002144535488158444,-100.0,0,1.0,-1.0
2021,5,2021_05_NO_WAS,away,True,0.014580516795047798,-106.0,1,0.9433962264150944,0.9433962264150944
2021,6,2021_06_LAC_BAL,away,False,0.03208529783541082,106.0,0,1.06,-1.0
2021,6,2021_06_MIN_CAR,away,True,0.010345182981344108,-110.0,1,0.9090909090909091,0.9090909090909091
2021,6,2021_06_GB_CHI,home,False,0.0005464573977031095,-104.0,0,0.9615384615384616,-1.0
2021,6,2021_06_ARI_CLE,home,True,0.01675876645962396,106.0,0,1.06,-1.0
2021,6,2021_06_LV_DEN,away,False,0.0015598294089789909,-111.0,1,0.9009009009009009,0.9009009009009009
2021,6,2021_06_CIN_DET,home,False,-0.0008198993146950272,-100.0,0,1.0,-1.0
2021,6,2021_06_HOU_IND,home,True,0.0088189728710295,106.0,1,1.06,1.06
2021,6,2021_06_MIA_JAX,away,True,-0.0037031988495972914,104.0,0,1.04,-1.0
2021,6,2021_06_DAL_NE,away,True,0.03279458867754929,-108.0,1,0.9259259259259259,0.9259259259259259
2021,6,2021_06_LA_NYG,away,True,0.01762746472128789,107.0,1,1.07,1.07
2021,6,2021_06_TB_PHI,away,True,0.013310240310587258,103.0,0,1.03,-1.0
2021,6,2021_06_SEA_PIT,away,False,0.016143503978102814,-104.0,1,0.9615384615384616,0.9615384615384616
2021,6,2021_06_BUF_TEN,home,False,0.008101225329886113,-108.0,1,0.9259259259259259,0.9259259259259259
2021,6,2021_06_KC_WAS,away,True,0.004781653067137087,-105.0,1,0.9523809523809523,0.9523809523809523
2021,7,2021_07_HOU_ARI,away,False,-0.0011838320068409236,-111.0,0,0.9009009009009009,-1.0
2021,7,2021_07_CIN_BAL,away,False,0.015336219581409426,-109.0,1,0.9174311926605505,0.9174311926605505
2021,7,2021_07_DEN_CLE,away,False,0.013778525028521525,-107.0,0,0.9345794392523364,-1.0
2021,7,2021_07_WAS_GB,away,False,0.019270321714545822,-105.0,0,0.9523809523809523,-1.0
2021,7,2021_07_DET_LA,away,False,0.0079366193034054,-116.0,1,0.8620689655172413,0.8620689655172413
2021,7,2021_07_PHI_LV,home,True,0.012673135407346908,-101.0,1,0.9900990099009901,0.9900990099009901
2021,7,2021_07_ATL_MIA,home,False,0.009533830227175097,103.0,0,1.03,-1.0
2021,7,2021_07_NYJ_NE,away,False,0.003568661214123647,-108.0,0,0.9259259259259259,-1.0
2021,7,2021_07_CAR_NYG,away,True,-0.0020941620452485207,-103.0,0,0.970873786407767,-1.0
2021,7,2021_07_NO_SEA,away,True,0.0010726955990783549,-104.0,0,0.9615384615384616,-1.0
2021,7,2021_07_IND_SF,home,True,0.008423435334844541,106.0,0,1.06,-1.0
2021,7,2021_07_CHI_TB,home,True,0.015615581547602644,103.0,1,1.03,1.03
2021,7,2021_07_KC_TEN,away,True,0.0015215646000500626,-110.0,0,0.9090909090909091,-1.0
2021,8,2021_08_GB_ARI,away,False,0.007513653619550114,-104.0,1,0.9615384615384616,0.9615384615384616
2021,8,2021_08_CAR_ATL,away,False,-0.0009498698095901591,-109.0,1,0.9174311926605505,0.9174311926605505
2021,8,2021_08_MIA_BUF,away,False,0.013227600773250558,-108.0,1,0.9259259259259259,0.9259259259259259
2021,8,2021_08_SF_CHI,home,False,0.009686836499792911,-107.0,0,0.9345794392523364,-1.0
2021,8,2021_08_PIT_CLE,away,False,0.0018316817338761614,-108.0,1,0.9259259259259259,0.9259259259259259
2021,8,2021_08_WAS_DEN,away,False,0.02717585503929318,-108.0,0,0.9259259259259259,-1.0
2021,8,2021_08_PHI_DET,home,False,0.018290867927273323,105.0,0,1.05,-1.0
2021,8,2021_08_LA_HOU,away,True,0.01168788827758295,107.0,0,1.07,-1.0
2021,8,2021_08_TEN_IND,away,False,0.014627242756524638,-102.0,1,0.9803921568627451,0.9803921568627451
2021,8,2021_08_NYG_KC,away,False,0.00028375867405436295,-107.0,1,0.9345794392523364,0.9345794392523364
2021,8,2021_08_NE_LAC,away,False,0.006062946200930147,-101.0,1,0.9900990099009901,0.9900990099009901
2021,8,2021_08_DAL_MIN,away,False,0.005661890847587864,-109.0,1,0.9174311926605505,0.9174311926605505
2021,8,2021_08_TB_NO,home,False,0.0027978801058057166,-109.0,1,0.9174311926605505,0.9174311926605505
2021,8,2021_08_CIN_NYJ,home,False,0.02115569578800609,-105.0,1,0.9523809523809523,0.9523809523809523
2021,8,2021_08_JAX_SEA,away,False,0.03878661810162515,-105.0,0,0.9523809523809523,-1.0
2021,9,2021_09_MIN_BAL,away,False,0.002748246340663163,-117.0,1,0.8547008547008547,0.8547008547008547
2021,9,2021_09_NE_CAR,away,True,0.008994344088471001,-101.0,1,0.9900990099009901,0.9900990099009901
2021,9,2021_09_CLE_CIN,away,False,0.00450630523114523,-105.0,1,0.9523809523809523,0.9523809523809523
2021,9,2021_09_DEN_DAL,home,True,-0.0034549851741199175,-103.0,0,0.970873786407767,-1.0
2021,9,2021_09_NYJ_IND,away,False,0.0016336541551484173,-108.0,0,0.9259259259259259,-1.0
2021,9,2021_09_BUF_JAX,home,False,0.019339881706552316,109.0,1,1.09,1.09
2021,9,2021_09_GB_KC,away,False,-0.0002755256712770604,-107.0,1,0.9345794392523364,0.9345794392523364
2021,9,2021_09_TEN_LA,away,False,-0.0002456850678335481,103.0,1,1.03,1.03
2021,9,2021_09_HOU_MIA,away,False,0.00658718038362816,-112.0,0,0.8928571428571429,-1.0
2021,9,2021_09_ATL_NO,home,True,-0.002943470870394088,106.0,0,1.06,-1.0
2021,9,2021_09_LV_NYG,away,True,-0.0004744060101696645,-102.0,0,0.9803921568627451,-1.0
2021,9,2021_09_LAC_PHI,away,True,0.03260751085880354,-101.0,1,0.9900990099009901,0.9900990099009901
2021,9,2021_09_CHI_PIT,home,True,0.003523143601664963,-101.0,0,0.9900990099009901,-1.0
2021,9,2021_09_ARI_SF,home,True,0.01012866378064785,-105.0,0,0.9523809523809523,-1.0
2021,10,2021_10_CAR_ARI,away,False,0.044075670563958974,-103.0,1,0.970873786407767,0.970873786407767
2021,10,2021_10_ATL_DAL,away,False,-0.001297430942823552,-105.0,0,0.9523809523809523,-1.0
2021,10,2021_10_PHI_DEN,away,False,0.0130358283926852,-108.0,1,0.9259259259259259,0.9259259259259259
2021,10,2021_10_SEA_GB,home,True,-0.004177883395876319,-115.0,1,0.8695652173913043,0.8695652173913043
2021,10,2021_10_JAX_IND,away,False,-0.00017915219085012368,-115.0,1,0.8695652173913043,0.8695652173913043
2021,10,2021_10_MIN_LAC,away,False,0.0072505681126096115,111.0,1,1.11,1.11
2021,10,2021_10_KC_LV,home,False,-0.0025323409592869547,111.0,0,1.11,-1.0
2021,10,2021_10_BAL_MIA,away,True,0.006103863930618025,-106.0,0,0.9433962264150944,-1.0
2021,10,2021_10_CLE_NE,away,False,7.754444454521336e-05,-104.0,0,0.9615384615384616,-1.0
2021,10,2021_10_BUF_NYJ,away,True,0.007903090867410936,101.0,1,1.01,1.01
2021,10,2021_10_DET_PIT,away,False,0.010198283219936044,-121.0,1,0.8264462809917356,0.8264462809917356
2021,10,2021_10_LA_SF,away,True,0.009505835176188398,-100.0,0,1.0,-1.0
2021,10,2021_10_NO_TEN,away,False,-0.0015256959119410384,-114.0,1,0.8771929824561403,0.8771929824561403
2021,10,2021_10_TB_WAS,home,False,0.023590113009171125,-117.0,1,0.8547008547008547,0.8547008547008547
2021,11,2021_11_NE_ATL,away,True,-0.004040900439652572,-111.0,1,0.9009009009009009,0.9009009009009009
2021,11,2021_11_IND_BUF,away,False,0.009174194707322586,-116.0,1,0.8620689655172413,0.8620689655172413
2021,11,2021_11_WAS_CAR,home,True,0.0035282565627013564,103.0,0,1.03,-1.0
2021,11,2021_11_BAL_CHI,away,True,0.00501792385140401,-103.0,0,0.970873786407767,-1.0
2021,11,2021_11_DET_CLE,home,True,0.004646524039244737,-104.0,0,0.9615384615384616,-1.0
2021,11,2021_11_SF_JAX,away,True,0.002364516276715489,-106.0,1,0.9433962264150944,0.9433962264150944
2021,11,2021_11_DAL_KC,away,False,0.0177372425369776,-101.0,0,0.9900990099009901,-1.0
2021,11,2021_11_PIT_LAC,away,False,0.0025538623890268533,103.0,1,1.03,1.03
2021,11,2021_11_CIN_LV,home,False,0.00043751089708092826,105.0,0,1.05,-1.0
2021,11,2021_11_GB_MIN,home,False,0.005484983776402629,-105.0,1,0.9523809523809523,0.9523809523809523
2021,11,2021_11_MIA_NYJ,home,False,-0.004248330191995891,-107.0,0,0.9345794392523364,-1.0
2021,11,2021_11_NO_PHI,away,False,0.015595239135024528,106.0,0,1.06,-1.0
2021,11,2021_11_ARI_SEA,away,False,0.03193096621010559,111.0,1,1.11,1.11
2021,11,2021_11_NYG_TB,away,False,0.0034177396436474716,-113.0,0,0.8849557522123894,-1.0
2021,11,2021_11_HOU_TEN,away,False,0.016033218088388684,-110.0,1,0.9090909090909091,0.9090909090909091
2021,12,2021_12_CLE_BAL,home,True,-0.001375192828413957,-102.0,1,0.9803921568627451,0.9803921568627451
2021,12,2021_12_PIT_CIN,away,False,0.02543041283508236,-111.0,0,0.9009009009009009,-1.0
2021,12,2021_12_LV_DAL,away,False,0.023851388627715967,-106.0,1,0.9433962264150944,0.9433962264150944
2021,12,2021_12_LAC_DEN,home,False,0.0033140138021755276,103.0,1,1.03,1.03
2021,12,2021_12_CHI_DET,home,False,0.019947690429014453,-104.0,0,0.9615384615384616,-1.0
2021,12,2021_12_LA_GB,away,True,0.018732165246267363,-100.0,0,1.0,-1.0
2021,12,2021_12_NYJ_HOU,home,True,0.0073236178987617,111.0,0,1.11,-1.0
2021,12,2021_12_TB_IND,away,True,0.007141471222835152,101.0,1,1.01,1.01
2021,12,2021_12_ATL_JAX,away,True,0.017947926203980512,-102.0,1,0.9803921568627451,0.9803921568627451
2021,12,2021_12_CAR_MIA,home,False,0.019537418262907023,-101.0,1,0.9900990099009901,0.9900990099009901
2021,12,2021_12_TEN_NE,away,False,-0.0020454305510005486,-118.0,0,0.847457627118644,-1.0
2021,12,2021_12_BUF_NO,away,True,0.003928353207397156,100.0,1,1.0,1.0
2021,12,2021_12_PHI_NYG,away,True,-0.0012803699254074485,100.0,0,1.0,-1.0
2021,12,2021_12_MIN_SF,away,False,0.013249931760084037,-108.0,0,0.9259259259259259,-1.0
2021,12,2021_12_SEA_WAS,home,False,0.010951367307622936,108.0,1,1.08,1.08
2021,13,2021_13_TB_ATL,away,True,-0.0027810542039776284,-103.0,1,0.970873786407767,0.970873786407767
2021,13,2021_13_NE_BUF,away,False,0.019039079385746043,-116.0,1,0.8620689655172413,0.8620689655172413
2021,13,2021_13_ARI_CHI,away,True,0.009691922538339741,-116.0,1,0.8620689655172413,0.8620689655172413
2021,13,2021_13_LAC_CIN,away,False,0.02043294724567168,104.0,1,1.04,1.04
2021,13,2021_13_MIN_DET,home,False,0.008831113929094702,-107.0,1,0.9345794392523364,0.9345794392523364
2021,13,2021_13_IND_HOU,away,True,-0.00031259198744697513,-105.0,1,0.9523809523809523,0.9523809523809523
2021,13,2021_13_DEN_KC,away,False,0.017430924361667748,-106.0,0,0.9433962264150944,-1.0
2021,13,2021_13_JAX_LA,home,True,0.0013236212666575596,-108.0,1,0.9259259259259259,0.9259259259259259
2021,13,2021_13_WAS_LV,away,False,0.011212191257444956,108.0,1,1.08,1.08
2021,13,2021_13_NYG_MIA,away,False,0.012435135473746247,108.0,0,1.08,-1.0
2021,13,2021_13_DAL_NO,home,False,0.004695931237751616,100.0,0,1.0,-1.0
2021,13,2021_13_PHI_NYJ,home,False,-0.0015915213022053842,-113.0,0,0.8849557522123894,-1.0
2021,13,2021_13_BAL_PIT,home,False,0.007806137240787814,-107.0,1,0.9345794392523364,0.9345794392523364
2021,13,2021_13_SF_SEA,away,True,0.009528899076412085,108.0,0,1.08,-1.0
2021,14,2021_14_LA_ARI,home,True,-0.003934797602057655,-116.0,0,0.8620689655172413,-1.0
2021,14,2021_14_ATL_CAR,away,False,0.015685296210977206,-104.0,1,0.9615384615384616,0.9615384615384616
2021,14,2021_14_SF_CIN,home,False,-0.002716218645685042,-108.0,0,0.9259259259259259,-1.0
2021,14,2021_14_BAL_CLE,away,False,-0.00238568089844397,-104.0,1,0.9615384615384616,0.9615384615384616
2021,14,2021_14_DET_DEN,home,True,0.026001665818917007,-102.0,1,0.9803921568627451,0.9803921568627451
2021,14,2021_14_CHI_GB,away,False,0.008995421805188907,-102.0,0,0.9803921568627451,-1.0
2021,14,2021_14_SEA_HOU,away,True,0.011015986536747742,104.0,1,1.04,1.04
2021,14,2021_14_LV_KC,away,False,0.014899489973138417,-108.0,0,0.9259259259259259,-1.0
2021,14,2021_14_NYG_LAC,home,True,-0.0026938503885713338,106.0,1,1.06,1.06
2021,14,2021_14_PIT_MIN,away,False,-0.004641649564655004,-117.0,0,0.8547008547008547,-1.0
2021,14,2021_14_NO_NYJ,away,True,0.035866885248940696,103.0,1,1.03,1.03
2021,14,2021_14_BUF_TB,away,False,0.024871908176965045,-106.0,0,0.9433962264150944,-1.0
2021,14,2021_14_JAX_TEN,away,False,0.020107087915125946,-108.0,0,0.9259259259259259,-1.0
2021,14,2021_14_DAL_WAS,home,False,-0.0008207299635090869,103.0,0,1.03,-1.0
2021,15,2021_15_GB_BAL,away,True,-0.0031781373043734433,104.0,0,1.04,-1.0
2021,15,2021_15_CAR_BUF,away,False,0.0519374965094939,102.0,0,1.02,-1.0
2021,15,2021_15_MIN_CHI,home,False,0.011544959291895507,102.0,0,1.02,-1.0
2021,15,2021_15_LV_CLE,away,True,0.031022787106298865,-102.0,0,0.9803921568627451,-1.0
2021,15,2021_15_CIN_DEN,away,False,0.007918143021268637,-110.0,1,0.9090909090909091,0.9090909090909091
2021,15,2021_15_ARI_DET,home,False,0.009378214113037419,-109.0,1,0.9174311926605505,0.9174311926605505
2021,15,2021_15_NE_IND,away,True,-0.0017467110572623621,-101.0,0,0.9900990099009901,-1.0
2021,15,2021_15_HOU_JAX,away,False,0.0018371121986670623,-111.0,1,0.9009009009009009,0.9009009009009009
2021,15,2021_15_SEA_LA,away,False,-0.0019137089701194542,-120.0,0,0.8333333333333334,-1.0
2021,15,2021_15_KC_LAC,home,False,0.023358698974287138,105.0,0,1.05,-1.0
2021,15,2021_15_NYJ_MIA,away,False,0.021840115850854436,-114.0,1,0.8771929824561403,0.8771929824561403
2021,15,2021_15_DAL_NYG,home,False,0.008050880718573303,108.0,0,1.08,-1.0
2021,15,2021_15_WAS_PHI,away,False,0.023911096821341897,-101.0,1,0.9900990099009901,0.9900990099009901
2021,15,2021_15_TEN_PIT,away,False,-0.0014577314168188636,102.0,0,1.02,-1.0
2021,15,2021_15_ATL_SF,away,False,-0.0006123507596029309,-114.0,0,0.8771929824561403,-1.0
2021,15,2021_15_NO_TB,away,False,0.005621480315582161,-101.0,1,0.9900990099009901,0.9900990099009901
2021,16,2021_16_IND_ARI,away,False,-0.0013775897136425906,102.0,1,1.02,1.02
2021,16,2021_16_DET_ATL,away,False,0.01835939043696358,-106.0,1,0.9433962264150944,0.9433962264150944
2021,16,2021_16_TB_CAR,away,True,0.02113546895886083,105.0,1,1.05,1.05
2021,16,2021_16_BAL_CIN,away,False,0.0029784079847213984,-102.0,0,0.9803921568627451,-1.0
2021,16,2021_16_WAS_DAL,home,True,0.005458717113907321,101.0,1,1.01,1.01
2021,16,2021_16_CLE_GB,away,False,0.03413616936892279,101.0,1,1.01,1.01
2021,16,2021_16_LAC_HOU,home,False,-0.0033127970778511814,-114.0,1,0.8771929824561403,0.8771929824561403
2021,16,2021_16_PIT_KC,home,True,0.00576846588732558,102.0,1,1.02,1.02
2021,16,2021_16_DEN_LV,away,True,0.014530073734514147,-101.0,0,0.9900990099009901,-1.0
2021,16,2021_16_LA_MIN,away,True,0.013141200572953815,-103.0,1,0.970873786407767,0.970873786407767
2021,16,2021_16_BUF_NE,home,True,0.00020318961210302744,-105.0,0,0.9523809523809523,-1.0
2021,16,2021_16_MIA_NO,home,False,-0.0020004315388220087,-101.0,0,0.9900990099009901,-1.0
2021,16,2021_16_JAX_NYJ,away,False,0.011970913358178497,-111.0,0,0.9009009009009009,-1.0
2021,16,2021_16_NYG_PHI,away,False,0.019050235606285614,-108.0,0,0.9259259259259259,-1.0
2021,16,2021_16_CHI_SEA,away,False,0.005153868998809329,-103.0,1,0.970873786407767,0.970873786407767
2021,16,2021_16_SF_TEN,away,True,0.0031904853948780815,108.0,0,1.08,-1.0
2021,17,2021_17_LA_BAL,home,False,0.0042955960654118,-101.0,1,0.9900990099009901,0.9900990099009901
2021,17,2021_17_ATL_BUF,away,False,0.02945803280941585,-101.0,1,0.9900990099009901,0.9900990099009901
2021,17,2021_17_NYG_CHI,away,False,0.0027672766432233764,-115.0,0,0.8695652173913043,-1.0
2021,17,2021_17_KC_CIN,away,True,0.008332610330464656,-103.0,0,0.970873786407767,-1.0
2021,17,2021_17_ARI_DAL,away,False,0.0233825109354215,-103.0,1,0.970873786407767,0.970873786407767
2021,17,2021_17_MIN_GB,home,True,0.02692387914029974,105.0,1,1.05,1.05
2021,17,2021_17_LV_IND,away,False,0.020196420597509934,100.0,1,1.0,1.0
2021,17,2021_17_DEN_LAC,away,False,-0.0030485109013415387,-117.0,0,0.8547008547008547,-1.0
2021,17,2021_17_JAX_NE,away,False,0.043808386776807644,-109.0,0,0.9174311926605505,-1.0
2021,17,2021_17_CAR_NO,away,False,8.76162958914739e-05,-110.0,0,0.9090909090909091,-1.0
2021,17,2021_17_TB_NYJ,away,True,0.0148027029834207,-101.0,0,0.9900990099009901,-1.0
2021,17,2021_17_CLE_PIT,home,False,0.0030856000965537754,-101.0,1,0.9900990099009901,0.9900990099009901
2021,17,2021_17_DET_SEA,away,False,0.01640036499159347,103.0,0,1.03,-1.0
2021,17,2021_17_HOU_SF,away,False,0.022746453880578714,-113.0,0,0.8849557522123894,-1.0
2021,17,2021_17_MIA_TEN,away,False,0.01434960647559711,106.0,0,1.06,-1.0
2021,17,2021_17_PHI_WAS,home,False,0.01496845301917516,-115.0,1,0.8695652173913043,0.8695652173913043
2021,18,2021_18_SEA_ARI,away,False,-0.007247076076032848,-110.0,1,0.9090909090909091,0.9090909090909091
2021,18,2021_18_NO_ATL,home,False,0.019424521828343286,-100.0,0,1.0,-1.0
2021,18,2021_18_PIT_BAL,away,False,0.021879381882583586,-110.0,1,0.9090909090909091,0.9090909090909091
2021,18,2021_18_NYJ_BUF,away,False,0.014646201751083814,-110.0,0,0.9090909090909091,-1.0
2021,18,2021_18_CIN_CLE,away,False,-0.007346733712055592,-110.0,1,0.9090909090909091,0.9090909090909091
2021,18,2021_18_KC_DEN,away,True,0.02157313500837809,-110.0,0,0.9090909090909091,-1.0
2021,18,2021_18_GB_DET,home,False,0.011550945744892032,-110.0,1,0.9090909090909091,0.9090909090909091
2021,18,2021_18_TEN_HOU,home,False,0.012594801650301262,-115.0,1,0.8695652173913043,0.8695652173913043
2021,18,2021_18_IND_JAX,home,False,-0.004079994994691349,-110.0,1,0.9090909090909091,0.9090909090909091
2021,18,2021_18_SF_LA,away,False,0.013214461002174792,-105.0,1,0.9523809523809523,0.9523809523809523
2021,18,2021_18_LAC_LV,home,False,-0.006864201812542819,-110.0,1,0.9090909090909091,0.9090909090909091
2021,18,2021_18_NE_MIA,away,True,0.017593236949077443,-110.0,0,0.9090909090909091,-1.0
2021,18,2021_18_CHI_MIN,away,False,0.02496318349164133,-110.0,0,0.9090909090909091,-1.0
2021,18,2021_18_WAS_NYG,away,True,0.05591359292926545,-102.0,1,0.9803921568627451,0.9803921568627451
2021,18,2021_18_DAL_PHI,away,True,0.018089463303699465,-110.0,1,0.9090909090909091,0.9090909090909091
2021,18,2021_18_CAR_TB,away,False,0.02848678514792307,-110.0,0,0.9090909090909091,-1.0
2022,1,2022_01_KC_ARI,home,False,0.006496993726735734,-104.0,0,0.9615384615384616,-1.0
2022,1,2022_01_NO_ATL,home,False,0.006797969807455717,-107.0,1,0.9345794392523364,0.9345794392523364
2022,1,2022_01_CLE_CAR,home,True,0.017591042625799566,102.0,0,1.02,-1.0
2022,1,2022_01_SF_CHI,home,False,0.0010491053160784135,-111.0,1,0.9009009009009009,0.9009009009009009
2022,1,2022_01_PIT_CIN,away,False,0.022209224824241623,-119.0,1,0.8403361344537815,0.8403361344537815
2022,1,2022_01_TB_DAL,home,False,0.01348463158173323,-102.0,0,0.9803921568627451,-1.0
2022,1,2022_01_PHI_DET,home,False,0.013836671254336956,-100.0,1,1.0,1.0
2022,1,2022_01_IND_HOU,home,False,0.007680502281937251,-107.0,1,0.9345794392523364,0.9345794392523364
2022,1,2022_01_BUF_LA,away,True,0.004050200562030725,-112.0,1,0.8928571428571429,0.8928571428571429
2022,1,2022_01_LV_LAC,away,False,-0.0005635909879493305,-106.0,0,0.9433962264150944,-1.0
2022,1,2022_01_NE_MIA,away,False,0.02372891024905936,-104.0,0,0.9615384615384616,-1.0
2022,1,2022_01_GB_MIN,home,True,0.0013451645584920456,105.0,1,1.05,1.05
2022,1,2022_01_BAL_NYJ,away,True,0.005891190002229923,-103.0,1,0.970873786407767,0.970873786407767
2022,1,2022_01_DEN_SEA,home,False,0.011724201887222778,-103.0,1,0.970873786407767,0.970873786407767
2022,1,2022_01_NYG_TEN,away,False,0.01828775458886602,-108.0,1,0.9259259259259259,0.9259259259259259
2022,1,2022_01_JAX_WAS,away,False,0.027749986156711672,-101.0,0,0.9900990099009901,-1.0
2022,2,2022_02_MIA_BAL,away,False,0.002192969980420764,103.0,1,1.03,1.03
2022,2,2022_02_TEN_BUF,away,False,-0.002628118571455612,-115.0,0,0.8695652173913043,-1.0
2022,2,2022_02_NYJ_CLE,home,True,0.013981897669512477,100.0,0,1.0,-1.0
2022,2,2022_02_CIN_DAL,home,False,-0.0010454461454306118,-122.0,1,0.819672131147541,0.819672131147541
2022,2,2022_02_HOU_DEN,home,True,0.005507627385670441,103.0,0,1.03,-1.0
2022,2,2022_02_WAS_DET,home,False,0.0032992588509211827,-103.0,1,0.970873786407767,0.970873786407767
2022,2,2022_02_CHI_GB,away,False,0.006568046181470238,-111.0,0,0.9009009009009009,-1.0
2022,2,2022_02_IND_JAX,away,True,0.005446531986016473,-107.0,0,0.9345794392523364,-1.0
2022,2,2022_02_LAC_KC,away,False,-0.0022707161210484992,-113.0,1,0.8849557522123894,0.8849557522123894
2022,2,2022_02_ATL_LA,home,True,0.008936393986027233,103.0,0,1.03,-1.0
2022,2,2022_02_ARI_LV,away,False,0.0033194460695039007,-110.0,1,0.9090909090909091,0.9090909090909091
2022,2,2022_02_TB_NO,away,True,-0.0036416391892155394,-109.0,1,0.9174311926605505,0.9174311926605505
2022,2,2022_02_CAR_NYG,away,True,0.016916995980605587,-106.0,0,0.9433962264150944,-1.0
2022,2,2022_02_MIN_PHI,away,False,0.031123640802943702,106.0,0,1.06,-1.0
2022,2,2022_02_NE_PIT,away,True,0.014021741374616713,-102.0,1,0.9803921568627451,0.9803921568627451
2022,2,2022_02_SEA_SF,away,False,0.004581198014281157,-113.0,0,0.8849557522123894,-1.0
2022,3,2022_03_LA_ARI,away,True,0.004019310296332587,104.0,1,1.04,1.04
2022,3,2022_03_NO_CAR,away,True,-0.0020835719790024297,-102.0,0,0.9803921568627451,-1.0
2022,3,2022_03_HOU_CHI,away,False,0.011158945695692995,-107.0,1,0.9345794392523364,0.9345794392523364
2022,3,2022_03_PIT_CLE,away,False,0.0030474865339343736,-111.0,0,0.9009009009009009,-1.0
2022,3,2022_03_SF_DEN,away,True,0.0020979513276571326,-102.0,0,0.9803921568627451,-1.0
2022,3,2022_03_KC_IND,away,True,0.022104614782217896,103.0,0,1.03,-1.0
2022,3,2022_03_JAX_LAC,away,False,0.01349805097990766,-106.0,1,0.9433962264150944,0.9433962264150944
2022,3,2022_03_BUF_MIA,away,True,0.018000927145981626,-104.0,0,0.9615384615384616,-1.0
2022,3,2022_03_DET_MIN,away,False,0.011794157620973033,-101.0,1,0.9900990099009901,0.9900990099009901
2022,3,2022_03_BAL_NE,away,True,0.018906043582046703,-114.0,1,0.8771929824561403,0.8771929824561403
2022,3,2022_03_DAL_NYG,home,True,0.0034579077660548793,-113.0,0,0.8849557522123894,-1.0
2022,3,2022_03_CIN_NYJ,away,True,0.033623458191462605,104.0,1,1.04,1.04
2022,3,2022_03_ATL_SEA,home,True,0.0025097635552200123,102.0,0,1.02,-1.0
2022,3,2022_03_GB_TB,away,False,0.034880891703017336,105.0,1,1.05,1.05
2022,3,2022_03_LV_TEN,away,True,0.0074516235777273895,-113.0,0,0.8849557522123894,-1.0
2022,3,2022_03_PHI_WAS,away,True,-0.00369302755047271,102.0,1,1.02,1.02
2022,4,2022_04_CLE_ATL,away,True,0.020755863934595414,-101.0,0,0.9900990099009901,-1.0
2022,4,2022_04_BUF_BAL,away,True,0.002738120558184659,-117.0,1,0.8547008547008547,0.8547008547008547
2022,4,2022_04_ARI_CAR,away,False,0.019660098292091498,-104.0,1,0.9615384615384616,0.9615384615384616
2022,4,2022_04_MIA_CIN,away,False,0.022150591662265046,-107.0,0,0.9345794392523364,-1.0
2022,4,2022_04_WAS_DAL,home,True,-0.0014223443975338451,-101.0,1,0.9900990099009901,0.9900990099009901
2022,4,2022_04_SEA_DET,away,False,0.013928557377508501,103.0,1,1.03,1.03
2022,4,2022_04_NE_GB,away,False,-0.0027576830104764248,-120.0,1,0.8333333333333334,0.8333333333333334
2022,4,2022_04_LAC_HOU,home,False,0.0017739859762854746,-104.0,0,0.9615384615384616,-1.0
2022,4,2022_04_TEN_IND,away,False,0.014457119938951095,-105.0,1,0.9523809523809523,0.9523809523809523
2022,4,2022_04_DEN_LV,away,False,0.02087999215974491,-101.0,0,0.9900990099009901,-1.0
2022,4,2022_04_MIN_NO,home,False,0.0011991498920802812,-107.0,1,0.9345794392523364,0.9345794392523364
2022,4,2022_04_CHI_NYG,home,True,0.007226480665283127,109.0,1,1.09,1.09
2022,4,2022_04_JAX_PHI,away,False,0.012899816723114781,-109.0,0,0.9174311926605505,-1.0
2022,4,2022_04_NYJ_PIT,home,True,-0.0015914679428744192,-108.0,0,0.9259259259259259,-1.0
2022,4,2022_04_LA_SF,away,False,0.03355911994082607,106.0,0,1.06,-1.0
2022,4,2022_04_KC_TB,away,False,0.02450206890860982,107.0,1,1.07,1.07
2022,5,2022_05_PHI_ARI,home,False,0.007957818721332133,-111.0,1,0.9009009009009009,0.9009009009009009
2022,5,2022_05_CIN_BAL,away,False,0.01820078676526494,103.0,1,1.03,1.03
2022,5,2022_05_PIT_BUF,away,False,0.014705885110641408,-108.0,0,0.9259259259259259,-1.0
2022,5,2022_05_SF_CAR,away,True,-0.00359214667199329,-102.0,1,0.9803921568627451,0.9803921568627451
2022,5,2022_05_LAC_CLE,away,True,0.01510369552447313,-106.0,1,0.9433962264150944,0.9433962264150944
2022,5,2022_05_IND_DEN,away,False,0.007856721104412023,-114.0,1,0.8771929824561403,0.8771929824561403
2022,5,2022_05_NYG_GB,away,False,0.00655370189698555,104.0,1,1.04,1.04
2022,5,2022_05_HOU_JAX,away,False,0.0165406393488921,-113.0,1,0.8849557522123894,0.8849557522123894
2022,5,2022_05_LV_KC,away,False,0.011330545456565616,-125.0,1,0.8,0.8
2022,5,2022_05_DAL_LA,home,True,0.001962701870244765,102.0,0,1.02,-1.0
2022,5,2022_05_CHI_MIN,away,False,0.002575887378048558,-116.0,1,0.8620689655172413,0.8620689655172413
2022,5,2022_05_DET_NE,home,True,0.004606160134474291,102.0,1,1.02,1.02
2022,5,2022_05_SEA_NO,away,False,-0.0012920937063415627,-106.0,0,0.9433962264150944,-1.0
2022,5,2022_05_MIA_NYJ,home,False,0.0009199010901798476,100.0,1,1.0,1.0
2022,5,2022_05_ATL_TB,away,False,0.003724334127342715,-113.0,1,0.8849557522123894,0.8849557522123894
2022,5,2022_05_TEN_WAS,away,True,0.02093938974366051,-102.0,1,0.9803921568627451,0.9803921568627451
2022,6,2022_06_SF_ATL,away,True,0.015714685529238135,-100.0,0,1.0,-1.0
2022,6,2022_06_WAS_CHI,away,True,0.015007658336207446,-112.0,1,0.8928571428571429,0.8928571428571429
2022,6,2022_06_NE_CLE,away,False,0.014186904472402314,101.0,1,1.01,1.01
2022,6,2022_06_NYJ_GB,home,True,0.016825234423049538,-109.0,0,0.9174311926605505,-1.0
2022,6,2022_06_JAX_IND,away,False,0.006818381843402529,103.0,0,1.03,-1.0
2022,6,2022_06_BUF_KC,away,True,-0.0022819344209183464,-116.0,1,0.8620689655172413,0.8620689655172413
2022,6,2022_06_CAR_LA,away,False,0.015237448072639858,-112.0,0,0.8928571428571429,-1.0
2022,6,2022_06_DEN_LAC,away,False,0.019226320161631148,-103.0,1,0.970873786407767,0.970873786407767
2022,6,2022_06_MIN_MIA,home,False,0.001649792992872756,109.0,0,1.09,-1.0
2022,6,2022_06_CIN_NO,away,True,0.00300416886880705,-110.0,1,0.9090909090909091,0.9090909090909091
2022,6,2022_06_BAL_NYG,away,True,0.0029305714623718056,-107.0,0,0.9345794392523364,-1.0
2022,6,2022_06_DAL_PHI,away,False,0.028710280777969093,109.0,0,1.09,-1.0
2022,6,2022_06_TB_PIT,home,False,0.004340022216954453,-113.0,1,0.8849557522123894,0.8849557522123894
2022,6,2022_06_ARI_SEA,away,True,0.008747554435736604,-106.0,0,0.9433962264150944,-1.0
2022,7,2022_07_NO_ARI,away,False,0.007646476390490064,-101.0,0,0.9900990099009901,-1.0
2022,7,2022_07_CLE_BAL,away,False,0.002470227257132984,100.0,1,1.0,1.0
2022,7,2022_07_TB_CAR,home,False,0.026623218907409388,-107.0,1,0.9345794392523364,0.9345794392523364
2022,7,2022_07_ATL_CIN,away,False,0.0151557408548945,-100.0,0,1.0,-1.0
2022,7,2022_07_DET_DAL,home,True,0.010430273338127443,102.0,1,1.02,1.02
2022,7,2022_07_NYJ_DEN,away,True,0.014829752046131626,-106.0,1,0.9433962264150944,0.9433962264150944
2022,7,2022_07_NYG_JAX,away,False,0.0023543161414355807,102.0,1,1.02,1.02
2022,7,2022_07_SEA_LAC,away,False,0.013321037161474246,-111.0,1,0.9009009009009009,0.9009009009009009
2022,7,2022_07_HOU_LV,away,False,0.021420914388305484,104.0,0,1.04,-1.0
2022,7,2022_07_PIT_MIA,away,False,0.001016800281615604,-119.0,1,0.8403361344537815,0.8403361344537815
2022,7,2022_07_CHI_NE,home,True,0.0004552835256998677,-100.0,0,1.0,-1.0
2022,7,2022_07_KC_SF,away,True,0.011386713949040166,102.0,1,1.02,1.02
2022,7,2022_07_IND_TEN,away,False,0.023511882977013402,-102.0,0,0.9803921568627451,-1.0
2022,7,2022_07_GB_WAS,away,True,0.009619314762276636,-102.0,0,0.9803921568627451,-1.0
2022,8,2022_08_CAR_ATL,home,True,0.004182697433219595,-100.0,0,1.0,-1.0
2022,8,2022_08_GB_BUF,away,False,0.0011556156114906956,-110.0,1,0.9090909090909091,0.9090909090909091
2022,8,2022_08_CIN_CLE,home,False,-0.00020597373141688358,102.0,1,1.02,1.02
2022,8,2022_08_CHI_DAL,away,False,0.017098438681289938,-121.0,0,0.8264462809917356,-1.0
2022,8,2022_08_MIA_DET,home,False,0.00618976510398459,102.0,0,1.02,-1.0
2022,8,2022_08_TEN_HOU,away,True,0.015199599581441818,-107.0,1,0.9345794392523364,0.9345794392523364
2022,8,2022_08_WAS_IND,away,False,0.0015123602941749636,-114.0,1,0.8771929824561403,0.8771929824561403
2022,8,2022_08_DEN_JAX,away,False,0.010888164008050026,-112.0,1,0.8928571428571429,0.8928571428571429
2022,8,2022_08_SF_LA,away,True,0.00733790235738824,103.0,1,1.03,1.03
2022,8,2022_08_ARI_MIN,away,False,0.0026269719131327084,-105.0,0,0.9523809523809523,-1.0
2022,8,2022_08_LV_NO,away,True,0.00761173287104539,-111.0,0,0.9009009009009009,-1.0
2022,8,2022_08_NE_NYJ,away,True,0.023256208938784287,-103.0,1,0.970873786407767,0.970873786407767
2022,8,2022_08_PIT_PHI,away,False,0.024782216125266248,102.0,0,1.02,-1.0
2022,8,2022_08_NYG_SEA,away,False,0.005489176034432497,-100.0,0,1.0,-1.0
2022,8,2022_08_BAL_TB,away,False,0.008882293969550058,-104.0,1,0.9615384615384616,0.9615384615384616
2022,9,2022_09_SEA_ARI,away,False,3.767477939147778e-05,102.0,1,1.02,1.02
2022,9,2022_09_LAC_ATL,home,False,0.024069860992101084,103.0,0,1.03,-1.0
2022,9,2022_09_MIA_CHI,away,True,-0.0017754370374448768,-103.0,0,0.970873786407767,-1.0
2022,9,2022_09_CAR_CIN,away,False,0.024459406061182642,-100.0,0,1.0,-1.0
2022,9,2022_09_GB_DET,away,True,0.003637948741972374,-107.0,0,0.9345794392523364,-1.0
2022,9,2022_09_PHI_HOU,home,False,0.05220974034546695,-113.0,1,0.8849557522123894,0.8849557522123894
2022,9,2022_09_LV_JAX,away,True,0.01308455108771045,-102.0,0,0.9803921568627451,-1.0
2022,9,2022_09_TEN_KC,away,False,0.014718392164527533,-107.0,1,0.9345794392523364,0.9345794392523364
2022,9,2022_09_IND_NE,home,True,-0.00022953655512079893,104.0,1,1.04,1.04
2022,9,2022_09_BAL_NO,home,False,0.010978553074894376,106.0,0,1.06,-1.0
2022,9,2022_09_BUF_NYJ,away,True,0.00691485886940035,103.0,0,1.03,-1.0
2022,9,2022_09_LA_TB,away,False,0.030470461630466093,-104.0,1,0.9615384615384616,0.9615384615384616
2022,9,2022_09_MIN_WAS,home,False,-0.002477603757254029,108.0,0,1.08,-1.0
2022,10,2022_10_MIN_BUF,away,False,0.015096211318531942,-104.0,1,0.9615384615384616,0.9615384615384616
2022,10,2022_10_ATL_CAR,away,True,0.0011358948181410975,-103.0,0,0.970873786407767,-1.0
2022,10,2022_10_DET_CHI,away,False,0.023108930233682434,-105.0,1,0.9523809523809523,0.9523809523809523
2022,10,2022_10_DAL_GB,home,False,0.01371423649363434,102.0,1,1.02,1.02
2022,10,2022_10_JAX_KC,away,False,0.013038435348595334,-120.0,1,0.8333333333333334,0.8333333333333334
2022,10,2022_10_ARI_LA,away,False,0.004195252181224584,-110.0,1,0.9090909090909091,0.9090909090909091
2022,10,2022_10_IND_LV,away,False,0.008589148664421425,-112.0,1,0.8928571428571429,0.8928571428571429
2022,10,2022_10_CLE_MIA,away,False,0.027477359498829006,112.0,0,1.12,-1.0
2022,10,2022_10_HOU_NYG,away,False,0.038790487168000556,-112.0,0,0.8928571428571429,-1.0
2022,10,2022_10_WAS_PHI,home,True,0.017282224257102023,-103.0,0,0.970873786407767,-1.0
2022,10,2022_10_NO_PIT,away,False,0.003590208192208277,-103.0,0,0.970873786407767,-1.0
2022,10,2022_10_LAC_SF,away,False,0.007094709252040986,-105.0,1,0.9523809523809523,0.9523809523809523
2022,10,2022_10_SEA_TB,away,False,0.0012746042822464358,103.0,0,1.03,-1.0
2022,10,2022_10_DEN_TEN,away,False,0.023018844862980375,-105.0,0,0.9523809523809523,-1.0
2022,11,2022_11_SF_ARI,home,False,-0.003129910853855411,-113.0,0,0.8849557522123894,-1.0
2022,11,2022_11_CHI_ATL,home,True,0.004205281130399824,110.0,0,1.1,-1.0
2022,11,2022_11_CAR_BAL,home,True,7.13534800600185e-05,106.0,0,1.06,-1.0
2022,11,2022_11_CLE_BUF,away,False,0.008487609995679574,-103.0,0,0.970873786407767,-1.0
2022,11,2022_11_LV_DEN,away,False,0.024020338074715902,106.0,1,1.06,1.06
2022,11,2022_11_TEN_GB,away,False,-0.003959561374701548,106.0,1,1.06,1.06
2022,11,2022_11_WAS_HOU,home,False,0.006094955058524192,-110.0,0,0.9090909090909091,-1.0
2022,11,2022_11_PHI_IND,away,True,-0.0019746712031926627,-108.0,0,0.9259259259259259,-1.0
2022,11,2022_11_KC_LAC,home,False,0.011073499117826574,-108.0,1,0.9259259259259259,0.9259259259259259
2022,11,2022_11_DAL_MIN,home,False,0.006789111497176933,104.0,0,1.04,-1.0
2022,11,2022_11_NYJ_NE,away,False,-0.00449888871896113,-109.0,0,0.9174311926605505,-1.0
2022,11,2022_11_LA_NO,home,True,0.006677693202868737,104.0,1,1.04,1.04
2022,11,2022_11_DET_NYG,home,True,0.00897528589544408,-107.0,0,0.9345794392523364,-1.0
2022,11,2022_11_CIN_PIT,away,True,0.004782825817688221,101.0,1,1.01,1.01
2022,12,2022_12_LAC_ARI,away,True,0.005863112411869703,-108.0,0,0.9259259259259259,-1.0
2022,12,2022_12_DEN_CAR,away,True,0.011632143167056918,-109.0,0,0.9174311926605505,-1.0
2022,12,2022_12_TB_CLE,home,False,0.0057779904786601916,107.0,1,1.07,1.07
2022,12,2022_12_NYG_DAL,away,False,0.0059619543253382696,-114.0,1,0.8771929824561403,0.8771929824561403
2022,12,2022_12_BUF_DET,home,False,0.006790176643375584,-116.0,1,0.8620689655172413,0.8620689655172413
2022,12,2022_12_PIT_IND,away,False,0.008437096843044216,-110.0,1,0.9090909090909091,0.9090909090909091
2022,12,2022_12_BAL_JAX,away,True,-0.001982447326977338,111.0,0,1.11,-1.0
2022,12,2022_12_LA_KC,away,False,0.020640701951095408,-115.0,1,0.8695652173913043,0.8695652173913043
2022,12,2022_12_HOU_MIA,away,False,0.005293760265185071,-101.0,0,0.9900990099009901,-1.0
2022,12,2022_12_NE_MIN,away,False,0.018458824809747535,-102.0,0,0.9803921568627451,-1.0
2022,12,2022_12_CHI_NYJ,away,False,0.017399017593575764,-107.0,0,0.9345794392523364,-1.0
2022,12,2022_12_GB_PHI,away,False,0.015457195216719758,-105.0,0,0.9523809523809523,-1.0
2022,12,2022_12_LV_SEA,away,False,0.010604112615616756,-107.0,1,0.9345794392523364,0.9345794392523364
2022,12,2022_12_NO_SF,away,False,0.002096067111458616,-113.0,0,0.8849557522123894,-1.0
2022,12,2022_12_CIN_TEN,away,True,0.02627331024084052,102.0,1,1.02,1.02
2022,12,2022_12_ATL_WAS,away,False,-0.0008575386059608669,-110.0,0,0.9090909090909091,-1.0
2022,13,2022_13_PIT_ATL,away,True,0.0008495408580295626,-105.0,1,0.9523809523809523,0.9523809523809523
2022,13,2022_13_DEN_BAL,home,True,0.04190641032947058,112.0,0,1.12,-1.0
2022,13,2022_13_GB_CHI,away,True,0.04262051374971783,105.0,1,1.05,1.05
2022,13,2022_13_KC_CIN,home,False,-0.003986567153517328,-102.0,1,0.9803921568627451,0.9803921568627451
2022,13,2022_13_IND_DAL,home,True,0.0028181623911172236,-101.0,1,0.9900990099009901,0.9900990099009901
2022,13,2022_13_JAX_DET,away,False,0.0031513392640826975,-100.0,0,1.0,-1.0
2022,13,2022_13_CLE_HOU,home,False,-0.0020133886702487056,-102.0,0,0.9803921568627451,-1.0
2022,13,2022_13_SEA_LA,away,True,0.002166912543675384,107.0,0,1.07,-1.0
2022,13,2022_13_LAC_LV,away,False,0.0002834544229482316,-102.0,0,0.9803921568627451,-1.0
2022,13,2022_13_NYJ_MIN,home,True,0.012965280496633896,106.0,1,1.06,1.06
2022,13,2022_13_BUF_NE,home,False,0.010180618930879091,-105.0,0,0.9523809523809523,-1.0
2022,13,2022_13_WAS_NYG,away,True,0.02179155643460747,105.0,0,1.05,-1.0
2022,13,2022_13_TEN_PHI,away,False,-0.0007419113320871751,-109.0,0,0.9174311926605505,-1.0
2022,13,2022_13_MIA_SF,away,False,0.024534582218269332,101.0,0,1.01,-1.0
2022,13,2022_13_NO_TB,away,False,0.020107054918116228,-105.0,1,0.9523809523809523,0.9523809523809523
2022,14,2022_14_NE_ARI,away,True,0.0022912468811876526,-104.0,1,0.9615384615384616,0.9615384615384616
2022,14,2022_14_NYJ_BUF,away,False,0.0038501931281234134,-108.0,1,0.9259259259259259,0.9259259259259259
2022,14,2022_14_CLE_CIN,away,False,-0.0030382075541181552,-108.0,0,0.9259259259259259,-1.0
2022,14,2022_14_HOU_DAL,away,False,0.043242398612672435,104.0,1,1.04,1.04
2022,14,2022_14_KC_DEN,away,True,0.007798980314025177,-108.0,0,0.9259259259259259,-1.0
2022,14,2022_14_MIN_DET,home,True,0.00047036276331087197,-102.0,1,0.9803921568627451,0.9803921568627451
2022,14,2022_14_LV_LA,home,False,0.006552357185976734,101.0,1,1.01,1.01
2022,14,2022_14_MIA_LAC,home,False,0.016653574837084406,102.0,1,1.02,1.02
2022,14,2022_14_PHI_NYG,away,True,0.00704712352958283,104.0,1,1.04,1.04
2022,14,2022_14_BAL_PIT,home,True,0.003183794503728865,-109.0,0,0.9174311926605505,-1.0
2022,14,2022_14_CAR_SEA,away,False,0.021599808088234015,106.0,1,1.06,1.06
2022,14,2022_14_TB_SF,away,False,0.018769986531235964,-107.0,0,0.9345794392523364,-1.0
2022,14,2022_14_JAX_TEN,away,False,0.029172433015071202,106.0,1,1.06,1.06
2022,15,2022_15_MIA_BUF,home,True,-0.0035670022963380783,-106.0,0,0.9433962264150944,-1.0
2022,15,2022_15_PIT_CAR,away,False,0.019540685606836094,-100.0,1,1.0,1.0
2022,15,2022_15_PHI_CHI,home,False,0.0209006134956327,-106.0,1,0.9433962264150944,0.9433962264150944
2022,15,2022_15_BAL_CLE,home,True,0.005192541798690975,-125.0,1,0.8,0.8
2022,15,2022_15_ARI_DEN,away,False,0.017784328549485005,-104.0,0,0.9615384615384616,-1.0
2022,15,2022_15_LA_GB,away,False,-0.0029889689406464633,-111.0,0,0.9009009009009009,-1.0
2022,15,2022_15_KC_HOU,home,False,0.00737481462627188,-120.0,1,0.8333333333333334,0.8333333333333334
2022,15,2022_15_DAL_JAX,away,True,0.01003887371363128,100.0,0,1.0,-1.0
2022,15,2022_15_TEN_LAC,away,False,0.007509053612923705,-108.0,1,0.9259259259259259,0.9259259259259259
2022,15,2022_15_NE_LV,away,False,0.042927065310209095,111.0,0,1.11,-1.0
2022,15,2022_15_IND_MIN,away,False,0.010457938888896089,-103.0,1,0.970873786407767,0.970873786407767
2022,15,2022_15_ATL_NO,home,True,0.0021337060433636976,-113.0,0,0.8849557522123894,-1.0
2022,15,2022_15_DET_NYJ,away,False,0.024034716364718243,-100.0,1,1.0,1.0
2022,15,2022_15_SF_SEA,home,False,0.006711915495895778,104.0,0,1.04,-1.0
2022,15,2022_15_CIN_TB,away,True,0.00706094966676661,108.0,1,1.08,1.08
2022,15,2022_15_NYG_WAS,away,False,0.012682561466180513,-114.0,1,0.8771929824561403,0.8771929824561403
2022,16,2022_16_TB_ARI,away,True,-0.0007769104550099159,102.0,0,1.02,-1.0
2022,16,2022_16_ATL_BAL,away,False,-0.0029812729745542607,-108.0,0,0.9259259259259259,-1.0
2022,16,2022_16_DET_CAR,away,True,0.018544814928747846,101.0,0,1.01,-1.0
2022,16,2022_16_BUF_CHI,home,False,-0.0035886010624928298,-100.0,0,1.0,-1.0
2022,16,2022_16_NO_CLE,away,False,0.040015334603095164,111.0,1,1.11,1.11
2022,16,2022_16_PHI_DAL,home,True,0.00980374368215222,-106.0,1,0.9433962264150944,0.9433962264150944
2022,16,2022_16_LAC_IND,away,True,0.006806946446215111,-102.0,1,0.9803921568627451,0.9803921568627451
2022,16,2022_16_SEA_KC,home,True,0.010425254081587936,-103.0,1,0.970873786407767,0.970873786407767
2022,16,2022_16_DEN_LA,home,False,0.015624564017487585,105.0,1,1.05,1.05
2022,16,2022_16_GB_MIA,away,False,0.010315549766170579,-107.0,1,0.9345794392523364,0.9345794392523364
2022,16,2022_16_NYG_MIN,away,False,0.01495338953839596,-102.0,1,0.9803921568627451,0.9803921568627451
2022,16,2022_16_CIN_NE,away,True,0.0011184354095589042,100.0,1,1.0,1.0
2022,16,2022_16_JAX_NYJ,away,False,0.003438872173138535,-104.0,1,0.9615384615384616,0.9615384615384616
2022,16,2022_16_LV_PIT,home,True,0.005298871106627845,-102.0,1,0.9803921568627451,0.9803921568627451
2022,16,2022_16_WAS_SF,away,False,-0.002919947933984096,-107.0,0,0.9345794392523364,-1.0
2022,16,2022_16_HOU_TEN,away,False,0.04325573307807153,103.0,1,1.03,1.03
2022,17,2022_17_ARI_ATL,home,True,-0.00389077794048753,108.0,0,1.08,-1.0
2022,17,2022_17_PIT_BAL,away,False,0.0373573013905491,102.0,1,1.02,1.02
2022,17,2022_17_CHI_DET,away,False,0.0011109081623720428,-105.0,0,0.9523809523809523,-1.0
2022,17,2022_17_MIN_GB,away,False,0.012396186458191976,106.0,0,1.06,-1.0
2022,17,2022_17_JAX_HOU,home,False,0.01707918481278875,-106.0,0,0.9433962264150944,-1.0
2022,17,2022_17_DEN_KC,home,True,-0.0008984319115566658,104.0,0,1.04,-1.0
2022,17,2022_17_LA_LAC,away,False,0.008178130687454642,-102.0,0,0.9803921568627451,-1.0
2022,17,2022_17_SF_LV,home,False,-0.0027417931824608496,-107.0,1,0.9345794392523364,0.9345794392523364
2022,17,2022_17_MIA_NE,home,True,-0.0038014270909852237,-104.0,0,0.9615384615384616,-1.0
2022,17,2022_17_IND_NYG,away,False,0.015430801184780761,-105.0,0,0.9523809523809523,-1.0
2022,17,2022_17_NO_PHI,away,False,0.024012981002473982,-110.0,1,0.9090909090909091,0.9090909090909091
2022,17,2022_17_NYJ_SEA,home,False,-0.0005697766058357811,-105.0,1,0.9523809523809523,0.9523809523809523
2022,17,2022_17_CAR_TB,home,True,0.0075748549314568646,-100.0,1,1.0,1.0
2022,17,2022_17_DAL_TEN,away,True,-0.0016458130534094837,-100.0,1,1.0,1.0
2022,17,2022_17_CLE_WAS,away,False,0.023478703795940203,-101.0,1,0.9900990099009901,0.9900990099009901
2022,18,2022_18_TB_ATL,home,True,-0.0014953593048577434,100.0,1,1.0,1.0
2022,18,2022_18_NE_BUF,away,False,0.005985872367359781,104.0,0,1.04,-1.0
2022,18,2022_18_MIN_CHI,away,True,0.004904222797745116,-104.0,1,0.9615384615384616,0.9615384615384616
2022,18,2022_18_BAL_CIN,home,True,0.009377274598310358,-116.0,0,0.8620689655172413,-1.0
2022,18,2022_18_LAC_DEN,away,False,0.018588826111827342,-104.0,1,0.9615384615384616,0.9615384615384616
2022,18,2022_18_DET_GB,away,False,0.0047869029634179435,-110.0,1,0.9090909090909091,0.9090909090909091
2022,18,2022_18_HOU_IND,away,False,0.01892813145617888,-119.0,1,0.8403361344537815,0.8403361344537815
2022,18,2022_18_TEN_JAX,home,True,0.012837274484197803,-104.0,0,0.9615384615384616,-1.0
2022,18,2022_18_KC_LV,home,False,-0.0018525967925083042,-105.0,0,0.9523809523809523,-1.0
2022,18,2022_18_NYJ_MIA,away,False,0.018398819554715354,-103.0,0,0.970873786407767,-1.0
2022,18,2022_18_CAR_NO,away,False,0.006578205865323494,-114.0,1,0.8771929824561403,0.8771929824561403
2022,18,2022_18_NYG_PHI,away,False,0.03289617753920162,-103.0,1,0.970873786407767,0.970873786407767
2022,18,2022_18_CLE_PIT,away,False,0.021177647501458823,-101.0,0,0.9900990099009901,-1.0
2022,18,2022_18_LA_SEA,home,True,0.0010343868510707176,102.0,0,1.02,-1.0
2022,18,2022_18_ARI_SF,away,False,0.02513429805508741,100.0,0,1.0,-1.0
2022,18,2022_18_DAL_WAS,away,True,0.030763328352007478,-100.0,0,1.0,-1.0
2023,1,2023_01_CAR_ATL,away,False,-0.007984418027572276,-108.0,0,0.9259259259259259,-1.0
2023,1,2023_01_HOU_BAL,away,False,0.02024312967160692,-110.0,0,0.9090909090909091,-1.0
2023,1,2023_01_GB_CHI,away,False,0.0072865826140745766,-110.0,1,0.9090909090909091,0.9090909090909091
2023,1,2023_01_CIN_CLE,away,True,0.01495230994732578,-105.0,0,0.9523809523809523,-1.0
2023,1,2023_01_LV_DEN,away,False,0.02724588383365916,-105.0,1,0.9523809523809523,0.9523809523809523
2023,1,2023_01_JAX_IND,home,False,-0.0038576182912994027,-112.0,0,0.8928571428571429,-1.0
2023,1,2023_01_DET_KC,away,False,0.010950483930081871,-110.0,1,0.9090909090909091,0.9090909090909091
2023,1,2023_01_MIA_LAC,away,False,0.011206503778139537,-110.0,1,0.9090909090909091,0.9090909090909091
2023,1,2023_01_TB_MIN,away,False,-0.0005526499095006742,-110.0,1,0.9090909090909091,0.9090909090909091
2023,1,2023_01_PHI_NE,home,False,0.007801085866073537,-110.0,0,0.9090909090909091,-1.0
2023,1,2023_01_TEN_NO,home,True,0.007497607983251147,-102.0,0,0.9803921568627451,-1.0
2023,1,2023_01_DAL_NYG,away,True,-0.005245336360187858,100.0,1,1.0,1.0
2023,1,2023_01_BUF_NYJ,home,False,0.007950691682859274,-110.0,1,0.9090909090909091,0.9090909090909091
2023,1,2023_01_SF_PIT,away,True,0.01619462575741987,-108.0,1,0.9259259259259259,0.9259259259259259
2023,1,2023_01_LA_SEA,away,False,0.00544862234392755,-110.0,1,0.9090909090909091,0.9090909090909091
2023,1,2023_01_ARI_WAS,away,False,0.003138148468378221,-108.0,1,0.9259259259259259,0.9259259259259259
2023,2,2023_02_NYG_ARI,home,False,-0.0027516457444475228,-110.0,1,0.9090909090909091,0.9090909090909091
2023,2,2023_02_GB_ATL,home,True,0.01018181361901605,-105.0,0,0.9523809523809523,-1.0
2023,2,2023_02_LV_BUF,away,False,0.007394581952389367,-110.0,0,0.9090909090909091,-1.0
2023,2,2023_02_NO_CAR,away,True,0.008917225368360109,-118.0,1,0.847457627118644,0.847457627118644
2023,2,2023_02_BAL_CIN,away,False,-0.0025565568624287436,-118.0,1,0.847457627118644,0.847457627118644
2023,2,2023_02_NYJ_DAL,away,False,-0.0014356182895477964,-110.0,0,0.9090909090909091,-1.0
2023,2,2023_02_WAS_DEN,away,False,-0.006237893289103957,-110.0,1,0.9090909090909091,0.9090909090909091
2023,2,2023_02_SEA_DET,away,False,-0.0036330443041846902,-110.0,1,0.9090909090909091,0.9090909090909091
2023,2,2023_02_IND_HOU,away,True,0.0013574131143544775,-105.0,1,0.9523809523809523,0.9523809523809523
2023,2,2023_02_KC_JAX,home,False,-0.0021897788199264742,-118.0,0,0.847457627118644,-1.0
2023,2,2023_02_SF_LA,home,False,0.004788675103668549,-115.0,1,0.8695652173913043,0.8695652173913043
2023,2,2023_02_MIA_NE,away,True,0.002338971152315683,-112.0,1,0.8928571428571429,0.8928571428571429
2023,2,2023_02_MIN_PHI,away,False,0.026693625835337614,-110.0,1,0.9090909090909091,0.9090909090909091
2023,2,2023_02_CLE_PIT,home,False,-0.006676423465042943,-105.0,1,0.9523809523809523,0.9523809523809523
2023,2,2023_02_CHI_TB,away,False,-0.0058328134252793925,-110.0,0,0.9090909090909091,-1.0
2023,2,2023_02_LAC_TEN,away,True,-0.0049604094599427434,-118.0,0,0.847457627118644,-1.0
2023,3,2023_03_DAL_ARI,home,False,0.02394121118276597,-110.0,1,0.9090909090909091,0.9090909090909091
2023,3,2023_03_IND_BAL,away,False,0.012787613053795792,-110.0,1,0.9090909090909091,0.9090909090909091
2023,3,2023_03_LA_CIN,away,False,-0.005202695276893609,100.0,1,1.0,1.0
2023,3,2023_03_TEN_CLE,away,False,0.02433648831373557,-110.0,0,0.9090909090909091,-1.0
2023,3,2023_03_ATL_DET,away,False,0.00936566732975249,100.0,0,1.0,-1.0
2023,3,2023_03_NO_GB,away,True,0.012629760960702213,-110.0,0,0.9090909090909091,-1.0
2023,3,2023_03_HOU_JAX,home,True,0.0017597129281819333,-110.0,0,0.9090909090909091,-1.0
2023,3,2023_03_CHI_KC,away,False,0.0070825378616667985,-110.0,0,0.9090909090909091,-1.0
2023,3,2023_03_PIT_LV,home,True,-0.002506055081379349,-110.0,0,0.9090909090909091,-1.0
2023,3,2023_03_DEN_MIA,away,False,0.003906890289042758,-110.0,0,0.9090909090909091,-1.0
2023,3,2023_03_LAC_MIN,home,True,-0.006973185086373825,-105.0,0,0.9523809523809523,-1.0
2023,3,2023_03_NE_NYJ,away,True,0.015710296496354463,-112.0,1,0.8928571428571429,0.8928571428571429
2023,3,2023_03_CAR_SEA,home,True,0.00979345715183481,-110.0,1,0.9090909090909091,0.9090909090909091
2023,3,2023_03_NYG_SF,away,False,0.005343579422383204,-105.0,0,0.9523809523809523,-1.0
2023,3,2023_03_PHI_TB,home,False,0.005470255076006358,-110.0,0,0.9090909090909091,-1.0
2023,3,2023_03_BUF_WAS,away,True,-0.00742478301715942,-115.0,1,0.8695652173913043,0.8695652173913043
2023,4,2023_04_MIA_BUF,away,False,0.02363273320546101,100.0,0,1.0,-1.0
2023,4,2023_04_MIN_CAR,away,True,0.009159604326310439,-112.0,1,0.8928571428571429,0.8928571428571429
2023,4,2023_04_DEN_CHI,away,True,0.0059832577710629276,-112.0,1,0.8928571428571429,0.8928571428571429
2023,4,2023_04_BAL_CLE,away,True,-0.00708240362908421,-110.0,1,0.9090909090909091,0.9090909090909091
2023,4,2023_04_NE_DAL,away,False,-0.000964764840077964,-108.0,0,0.9259259259259259,-1.0
2023,4,2023_04_DET_GB,away,True,-0.0008790752789631927,-118.0,1,0.847457627118644,0.847457627118644
2023,4,2023_04_PIT_HOU,home,False,0.0021062598797227826,-110.0,1,0.9090909090909091,0.9090909090909091
2023,4,2023_04_LA_IND,away,True,-0.005812842300637949,-110.0,1,0.9090909090909091,0.9090909090909091
2023,4,2023_04_ATL_JAX,away,False,0.004267182957128573,-110.0,0,0.9090909090909091,-1.0
2023,4,2023_04_LV_LAC,home,True,-0.002539340486227409,-105.0,0,0.9523809523809523,-1.0
2023,4,2023_04_TB_NO,away,False,0.0072027830072352965,-110.0,1,0.9090909090909091,0.9090909090909091
2023,4,2023_04_SEA_NYG,away,True,0.005396031695238035,-115.0,1,0.8695652173913043,0.8695652173913043
2023,4,2023_04_KC_NYJ,away,True,-0.0011847182070271688,-110.0,0,0.9090909090909091,-1.0
2023,4,2023_04_WAS_PHI,away,False,0.012997972112522821,-110.0,1,0.9090909090909091,0.9090909090909091
2023,4,2023_04_ARI_SF,away,False,0.014202048842166718,-108.0,0,0.9259259259259259,-1.0
2023,4,2023_04_CIN_TEN,home,False,-0.006490614155250598,100.0,1,1.0,1.0
2023,5,2023_05_CIN_ARI,home,False,0.0019094285239551366,100.0,0,1.0,-1.0
2023,5,2023_05_HOU_ATL,away,False,0.014429364795100468,-110.0,1,0.9090909090909091,0.9090909090909091
2023,5,2023_05_JAX_BUF,away,False,0.01934384682602075,-110.0,1,0.9090909090909091,0.9090909090909091
2023,5,2023_05_NYJ_DEN,away,False,0.014283446177974378,-110.0,1,0.9090909090909091,0.9090909090909091
2023,5,2023_05_CAR_DET,away,False,0.007207072971503403,-110.0,0,0.9090909090909091,-1.0
2023,5,2023_05_TEN_IND,away,True,0.007346905209157778,-110.0,0,0.9090909090909091,-1.0
2023,5,2023_05_PHI_LA,away,True,-0.008151480840536329,-110.0,1,0.9090909090909091,0.9090909090909091
2023,5,2023_05_GB_LV,home,True,-0.002977774459112009,-110.0,1,0.9090909090909091,0.9090909090909091
2023,5,2023_05_NYG_MIA,away,False,0.0018312232146196594,-110.0,0,0.9090909090909091,-1.0
2023,5,2023_05_KC_MIN,away,True,0.007620607554330677,-105.0,1,0.9523809523809523,0.9523809523809523
2023,5,2023_05_NO_NE,away,False,0.022013954316738863,-110.0,1,0.9090909090909091,0.9090909090909091
2023,5,2023_05_BAL_PIT,away,True,-0.002492445490043604,-112.0,0,0.8928571428571429,-1.0
2023,5,2023_05_DAL_SF,away,False,0.03708784530747682,-115.0,0,0.8695652173913043,-1.0
2023,5,2023_05_CHI_WAS,away,False,-0.00810892213460655,-110.0,1,0.9090909090909091,0.9090909090909091
2023,6,2023_06_WAS_ATL,away,False,0.011541928355420715,-108.0,1,0.9259259259259259,0.9259259259259259
2023,6,2023_06_NYG_BUF,away,False,0.04043987272978324,-110.0,1,0.9090909090909091,0.9090909090909091
2023,6,2023_06_MIN_CHI,away,True,0.00856210417039161,-115.0,1,0.8695652173913043,0.8695652173913043
2023,6,2023_06_SEA_CIN,home,True,0.01200916258345841,-108.0,1,0.9259259259259259,0.9259259259259259
2023,6,2023_06_SF_CLE,home,False,0.0031480322016630645,-105.0,1,0.9523809523809523,0.9523809523809523
2023,6,2023_06_NO_HOU,away,True,0.003547717300651615,-110.0,0,0.9090909090909091,-1.0
2023,6,2023_06_IND_JAX,away,False,-0.004392095202845947,-110.0,0,0.9090909090909091,-1.0
2023,6,2023_06_DEN_KC,away,False,0.009421058501135686,-108.0,0,0.9259259259259259,-1.0
2023,6,2023_06_ARI_LA,away,False,0.004658829056427982,-105.0,0,0.9523809523809523,-1.0
2023,6,2023_06_DAL_LAC,away,True,0.021607319224047614,-112.0,1,0.8928571428571429,0.8928571428571429
2023,6,2023_06_NE_LV,away,False,0.019147407197124683,-118.0,0,0.847457627118644,-1.0
2023,6,2023_06_CAR_MIA,home,True,-0.0031331514221554888,-110.0,1,0.9090909090909091,0.9090909090909091
2023,6,2023_06_PHI_NYJ,away,True,0.020838293541413616,-115.0,0,0.8695652173913043,-1.0
2023,6,2023_06_DET_TB,away,True,-0.002398185151290727,-115.0,1,0.8695652173913043,0.8695652173913043
2023,6,2023_06_BAL_TEN,home,False,-0.007820798714528948,-108.0,0,0.9259259259259259,-1.0
2023,7,2023_07_DET_BAL,away,False,-0.0009499056590332011,-105.0,0,0.9523809523809523,-1.0
2023,7,2023_07_LV_CHI,away,True,-0.0049466415793552095,-110.0,0,0.9090909090909091,-1.0
2023,7,2023_07_GB_DEN,away,False,0.014132321308471056,-112.0,0,0.8928571428571429,-1.0
2023,7,2023_07_CLE_IND,home,False,-0.00177333877533819,-112.0,1,0.8928571428571429,0.8928571428571429
2023,7,2023_07_LAC_KC,away,False,0.022488544581806234,-105.0,0,0.9523809523809523,-1.0
2023,7,2023_07_PIT_LA,away,False,0.018309478301453977,-118.0,1,0.847457627118644,0.847457627118644
2023,7,2023_07_SF_MIN,home,False,0.002069083414867728,-115.0,1,0.8695652173913043,0.8695652173913043
2023,7,2023_07_BUF_NE,home,False,0.03411585982551163,-110.0,1,0.9090909090909091,0.9090909090909091
2023,7,2023_07_JAX_NO,away,False,0.002028343573532615,-108.0,1,0.9259259259259259,0.9259259259259259
2023,7,2023_07_WAS_NYG,home,False,-0.004650355979846621,-112.0,1,0.8928571428571429,0.8928571428571429
2023,7,2023_07_MIA_PHI,away,False,0.005321247046889443,-112.0,0,0.8928571428571429,-1.0
2023,7,2023_07_ARI_SEA,away,False,0.014899141660193958,-112.0,0,0.8928571428571429,-1.0
2023,7,2023_07_ATL_TB,away,False,0.004809137083602449,-115.0,1,0.8695652173913043,0.8695652173913043
2023,8,2023_08_BAL_ARI,home,False,0.039221870197491515,-110.0,1,0.9090909090909091,0.9090909090909091
2023,8,2023_08_TB_BUF,away,False,-5.9079533356559684e-05,-112.0,1,0.8928571428571429,0.8928571428571429
2023,8,2023_08_HOU_CAR,home,False,0.004409034037909659,-102.0,1,0.9803921568627451,0.9803921568627451
2023,8,2023_08_LA_DAL,home,True,-0.007401570984811089,-115.0,1,0.8695652173913043,0.8695652173913043
2023,8,2023_08_KC_DEN,home,False,0.000512320380810316,-118.0,1,0.847457627118644,0.847457627118644
2023,8,2023_08_LV_DET,away,False,-0.004494309835507814,-110.0,0,0.9090909090909091,-1.0
2023,8,2023_08_MIN_GB,away,True,0.018200114424761625,-108.0,1,0.9259259259259259,0.9259259259259259
2023,8,2023_08_NO_IND,home,False,-0.008141437473712697,-110.0,0,0.9090909090909091,-1.0
2023,8,2023_08_CHI_LAC,away,False,0.002543404346565381,-108.0,0,0.9259259259259259,-1.0
2023,8,2023_08_NE_MIA,home,True,0.004388673600895143,-110.0,1,0.9090909090909091,0.9090909090909091
2023,8,2023_08_NYJ_NYG,home,False,-0.0033147428797373644,-105.0,0,0.9523809523809523,-1.0
2023,8,2023_08_JAX_PIT,away,True,0.00556610626656619,-110.0,1,0.9090909090909091,0.9090909090909091
2023,8,2023_08_CLE_SEA,away,False,7.91964462335315e-05,-110.0,1,0.9090909090909091,0.9090909090909091
2023,8,2023_08_CIN_SF,away,False,0.0052993847989232954,-105.0,1,0.9523809523809523,0.9523809523809523
2023,8,2023_08_ATL_TEN,away,True,0.03117520353486846,-110.0,0,0.9090909090909091,-1.0
2023,8,2023_08_PHI_WAS,home,False,-0.0032233790856097343,-110.0,0,0.9090909090909091,-1.0
2023,9,2023_09_MIN_ATL,away,False,0.006117585470406422,-108.0,1,0.9259259259259259,0.9259259259259259
2023,9,2023_09_SEA_BAL,away,False,0.0027693068910967953,-110.0,0,0.9090909090909091,-1.0
2023,9,2023_09_IND_CAR,away,True,0.0017105120147063945,-108.0,1,0.9259259259259259,0.9259259259259259
2023,9,2023_09_BUF_CIN,home,True,0.011967010264356398,-112.0,1,0.8928571428571429,0.8928571428571429
2023,9,2023_09_ARI_CLE,home,True,0.015204925653268796,-108.0,1,0.9259259259259259,0.9259259259259259
2023,9,2023_09_LA_GB,home,True,-0.006967167944114738,-112.0,1,0.8928571428571429,0.8928571428571429
2023,9,2023_09_TB_HOU,away,False,0.013723866743821044,100.0,1,1.0,1.0
2023,9,2023_09_MIA_KC,away,False,-0.005837068993570543,-112.0,0,0.8928571428571429,-1.0
2023,9,2023_09_NYG_LV,home,True,0.014464520718369116,-110.0,1,0.9090909090909091,0.9090909090909091
2023,9,2023_09_WAS_NE,away,False,0.020378535574580997,100.0,1,1.0,1.0
2023,9,2023_09_CHI_NO,home,True,-0.0004907504066710865,-112.0,0,0.8928571428571429,-1.0
2023,9,2023_09_LAC_NYJ,away,True,-0.0073450530551519,-118.0,1,0.847457627118644,0.847457627118644
2023,9,2023_09_DAL_PHI,away,False,-0.00309314509892013,-118.0,0,0.847457627118644,-1.0
2023,9,2023_09_TEN_PIT,away,False,0.005436560084599506,-120.0,0,0.8333333333333334,-1.0
2023,10,2023_10_ATL_ARI,away,True,-0.0036161803737122795,-110.0,0,0.9090909090909091,-1.0
2023,10,2023_10_CLE_BAL,away,False,-0.006469795111863779,-112.0,1,0.8928571428571429,0.8928571428571429
2023,10,2023_10_DEN_BUF,away,False,-0.007002007089348161,-112.0,1,0.8928571428571429,0.8928571428571429
2023,10,2023_10_CAR_CHI,away,False,0.0324175864940211,100.0,1,1.0,1.0
2023,10,2023_10_HOU_CIN,home,True,0.0013926166564798613,-110.0,0,0.9090909090909091,-1.0
2023,10,2023_10_NYG_DAL,away,False,0.014134135446811661,-108.0,0,0.9259259259259259,-1.0
2023,10,2023_10_SF_JAX,home,False,0.023878742214778863,-108.0,0,0.9259259259259259,-1.0
2023,10,2023_10_DET_LAC,away,True,-0.0004427008240845853,-110.0,1,0.9090909090909091,0.9090909090909091
2023,10,2023_10_NYJ_LV,away,True,0.01783142922790072,-108.0,0,0.9259259259259259,-1.0
2023,10,2023_10_NO_MIN,away,True,0.017845400405433007,-105.0,0,0.9523809523809523,-1.0
2023,10,2023_10_IND_NE,away,True,0.012302855379027249,-110.0,1,0.9090909090909091,0.9090909090909091
2023,10,2023_10_GB_PIT,away,False,0.00862487934380186,100.0,0,1.0,-1.0
2023,10,2023_10_WAS_SEA,away,False,-0.0010054938973496797,-110.0,1,0.9090909090909091,0.9090909090909091
2023,10,2023_10_TEN_TB,away,False,0.0045533382759338215,-105.0,0,0.9523809523809523,-1.0
2023,11,2023_11_CIN_BAL,away,False,0.00030032613920342175,-112.0,0,0.8928571428571429,-1.0
2023,11,2023_11_NYJ_BUF,away,False,0.0031762658102708285,-108.0,0,0.9259259259259259,-1.0
2023,11,2023_11_DAL_CAR,away,True,-0.005320484141208698,-110.0,1,0.9090909090909091,0.9090909090909091
2023,11,2023_11_PIT_CLE,away,False,0.026161330286187338,-105.0,0,0.9523809523809523,-1.0
2023,11,2023_11_MIN_DEN,away,False,0.01977678763478767,-102.0,1,0.9803921568627451,0.9803921568627451
2023,11,2023_11_CHI_DET,away,False,-0.003278415806311696,-110.0,1,0.9090909090909091,0.9090909090909091
2023,11,2023_11_LAC_GB,away,True,0.0004005438663309879,-110.0,0,0.9090909090909091,-1.0
2023,11,2023_11_ARI_HOU,away,False,0.0062018183696955775,-108.0,1,0.9259259259259259,0.9259259259259259
2023,11,2023_11_TEN_JAX,away,False,-0.008133018767105182,-105.0,0,0.9523809523809523,-1.0
2023,11,2023_11_PHI_KC,away,False,0.002916644945318636,100.0,1,1.0,1.0
2023,11,2023_11_SEA_LA,away,False,0.006299388752679952,-110.0,1,0.9090909090909091,0.9090909090909091
2023,11,2023_11_LV_MIA,away,False,0.008323628462275877,-110.0,1,0.9090909090909091,0.9090909090909091
2023,11,2023_11_TB_SF,away,False,0.006539986727306151,-110.0,1,0.9090909090909091,0.9090909090909091
2023,11,2023_11_NYG_WAS,away,False,0.0006728393624174266,-110.0,1,0.9090909090909091,0.9090909090909091
2023,12,2023_12_LA_ARI,home,False,-0.007439587964624266,-115.0,0,0.8695652173913043,-1.0
2023,12,2023_12_NO_ATL,home,False,-0.0060357415475167705,-110.0,1,0.9090909090909091,0.9090909090909091
2023,12,2023_12_PIT_CIN,away,True,0.0055215430220186545,-112.0,1,0.8928571428571429,0.8928571428571429
2023,12,2023_12_WAS_DAL,home,True,0.016093437571256735,-110.0,1,0.9090909090909091,0.9090909090909091
2023,12,2023_12_CLE_DEN,away,False,-0.00023840290006719165,-110.0,0,0.9090909090909091,-1.0
2023,12,2023_12_GB_DET,home,True,-0.0005783381095772643,-115.0,0,0.8695652173913043,-1.0
2023,12,2023_12_JAX_HOU,away,True,0.01581389734825655,-110.0,1,0.9090909090909091,0.9090909090909091
2023,12,2023_12_TB_IND,away,False,0.014169429034576152,-105.0,0,0.9523809523809523,-1.0
2023,12,2023_12_BAL_LAC,away,True,-0.00708556645471502,-115.0,1,0.8695652173913043,0.8695652173913043
2023,12,2023_12_KC_LV,away,True,0.017365575466620084,-110.0,1,0.9090909090909091,0.9090909090909091
2023,12,2023_12_CHI_MIN,away,False,-0.002390026611118634,-105.0,1,0.9523809523809523,0.9523809523809523
2023,12,2023_12_NE_NYG,home,False,-0.0016810763068309364,-112.0,1,0.8928571428571429,0.8928571428571429
2023,12,2023_12_MIA_NYJ,home,False,0.006998462988911302,100.0,0,1.0,-1.0
2023,12,2023_12_BUF_PHI,away,False,-0.0018552699107194923,-105.0,0,0.9523809523809523,-1.0
2023,12,2023_12_SF_SEA,away,True,-0.004533963768524413,-112.0,1,0.8928571428571429,0.8928571428571429
2023,12,2023_12_CAR_TEN,away,False,0.018245563158077602,-112.0,0,0.8928571428571429,-1.0
2023,13,2023_13_SEA_DAL,away,False,0.013181510552869301,-102.0,1,0.9803921568627451,0.9803921568627451
2023,13,2023_13_KC_GB,home,False,-0.003899170730116258,-102.0,1,0.9803921568627451,0.9803921568627451
2023,13,2023_13_DEN_HOU,home,True,0.0009942752275672955,102.0,1,1.02,1.02
2023,13,2023_13_CIN_JAX,away,False,0.006579365990102759,-105.0,1,0.9523809523809523,0.9523809523809523
2023,13,2023_13_CLE_LA,away,False,-0.0011735115899575875,-110.0,0,0.9090909090909091,-1.0
2023,13,2023_13_LAC_NE,away,True,0.0014526771974435635,-110.0,1,0.9090909090909091,0.9090909090909091
2023,13,2023_13_DET_NO,home,False,0.00861241506679567,-110.0,0,0.9090909090909091,-1.0
2023,13,2023_13_ATL_NYJ,away,True,0.00510168260303449,-108.0,1,0.9259259259259259,0.9259259259259259
2023,13,2023_13_SF_PHI,away,True,0.00956519026228797,-105.0,1,0.9523809523809523,0.9523809523809523
2023,13,2023_13_ARI_PIT,away,False,0.014227169252883731,-105.0,1,0.9523809523809523,0.9523809523809523
2023,13,2023_13_CAR_TB,away,False,0.014362067877344863,-110.0,1,0.9090909090909091,0.9090909090909091
2023,13,2023_13_IND_TEN,away,True,0.018875046493184142,-110.0,1,0.9090909090909091,0.9090909090909091
2023,13,2023_13_MIA_WAS,home,False,0.023043649239695766,-108.0,0,0.9259259259259259,-1.0
2023,14,2023_14_TB_ATL,away,False,0.017039842306614067,-108.0,1,0.9259259259259259,0.9259259259259259
2023,14,2023_14_LA_BAL,home,True,-0.006202924821318095,-105.0,0,0.9523809523809523,-1.0
2023,14,2023_14_DET_CHI,away,True,-0.006365941903815463,-120.0,0,0.8333333333333334,-1.0
2023,14,2023_14_IND_CIN,away,False,0.0020614008814274607,-118.0,0,0.847457627118644,-1.0
2023,14,2023_14_JAX_CLE,away,False,0.016116229398318877,-108.0,0,0.9259259259259259,-1.0
2023,14,2023_14_PHI_DAL,home,True,-0.0075448543816643504,-102.0,1,0.9803921568627451,0.9803921568627451
2023,14,2023_14_BUF_KC,home,True,0.004517751284846444,-110.0,0,0.9090909090909091,-1.0
2023,14,2023_14_DEN_LAC,away,False,-0.007826994643550545,-112.0,1,0.8928571428571429,0.8928571428571429
2023,14,2023_14_MIN_LV,away,True,-7.071840368889081e-05,-108.0,1,0.9259259259259259,0.9259259259259259
2023,14,2023_14_TEN_MIA,away,False,0.004850607371913468,-110.0,1,0.9090909090909091,0.9090909090909091
2023,14,2023_14_CAR_NO,away,False,0.0019565095830781144,-110.0,0,0.9090909090909091,-1.0
2023,14,2023_14_GB_NYG,away,True,-0.003118052922184672,-112.0,0,0.8928571428571429,-1.0
2023,14,2023_14_HOU_NYJ,home,False,-0.0032189517574829182,-112.0,1,0.8928571428571429,0.8928571428571429
2023,14,2023_14_NE_PIT,away,False,0.026795490062999715,-118.0,1,0.847457627118644,0.847457627118644
2023,14,2023_14_SEA_SF,away,False,-0.0050484696031528825,-110.0,1,0.9090909090909091,0.9090909090909091
2023,15,2023_15_SF_ARI,home,False,0.00785017221678389,-110.0,0,0.9090909090909091,-1.0
2023,15,2023_15_DAL_BUF,away,False,-0.005431637660477461,-108.0,0,0.9259259259259259,-1.0
2023,15,2023_15_ATL_CAR,away,True,-0.00047106722055275107,-102.0,0,0.9803921568627451,-1.0
2023,15,2023_15_MIN_CIN,home,True,-0.0010202484944294044,-115.0,0,0.8695652173913043,-1.0
2023,15,2023_15_CHI_CLE,away,False,0.0015375318908191658,-120.0,1,0.8333333333333334,0.8333333333333334
2023,15,2023_15_DEN_DET,away,False,2.543205067580545e-05,-108.0,0,0.9259259259259259,-1.0
2023,15,2023_15_TB_GB,away,False,0.012946527631027232,-110.0,1,0.9090909090909091,0.9090909090909091
2023,15,2023_15_PIT_IND,away,False,0.012222399352122097,-110.0,0,0.9090909090909091,-1.0
2023,15,2023_15_BAL_JAX,away,True,0.013130730063188005,-110.0,1,0.9090909090909091,0.9090909090909091
2023,15,2023_15_WAS_LA,away,False,-0.004380870703664974,-108.0,0,0.9259259259259259,-1.0
2023,15,2023_15_LAC_LV,away,False,-0.005709059226191592,-110.0,0,0.9090909090909091,-1.0
2023,15,2023_15_NYJ_MIA,away,False,-0.007964387093835845,-115.0,0,0.8695652173913043,-1.0
2023,15,2023_15_KC_NE,home,False,-0.0025825305685000686,-108.0,0,0.9259259259259259,-1.0
2023,15,2023_15_NYG_NO,home,True,-0.0030534320336782603,-112.0,1,0.8928571428571429,0.8928571428571429
2023,15,2023_15_PHI_SEA,home,False,0.0014979881101967627,100.0,1,1.0,1.0
2023,15,2023_15_HOU_TEN,away,False,0.02550201472428854,100.0,1,1.0,1.0
2023,16,2023_16_IND_ATL,away,False,-0.004451913748723463,-115.0,0,0.8695652173913043,-1.0
2023,16,2023_16_GB_CAR,away,True,0.0033420172114951904,-112.0,0,0.8928571428571429,-1.0
2023,16,2023_16_ARI_CHI,away,False,0.024444398658764105,-110.0,0,0.9090909090909091,-1.0
2023,16,2023_16_NE_DEN,away,False,-0.0028316127621912323,-110.0,1,0.9090909090909091,0.9090909090909091
2023,16,2023_16_CLE_HOU,away,True,-0.0009033752825088448,-110.0,1,0.9090909090909091,0.9090909090909091
2023,16,2023_16_LV_KC,home,True,0.01749608017192436,-118.0,0,0.847457627118644,-1.0
2023,16,2023_16_NO_LA,away,False,0.025827318606289257,100.0,0,1.0,-1.0
2023,16,2023_16_BUF_LAC,home,False,0.02455216803089953,-115.0,1,0.8695652173913043,0.8695652173913043
2023,16,2023_16_DAL_MIA,away,False,0.01918985261464652,-110.0,0,0.9090909090909091,-1.0
2023,16,2023_16_DET_MIN,home,False,0.005699247556451231,105.0,0,1.05,-1.0
2023,16,2023_16_WAS_NYJ,away,False,0.02494076847596056,-108.0,1,0.9259259259259259,0.9259259259259259
2023,16,2023_16_NYG_PHI,away,False,0.02125871963440256,-112.0,1,0.8928571428571429,0.8928571428571429
2023,16,2023_16_CIN_PIT,away,True,-0.002174554377327098,-105.0,0,0.9523809523809523,-1.0
2023,16,2023_16_BAL_SF,away,False,-0.002233167431265076,-105.0,1,0.9523809523809523,0.9523809523809523
2023,16,2023_16_JAX_TB,away,True,0.006993478181809903,-110.0,0,0.9090909090909091,-1.0
2023,16,2023_16_SEA_TEN,away,True,0.015206840761419631,-110.0,1,0.9090909090909091,0.9090909090909091
2023,17,2023_17_MIA_BAL,away,False,0.027259434061353564,100.0,0,1.0,-1.0
2023,17,2023_17_NE_BUF,away,False,0.017229027651182255,-110.0,1,0.9090909090909091,0.9090909090909091
2023,17,2023_17_ATL_CHI,away,False,0.011293572133887202,-115.0,0,0.8695652173913043,-1.0
2023,17,2023_17_NYJ_CLE,away,False,0.008361664816128805,-105.0,0,0.9523809523809523,-1.0
2023,17,2023_17_DET_DAL,away,False,0.014912485409292573,-110.0,1,0.9090909090909091,0.9090909090909091
2023,17,2023_17_LAC_DEN,away,False,0.002617755612548456,-108.0,0,0.9259259259259259,-1.0
2023,17,2023_17_TEN_HOU,away,False,0.009813146755554097,-105.0,0,0.9523809523809523,-1.0
2023,17,2023_17_LV_IND,away,False,0.0032125244423703236,-110.0,1,0.9090909090909091,0.9090909090909091
2023,17,2023_17_CAR_JAX,away,False,0.013605265025058787,-110.0,0,0.9090909090909091,-1.0
2023,17,2023_17_CIN_KC,home,True,-0.005953509824668318,-105.0,1,0.9523809523809523,0.9523809523809523
2023,17,2023_17_GB_MIN,away,False,0.013974748745968817,-112.0,1,0.8928571428571429,0.8928571428571429
2023,17,2023_17_LA_NYG,away,True,0.021051841208454224,-112.0,0,0.8928571428571429,-1.0
2023,17,2023_17_ARI_PHI,home,True,0.025380878435426718,-110.0,0,0.9090909090909091,-1.0
2023,17,2023_17_PIT_SEA,away,False,-0.0020247443992471082,-110.0,1,0.9090909090909091,0.9090909090909091
2023,17,2023_17_NO_TB,away,False,0.016032004892571665,100.0,1,1.0,1.0
2023,17,2023_17_SF_WAS,home,False,0.021405434558215173,-105.0,0,0.9523809523809523,-1.0
2023,18,2023_18_SEA_ARI,home,False,0.01050325749627185,102.0,1,1.02,1.02
2023,18,2023_18_PIT_BAL,away,True,0.0278831694242798,-105.0,1,0.9523809523809523,0.9523809523809523
2023,18,2023_18_TB_CAR,home,False,-0.0008690821362702716,-115.0,0,0.8695652173913043,-1.0
2023,18,2023_18_CLE_CIN,away,False,-0.0025056127848837205,-115.0,0,0.8695652173913043,-1.0
2023,18,2023_18_MIN_DET,home,True,-0.0010304219149681714,-118.0,1,0.847457627118644,0.847457627118644
2023,18,2023_18_CHI_GB,away,False,0.017833765304225622,-102.0,0,0.9803921568627451,-1.0
2023,18,2023_18_HOU_IND,away,True,0.008224895853740427,-110.0,1,0.9090909090909091,0.9090909090909091
2023,18,2023_18_KC_LAC,away,False,0.0032733468567996693,-115.0,1,0.8695652173913043,0.8695652173913043
2023,18,2023_18_DEN_LV,away,False,0.0002637103973948895,-118.0,0,0.847457627118644,-1.0
2023,18,2023_18_BUF_MIA,home,False,0.011525689708464243,105.0,0,1.05,-1.0
2023,18,2023_18_NYJ_NE,away,False,0.013767876754441032,-112.0,1,0.8928571428571429,0.8928571428571429
2023,18,2023_18_ATL_NO,away,False,-0.007191449950266392,-122.0,0,0.819672131147541,-1.0
2023,18,2023_18_PHI_NYG,away,True,0.003924982864285126,-112.0,0,0.8928571428571429,-1.0
2023,18,2023_18_LA_SF,away,False,0.026678457503148467,-108.0,1,0.9259259259259259,0.9259259259259259
2023,18,2023_18_JAX_TEN,away,True,0.01616996068395251,-102.0,0,0.9803921568627451,-1.0
2023,18,2023_18_DAL_WAS,home,False,0.024603147330230085,-105.0,0,0.9523809523809523,-1.0
2024,1,2024_01_PIT_ATL,home,True,-0.00660977079700053,-110.0,0,0.9090909090909091,-1.0
2024,1,2024_01_ARI_BUF,away,False,0.016416962908994623,-105.0,1,0.9523809523809523,0.9523809523809523
2024,1,2024_01_TEN_CHI,away,False,0.005395287789422559,-108.0,0,0.9259259259259259,-1.0
2024,1,2024_01_NE_CIN,away,False,0.010784116943503924,-110.0,1,0.9090909090909091,0.9090909090909091
2024,1,2024_01_DAL_CLE,away,False,0.003119674315635928,-112.0,1,0.8928571428571429,0.8928571428571429
2024,1,2024_01_LA_DET,away,False,-0.0016287945994407525,-108.0,0,0.9259259259259259,-1.0
2024,1,2024_01_HOU_IND,away,True,-0.0006404771179828405,-108.0,0,0.9259259259259259,-1.0
2024,1,2024_01_BAL_KC,home,True,0.01534156604885607,-102.0,1,0.9803921568627451,0.9803921568627451
2024,1,2024_01_LV_LAC,home,True,0.027710086820557474,-102.0,1,0.9803921568627451,0.9803921568627451
2024,1,2024_01_JAX_MIA,away,False,0.0028023982365403873,-110.0,1,0.9090909090909091,0.9090909090909091
2024,1,2024_01_CAR_NO,away,False,0.011465210803739394,-108.0,0,0.9259259259259259,-1.0
2024,1,2024_01_MIN_NYG,away,True,0.013841224281769336,-108.0,1,0.9259259259259259,0.9259259259259259
2024,1,2024_01_GB_PHI,away,False,-0.005188139750099702,-110.0,0,0.9090909090909091,-1.0
2024,1,2024_01_DEN_SEA,home,True,0.0009741112944052332,-110.0,0,0.9090909090909091,-1.0
2024,1,2024_01_NYJ_SF,away,False,0.0016213540982040362,-115.0,0,0.8695652173913043,-1.0
2024,1,2024_01_WAS_TB,away,False,-0.0004533644437881956,-112.0,0,0.8928571428571429,-1.0
2024,2,2024_02_LA_ARI,away,True,0.006083097667805636,-105.0,0,0.9523809523809523,-1.0
2024,2,2024_02_LV_BAL,away,False,0.007609200086853612,-112.0,1,0.8928571428571429,0.8928571428571429
2024,2,2024_02_LAC_CAR,away,True,-0.0010444769299637335,-110.0,1,0.9090909090909091,0.9090909090909091
2024,2,2024_02_NO_DAL,away,False,0.016537541794995097,-112.0,1,0.8928571428571429,0.8928571428571429
2024,2,2024_02_PIT_DEN,away,True,0.014490206193734222,-102.0,1,0.9803921568627451,0.9803921568627451
2024,2,2024_02_TB_DET,away,False,0.00248905060127077,-108.0,1,0.9259259259259259,0.9259259259259259
2024,2,2024_02_IND_GB,away,True,-0.008076066091618511,-102.0,0,0.9803921568627451,-1.0
2024,2,2024_02_CHI_HOU,home,True,0.003401170691511718,-112.0,0,0.8928571428571429,-1.0
2024,2,2024_02_CLE_JAX,away,False,0.016277791956645492,100.0,1,1.0,1.0
2024,2,2024_02_CIN_KC,away,False,0.0010761610912893294,-105.0,1,0.9523809523809523,0.9523809523809523
2024,2,2024_02_BUF_MIA,away,False,0.018177399792528054,-110.0,1,0.9090909090909091,0.9090909090909091
2024,2,2024_02_SF_MIN,home,False,-0.005409466544578239,-108.0,1,0.9259259259259259,0.9259259259259259
2024,2,2024_02_SEA_NE,away,True,0.00906415239765702,-102.0,0,0.9803921568627451,-1.0
2024,2,2024_02_ATL_PHI,away,False,0.01735429496322478,-105.0,1,0.9523809523809523,0.9523809523809523
2024,2,2024_02_NYJ_TEN,away,True,0.011917317563552026,-112.0,1,0.8928571428571429,0.8928571428571429
2024,2,2024_02_NYG_WAS,away,False,0.026035458101237238,-108.0,0,0.9259259259259259,-1.0
2024,3,2024_03_DET_ARI,away,True,0.013806769278590602,-102.0,1,0.9803921568627451,0.9803921568627451
2024,3,2024_03_KC_ATL,home,False,-0.0009157020208594213,-102.0,0,0.9803921568627451,-1.0
2024,3,2024_03_JAX_BUF,away,False,0.0021439361039006007,-108.0,0,0.9259259259259259,-1.0
2024,3,2024_03_WAS_CIN,away,False,-0.00372772755868383,-115.0,1,0.8695652173913043,0.8695652173913043
2024,3,2024_03_NYG_CLE,home,True,0.003431758903033821,-108.0,0,0.9259259259259259,-1.0
2024,3,2024_03_BAL_DAL,away,True,-0.004368744489681225,-110.0,1,0.9090909090909091,0.9090909090909091
2024,3,2024_03_CHI_IND,home,True,0.00876111894729174,-112.0,1,0.8928571428571429,0.8928571428571429
2024,3,2024_03_SF_LA,away,True,-0.0016044855795812772,-108.0,0,0.9259259259259259,-1.0
2024,3,2024_03_CAR_LV,away,False,0.01808766683592921,-110.0,1,0.9090909090909091,0.9090909090909091
2024,3,2024_03_HOU_MIN,away,True,0.02108898406804655,-112.0,0,0.8928571428571429,-1.0
2024,3,2024_03_PHI_NO,away,False,0.016746400693503048,-105.0,1,0.9523809523809523,0.9523809523809523
2024,3,2024_03_NE_NYJ,away,False,0.007786215451875727,-110.0,0,0.9090909090909091,-1.0
2024,3,2024_03_LAC_PIT,home,True,0.0004986434033410924,-102.0,1,0.9803921568627451,0.9803921568627451
2024,3,2024_03_MIA_SEA,away,False,-0.0065323658169078695,-110.0,0,0.9090909090909091,-1.0
2024,3,2024_03_DEN_TB,away,False,0.009453959629056334,-112.0,1,0.8928571428571429,0.8928571428571429
2024,3,2024_03_GB_TEN,away,False,0.0006762562493539847,-112.0,1,0.8928571428571429,0.8928571428571429
2024,4,2024_04_WAS_ARI,away,False,-0.0069904998488976074,-115.0,1,0.8695652173913043,0.8695652173913043
2024,4,2024_04_NO_ATL,away,False,0.004650560728008023,-105.0,1,0.9523809523809523,0.9523809523809523
2024,4,2024_04_BUF_BAL,away,False,-0.006374226729969828,-108.0,0,0.9259259259259259,-1.0
2024,4,2024_04_CIN_CAR,home,False,-0.0026587659299508845,-108.0,0,0.9259259259259259,-1.0
2024,4,2024_04_LA_CHI,away,False,0.004536164795999026,-112.0,0,0.8928571428571429,-1.0
2024,4,2024_04_SEA_DET,home,True,-0.00824063016545941,-112.0,1,0.8928571428571429,0.8928571428571429
2024,4,2024_04_MIN_GB,home,True,0.00027480747453636486,-118.0,0,0.847457627118644,-1.0
2024,4,2024_04_JAX_HOU,home,True,0.007606983987343629,-112.0,0,0.8928571428571429,-1.0
2024,4,2024_04_PIT_IND,away,True,0.008723978203475584,-108.0,0,0.9259259259259259,-1.0
2024,4,2024_04_KC_LAC,away,True,-0.004030323756410575,-108.0,0,0.9259259259259259,-1.0
2024,4,2024_04_CLE_LV,away,True,0.0008637449812227804,-115.0,0,0.8695652173913043,-1.0
2024,4,2024_04_TEN_MIA,away,False,0.0026881607728110376,-108.0,1,0.9259259259259259,0.9259259259259259
2024,4,2024_04_DAL_NYG,home,False,-0.0017053416476019378,-105.0,1,0.9523809523809523,0.9523809523809523
2024,4,2024_04_DEN_NYJ,home,True,-0.007756916116595613,-112.0,0,0.8928571428571429,-1.0
2024,4,2024_04_NE_SF,away,False,-0.0051847265857942965,-112.0,0,0.8928571428571429,-1.0
2024,4,2024_04_PHI_TB,away,True,-0.0026595379464781797,-110.0,0,0.9090909090909091,-1.0
2024,5,2024_05_TB_ATL,home,True,-0.00635172701081434,-118.0,1,0.847457627118644,0.847457627118644
2024,5,2024_05_CAR_CHI,away,False,0.02367338465377911,-108.0,0,0.9259259259259259,-1.0
2024,5,2024_05_BAL_CIN,away,True,-0.00430992688847196,-118.0,1,0.847457627118644,0.847457627118644
2024,5,2024_05_LV_DEN,away,False,0.0010190819929047524,-112.0,0,0.8928571428571429,-1.0
2024,5,2024_05_BUF_HOU,home,True,-0.004043705035414663,-112.0,1,0.8928571428571429,0.8928571428571429
2024,5,2024_05_IND_JAX,home,True,0.003468023023170802,-110.0,0,0.9090909090909091,-1.0
2024,5,2024_05_NO_KC,away,False,0.012964239932527905,-112.0,0,0.8928571428571429,-1.0
2024,5,2024_05_GB_LA,home,False,-0.004216442655161623,-108.0,0,0.9259259259259259,-1.0
2024,5,2024_05_NYJ_MIN,away,False,0.01602837416121426,-105.0,0,0.9523809523809523,-1.0
2024,5,2024_05_MIA_NE,home,False,-0.005540805722607178,-108.0,0,0.9259259259259259,-1.0
2024,5,2024_05_DAL_PIT,away,False,0.003193102705712242,-108.0,1,0.9259259259259259,0.9259259259259259
2024,5,2024_05_NYG_SEA,away,False,0.012235892796048913,-112.0,1,0.8928571428571429,0.8928571428571429
2024,5,2024_05_ARI_SF,away,False,0.017302005553772048,-105.0,1,0.9523809523809523,0.9523809523809523
2024,5,2024_05_CLE_WAS,away,False,0.010388411923115275,-112.0,0,0.8928571428571429,-1.0
2024,6,2024_06_WAS_BAL,away,False,0.019691951830381242,-108.0,0,0.9259259259259259,-1.0
2024,6,2024_06_ATL_CAR,away,True,-0.004123451387153997,-112.0,1,0.8928571428571429,0.8928571428571429
2024,6,2024_06_JAX_CHI,away,True,0.02361407712740188,-108.0,0,0.9259259259259259,-1.0
2024,6,2024_06_DET_DAL,away,True,0.01327332956887927,-105.0,1,0.9523809523809523,0.9523809523809523
2024,6,2024_06_LAC_DEN,home,False,-0.008037814482098976,-115.0,0,0.8695652173913043,-1.0
2024,6,2024_06_ARI_GB,away,False,0.001044339041709763,-110.0,0,0.9090909090909091,-1.0
2024,6,2024_06_PIT_LV,home,False,0.013169179653023238,-110.0,0,0.9090909090909091,-1.0
2024,6,2024_06_HOU_NE,away,True,0.0029902186141770536,-108.0,1,0.9259259259259259,0.9259259259259259
2024,6,2024_06_TB_NO,away,True,0.0018524979217276582,-108.0,1,0.9259259259259259,0.9259259259259259
2024,6,2024_06_CIN_NYG,home,False,-0.00729325906458551,-108.0,0,0.9259259259259259,-1.0
2024,6,2024_06_BUF_NYJ,home,False,0.011860002201767333,-108.0,0,0.9259259259259259,-1.0
2024,6,2024_06_CLE_PHI,away,False,0.012924581115535239,-108.0,1,0.9259259259259259,0.9259259259259259
2024,6,2024_06_SF_SEA,away,True,0.002587449212758502,-118.0,1,0.847457627118644,0.847457627118644
2024,6,2024_06_IND_TEN,away,False,0.003943108663554851,-110.0,1,0.9090909090909091,0.9090909090909091
2024,7,2024_07_LAC_ARI,away,True,0.004174254353479156,-115.0,0,0.8695652173913043,-1.0
2024,7,2024_07_SEA_ATL,away,False,0.007060398710624754,-115.0,1,0.8695652173913043,0.8695652173913043
2024,7,2024_07_TEN_BUF,away,False,0.009996182627420235,-110.0,0,0.9090909090909091,-1.0
2024,7,2024_07_CIN_CLE,away,True,0.005546291702411249,-110.0,1,0.9090909090909091,0.9090909090909091
2024,7,2024_07_HOU_GB,away,False,0.021370564002143898,100.0,1,1.0,1.0
2024,7,2024_07_MIA_IND,away,False,0.004734612389644488,-120.0,0,0.8333333333333334,-1.0
2024,7,2024_07_NE_JAX,away,False,0.007256188859805851,-105.0,0,0.9523809523809523,-1.0
2024,7,2024_07_LV_LA,away,False,0.010675394722062526,-105.0,1,0.9523809523809523,0.9523809523809523
2024,7,2024_07_DET_MIN,away,False,0.010149675669893015,-108.0,1,0.9259259259259259,0.9259259259259259
2024,7,2024_07_DEN_NO,away,True,-0.0011186707192202881,-118.0,1,0.847457627118644,0.847457627118644
2024,7,2024_07_PHI_NYG,home,False,0.016338074354722166,100.0,0,1.0,-1.0
2024,7,2024_07_NYJ_PIT,away,True,0.013982953062155011,-108.0,0,0.9259259259259259,-1.0
2024,7,2024_07_KC_SF,away,False,0.017133682952950206,-105.0,1,0.9523809523809523,0.9523809523809523
2024,7,2024_07_BAL_TB,away,True,-0.006646168433250238,-110.0,1,0.9090909090909091,0.9090909090909091
2024,7,2024_07_CAR_WAS,away,False,0.015486723814509216,100.0,0,1.0,-1.0
2024,8,2024_08_PHI_CIN,home,True,0.0001718597120272114,-120.0,0,0.8333333333333334,-1.0
2024,8,2024_08_BAL_CLE,away,True,0.028606492794773633,-110.0,0,0.9090909090909091,-1.0
2024,8,2024_08_CAR_DEN,away,False,0.0004172594634889115,-110.0,0,0.9090909090909091,-1.0
2024,8,2024_08_TEN_DET,home,True,0.017156305590098522,-115.0,1,0.8695652173913043,0.8695652173913043
2024,8,2024_08_IND_HOU,home,True,0.00012754346852707487,-108.0,0,0.9259259259259259,-1.0
2024,8,2024_08_GB_JAX,away,True,-0.000726365126868167,-115.0,0,0.8695652173913043,-1.0
2024,8,2024_08_MIN_LA,home,False,-0.005327642439609875,-115.0,1,0.8695652173913043,0.8695652173913043
2024,8,2024_08_NO_LAC,away,False,0.010463850659293783,-110.0,0,0.9090909090909091,-1.0
2024,8,2024_08_KC_LV,home,False,0.003298879201365906,-108.0,1,0.9259259259259259,0.9259259259259259
2024,8,2024_08_ARI_MIA,away,False,-0.007031110143801772,-108.0,1,0.9259259259259259,0.9259259259259259
2024,8,2024_08_NYJ_NE,home,False,-0.00683899118220892,-110.0,1,0.9090909090909091,0.9090909090909091
2024,8,2024_08_NYG_PIT,away,False,0.003980270355806803,-105.0,0,0.9523809523809523,-1.0
2024,8,2024_08_BUF_SEA,home,False,0.0009328236933841382,100.0,0,1.0,-1.0
2024,8,2024_08_DAL_SF,away,False,0.023842084653692995,-105.0,0,0.9523809523809523,-1.0
2024,8,2024_08_ATL_TB,home,False,-0.0071144820186591065,-110.0,0,0.9090909090909091,-1.0
2024,8,2024_08_CHI_WAS,away,False,0.015759729882235066,-110.0,0,0.9090909090909091,-1.0
2024,9,2024_09_CHI_ARI,away,False,-0.004927718838534456,-110.0,0,0.9090909090909091,-1.0
2024,9,2024_09_DAL_ATL,away,False,0.009494647212611356,-105.0,0,0.9523809523809523,-1.0
2024,9,2024_09_DEN_BAL,home,True,-0.005021590715612953,-105.0,1,0.9523809523809523,0.9523809523809523
2024,9,2024_09_MIA_BUF,home,True,-0.007995013209756069,-110.0,0,0.9090909090909091,-1.0
2024,9,2024_09_NO_CAR,home,False,0.02072093947804736,-102.0,1,0.9803921568627451,0.9803921568627451
2024,9,2024_09_LV_CIN,away,False,0.006891717637807554,-110.0,0,0.9090909090909091,-1.0
2024,9,2024_09_LAC_CLE,away,True,0.00687225664614654,-110.0,1,0.9090909090909091,0.9090909090909091
2024,9,2024_09_DET_GB,home,False,0.0034854458655731776,100.0,0,1.0,-1.0
2024,9,2024_09_TB_KC,away,False,0.006181856049992645,-110.0,1,0.9090909090909091,0.9090909090909091
2024,9,2024_09_IND_MIN,home,True,-0.0010314206179017791,-110.0,1,0.9090909090909091,0.9090909090909091
2024,9,2024_09_WAS_NYG,home,False,0.01106137360051545,-112.0,0,0.8928571428571429,-1.0
2024,9,2024_09_HOU_NYJ,away,False,0.010092696292588648,100.0,0,1.0,-1.0
2024,9,2024_09_JAX_PHI,home,True,-0.005586755230697532,-108.0,0,0.9259259259259259,-1.0
2024,9,2024_09_LA_SEA,away,True,0.0023478529739169194,-112.0,1,0.8928571428571429,0.8928571428571429
2024,9,2024_09_NE_TEN,away,False,-0.004439977803591255,-105.0,1,0.9523809523809523,0.9523809523809523
2024,10,2024_10_NYJ_ARI,away,True,0.022615955942436133,-110.0,0,0.9090909090909091,-1.0
2024,10,2024_10_CIN_BAL,away,False,0.01732166271929875,-108.0,1,0.9259259259259259,0.9259259259259259
2024,10,2024_10_NYG_CAR,home,False,-0.0024868549380542195,-102.0,1,0.9803921568627451,0.9803921568627451
2024,10,2024_10_NE_CHI,away,False,0.026698955468758973,-110.0,1,0.9090909090909091,0.9090909090909091
2024,10,2024_10_PHI_DAL,away,True,-0.007419226634153658,-108.0,1,0.9259259259259259,0.9259259259259259
2024,10,2024_10_DET_HOU,away,True,0.0006835622507391114,-110.0,0,0.9090909090909091,-1.0
2024,10,2024_10_BUF_IND,away,True,-0.00751559510340482,-115.0,1,0.8695652173913043,0.8695652173913043
2024,10,2024_10_MIN_JAX,home,False,0.012456163814637254,100.0,1,1.0,1.0
2024,10,2024_10_DEN_KC,home,True,-0.007153360383370521,-105.0,0,0.9523809523809523,-1.0
2024,10,2024_10_MIA_LA,away,False,0.002627942568167868,-102.0,1,0.9803921568627451,0.9803921568627451
2024,10,2024_10_TEN_LAC,away,False,0.015768994517802493,-108.0,0,0.9259259259259259,-1.0
2024,10,2024_10_ATL_NO,home,False,-0.00037819047706070803,-108.0,1,0.9259259259259259,0.9259259259259259
2024,10,2024_10_SF_TB,away,True,0.010656447565569771,-118.0,0,0.847457627118644,-1.0
2024,10,2024_10_PIT_WAS,away,False,-0.0060953025355585605,-110.0,1,0.9090909090909091,0.9090909090909091
2024,11,2024_11_KC_BUF,away,False,0.013215511816039404,-108.0,0,0.9259259259259259,-1.0
2024,11,2024_11_GB_CHI,home,False,-0.00690966246456523,-105.0,1,0.9523809523809523,0.9523809523809523
2024,11,2024_11_HOU_DAL,home,False,-0.005474804992614801,-120.0,0,0.8333333333333334,-1.0
2024,11,2024_11_ATL_DEN,away,False,-0.003383956050164649,-108.0,0,0.9259259259259259,-1.0
2024,11,2024_11_JAX_DET,away,False,0.023408826663546822,-105.0,0,0.9523809523809523,-1.0
2024,11,2024_11_CIN_LAC,away,False,0.0076999955482949575,-118.0,0,0.847457627118644,-1.0
2024,11,2024_11_LV_MIA,away,False,-0.007176044750031213,-105.0,0,0.9523809523809523,-1.0
2024,11,2024_11_LA_NE,home,False,0.0008437733135483183,-112.0,0,0.8928571428571429,-1.0
2024,11,2024_11_CLE_NO,away,True,-0.005837999868740323,-110.0,0,0.9090909090909091,-1.0
2024,11,2024_11_IND_NYJ,away,False,-0.006328934156185073,-110.0,1,0.9090909090909091,0.9090909090909091
2024,11,2024_11_WAS_PHI,away,False,0.007959390642837488,-110.0,0,0.9090909090909091,-1.0
2024,11,2024_11_BAL_PIT,away,True,0.0023791862560992583,-120.0,0,0.8333333333333334,-1.0
2024,11,2024_11_SEA_SF,away,False,0.015472027935605336,-110.0,1,0.9090909090909091,0.9090909090909091
2024,11,2024_11_MIN_TEN,home,False,-0.0008619027372320508,-102.0,0,0.9803921568627451,-1.0
2024,12,2024_12_KC_CAR,home,False,0.014633178725253763,-108.0,1,0.9259259259259259,0.9259259259259259
2024,12,2024_12_MIN_CHI,away,True,0.004091976411406994,-120.0,1,0.8333333333333334,0.8333333333333334
2024,12,2024_12_PIT_CLE,away,True,0.0024533161601322847,-115.0,0,0.8695652173913043,-1.0
2024,12,2024_12_SF_GB,away,False,0.009144158108231387,-112.0,0,0.8928571428571429,-1.0
2024,12,2024_12_TEN_HOU,home,True,0.008789909643403765,-108.0,0,0.9259259259259259,-1.0
2024,12,2024_12_DET_IND,home,False,0.02864195325001788,102.0,0,1.02,-1.0
2024,12,2024_12_PHI_LA,home,False,0.010807403180317015,-108.0,0,0.9259259259259259,-1.0
2024,12,2024_12_BAL_LAC,away,True,-0.00040289110141566997,-110.0,1,0.9090909090909091,0.9090909090909091
2024,12,2024_12_DEN_LV,away,True,-0.004652997825548072,-105.0,1,0.9523809523809523,0.9523809523809523
2024,12,2024_12_NE_MIA,away,False,0.005951181047774395,-115.0,0,0.8695652173913043,-1.0
2024,12,2024_12_TB_NYG,away,True,-0.005487814980064498,-108.0,1,0.9259259259259259,0.9259259259259259
2024,12,2024_12_ARI_SEA,away,True,-0.0035494858650825796,-110.0,0,0.9090909090909091,-1.0
2024,12,2024_12_DAL_WAS,home,True,-0.007174999577250179,-108.0,0,0.9259259259259259,-1.0
2024,13,2024_13_LAC_ATL,home,False,-0.0034333427475155384,-112.0,0,0.8928571428571429,-1.0
2024,13,2024_13_PHI_BAL,away,False,-0.004081130205620209,-110.0,1,0.9090909090909091,0.9090909090909091
2024,13,2024_13_SF_BUF,away,False,0.0062683795106151735,-102.0,0,0.9803921568627451,-1.0
2024,13,2024_13_TB_CAR,away,True,0.002528778394094194,-115.0,0,0.8695652173913043,-1.0
2024,13,2024_13_PIT_CIN,away,False,0.017955123698124097,-110.0,1,0.9090909090909091,0.9090909090909091
2024,13,2024_13_NYG_DAL,home,True,-0.0067868480367481165,-110.0,1,0.9090909090909091,0.9090909090909091
2024,13,2024_13_CLE_DEN,away,False,0.00628057338283679,-108.0,0,0.9259259259259259,-1.0
2024,13,2024_13_CHI_DET,away,False,0.025133850681467396,-102.0,1,0.9803921568627451,0.9803921568627451
2024,13,2024_13_MIA_GB,away,False,-0.0045449195935004455,-115.0,0,0.8695652173913043,-1.0
2024,13,2024_13_HOU_JAX,away,True,-0.002951883698865204,-110.0,0,0.9090909090909091,-1.0
2024,13,2024_13_LV_KC,away,False,0.005293571038796135,-108.0,1,0.9259259259259259,0.9259259259259259
2024,13,2024_13_ARI_MIN,away,False,0.004409401097656218,-110.0,1,0.9090909090909091,0.9090909090909091
2024,13,2024_13_IND_NE,home,False,0.0026322708096124525,-105.0,1,0.9523809523809523,0.9523809523809523
2024,13,2024_13_LA_NO,away,True,0.0017898458202259269,-115.0,1,0.8695652173913043,0.8695652173913043
2024,13,2024_13_SEA_NYJ,home,True,-0.007514013191011858,-110.0,0,0.9090909090909091,-1.0
2024,13,2024_13_TEN_WAS,away,False,-0.0068583582061151225,-112.0,0,0.8928571428571429,-1.0
2024,14,2024_14_SEA_ARI,away,False,-0.005385801050293099,-105.0,1,0.9523809523809523,0.9523809523809523
2024,14,2024_14_CIN_DAL,home,False,-0.00010923039810130651,-110.0,0,0.9090909090909091,-1.0
2024,14,2024_14_GB_DET,away,False,0.021348152797647374,100.0,1,1.0,1.0
2024,14,2024_14_LAC_KC,away,False,-0.0007150721855695651,-115.0,1,0.8695652173913043,0.8695652173913043
2024,14,2024_14_BUF_LA,home,False,0.026049811939495335,-102.0,1,0.9803921568627451,0.9803921568627451
2024,14,2024_14_NYJ_MIA,away,False,0.026857710378606472,-108.0,1,0.9259259259259259,0.9259259259259259
2024,14,2024_14_ATL_MIN,home,True,-0.00527158958060726,-110.0,1,0.9090909090909091,0.9090909090909091
2024,14,2024_14_NO_NYG,away,True,0.0049270003083072495,-115.0,0,0.8695652173913043,-1.0
2024,14,2024_14_CAR_PHI,away,False,0.010121816683387063,-112.0,1,0.8928571428571429,0.8928571428571429
2024,14,2024_14_CLE_PIT,away,False,0.003943093202769904,-112.0,0,0.8928571428571429,-1.0
2024,14,2024_14_CHI_SF,away,False,-0.002249301490082095,-110.0,0,0.9090909090909091,-1.0
2024,14,2024_14_LV_TB,away,False,-0.0034916663533712143,-115.0,0,0.8695652173913043,-1.0
2024,14,2024_14_JAX_TEN,away,False,0.037806595762795846,-105.0,1,0.9523809523809523,0.9523809523809523
2024,15,2024_15_NE_ARI,away,False,0.0022456627230163506,-108.0,0,0.9259259259259259,-1.0
2024,15,2024_15_DAL_CAR,away,False,0.01658298128517841,100.0,1,1.0,1.0
2024,15,2024_15_KC_CLE,away,True,0.010484871942692008,-110.0,1,0.9090909090909091,0.9090909090909091
2024,15,2024_15_IND_DEN,away,False,0.019279097193813224,-105.0,0,0.9523809523809523,-1.0
2024,15,2024_15_BUF_DET,away,False,0.00846529745534073,-110.0,1,0.9090909090909091,0.9090909090909091
2024,15,2024_15_MIA_HOU,away,False,0.01147567662794226,-105.0,0,0.9523809523809523,-1.0
2024,15,2024_15_NYJ_JAX,away,True,0.01069498115859157,-102.0,1,0.9803921568627451,0.9803921568627451
2024,15,2024_15_TB_LAC,away,False,0.008409988381151161,-105.0,1,0.9523809523809523,0.9523809523809523
2024,15,2024_15_ATL_LV,home,False,0.011388403726175111,-110.0,1,0.9090909090909091,0.9090909090909091
2024,15,2024_15_CHI_MIN,away,False,-0.002688088823698559,-115.0,0,0.8695652173913043,-1.0
2024,15,2024_15_WAS_NO,home,False,0.015681585169691575,-108.0,1,0.9259259259259259,0.9259259259259259
2024,15,2024_15_BAL_NYG,away,True,0.001655188945971614,-112.0,1,0.8928571428571429,0.8928571428571429
2024,15,2024_15_PIT_PHI,away,False,0.006302699708638676,-110.0,0,0.9090909090909091,-1.0
2024,15,2024_15_GB_SEA,home,False,-0.004591750811225186,-110.0,0,0.9090909090909091,-1.0
2024,15,2024_15_LA_SF,away,False,-0.005269054405828904,-118.0,1,0.847457627118644,0.847457627118644
2024,15,2024_15_CIN_TEN,away,True,0.004169884568267706,-110.0,1,0.9090909090909091,0.9090909090909091
2024,16,2024_16_NYG_ATL,away,False,0.0008234710452470206,-110.0,0,0.9090909090909091,-1.0
2024,16,2024_16_PIT_BAL,away,False,0.0009222449090071637,-115.0,0,0.8695652173913043,-1.0
2024,16,2024_16_NE_BUF,away,False,-0.004389711648839961,-110.0,1,0.9090909090909091,0.9090909090909091
2024,16,2024_16_ARI_CAR,away,True,-0.00023801656578830154,-110.0,0,0.9090909090909091,-1.0
2024,16,2024_16_DET_CHI,away,True,0.01068443921245769,-110.0,1,0.9090909090909091,0.9090909090909091
2024,16,2024_16_CLE_CIN,away,False,0.02364024087993865,-108.0,0,0.9259259259259259,-1.0
2024,16,2024_16_TB_DAL,home,False,0.004067177929957455,-115.0,1,0.8695652173913043,0.8695652173913043
2024,16,2024_16_NO_GB,away,False,0.02047977319312999,-105.0,0,0.9523809523809523,-1.0
2024,16,2024_16_TEN_IND,away,False,-0.0019285243839539722,-112.0,0,0.8928571428571429,-1.0
2024,16,2024_16_HOU_KC,away,False,0.0026923040382701158,-120.0,0,0.8333333333333334,-1.0
2024,16,2024_16_DEN_LAC,away,False,0.004955642580524755,-120.0,0,0.8333333333333334,-1.0
2024,16,2024_16_JAX_LV,away,False,0.007131888415843673,-110.0,0,0.9090909090909091,-1.0
2024,16,2024_16_SF_MIA,away,True,0.005695518975196916,-108.0,0,0.9259259259259259,-1.0
2024,16,2024_16_LA_NYJ,away,True,0.013545403643987895,-105.0,1,0.9523809523809523,0.9523809523809523
2024,16,2024_16_MIN_SEA,away,True,-0.005779410928378258,-115.0,1,0.8695652173913043,0.8695652173913043
2024,16,2024_16_PHI_WAS,away,True,0.0014595584396615512,-115.0,0,0.8695652173913043,-1.0
2024,17,2024_17_NYJ_BUF,away,False,0.0022204158905461844,-105.0,0,0.9523809523809523,-1.0
2024,17,2024_17_SEA_CHI,away,True,0.006752202664233614,-118.0,0,0.847457627118644,-1.0
2024,17,2024_17_DEN_CIN,away,False,0.00013652004927569016,-115.0,0,0.8695652173913043,-1.0
2024,17,2024_17_MIA_CLE,home,False,-0.005426704052275427,-105.0,0,0.9523809523809523,-1.0
2024,17,2024_17_BAL_HOU,home,False,-0.004463910223478712,-112.0,0,0.8928571428571429,-1.0
2024,17,2024_17_TEN_JAX,away,True,0.001651098097451481,-105.0,0,0.9523809523809523,-1.0
2024,17,2024_17_ARI_LA,away,False,0.011639668498601513,100.0,1,1.0,1.0
2024,17,2024_17_GB_MIN,away,True,-0.007157774467558103,-105.0,0,0.9523809523809523,-1.0
2024,17,2024_17_LAC_NE,home,False,0.0006328537471956441,-102.0,0,0.9803921568627451,-1.0
2024,17,2024_17_LV_NO,away,True,0.004149709455727235,-110.0,1,0.9090909090909091,0.9090909090909091
2024,17,2024_17_IND_NYG,home,False,0.0025640509489570137,-108.0,1,0.9259259259259259,0.9259259259259259
2024,17,2024_17_DAL_PHI,away,False,0.030906068363698257,-112.0,0,0.8928571428571429,-1.0
2024,17,2024_17_KC_PIT,away,True,-0.005431232790321227,-105.0,1,0.9523809523809523,0.9523809523809523
2024,17,2024_17_DET_SF,away,True,-0.0021530293397515055,-112.0,1,0.8928571428571429,0.8928571428571429
2024,17,2024_17_CAR_TB,home,True,-0.006960489955837651,-115.0,1,0.8695652173913043,0.8695652173913043
2024,17,2024_17_ATL_WAS,home,True,-0.0006565574695538978,-105.0,1,0.9523809523809523,0.9523809523809523
2024,18,2024_18_SF_ARI,away,False,0.002655948803230379,-110.0,0,0.9090909090909091,-1.0
2024,18,2024_18_CAR_ATL,away,False,-0.006908788292869638,-105.0,1,0.9523809523809523,0.9523809523809523
2024,18,2024_18_CLE_BAL,away,False,-0.007426316115892761,-105.0,0,0.9523809523809523,-1.0
2024,18,2024_18_WAS_DAL,away,True,0.002679398932696014,-108.0,0,0.9259259259259259,-1.0
2024,18,2024_18_KC_DEN,away,False,0.009261638934798649,-115.0,0,0.8695652173913043,-1.0
2024,18,2024_18_MIN_DET,home,True,0.0018441292713876954,-102.0,1,0.9803921568627451,0.9803921568627451
2024,18,2024_18_CHI_GB,away,False,0.016818937965165096,-115.0,1,0.8695652173913043,0.8695652173913043
2024,18,2024_18_JAX_IND,away,False,0.03162833401745587,-110.0,1,0.9090909090909091,0.9090909090909091
2024,18,2024_18_SEA_LA,away,True,-0.0069988997868852204,-110.0,0,0.9090909090909091,-1.0
2024,18,2024_18_LAC_LV,home,False,0.00038454802712822866,-102.0,0,0.9803921568627451,-1.0
2024,18,2024_18_BUF_NE,home,False,0.04544216339872462,-108.0,1,0.9259259259259259,0.9259259259259259
2024,18,2024_18_MIA_NYJ,away,False,0.012585233439399728,-110.0,0,0.9090909090909091,-1.0
2024,18,2024_18_NYG_PHI,away,False,0.026265616607442477,-110.0,0,0.9090909090909091,-1.0
2024,18,2024_18_CIN_PIT,away,True,-0.005814197969929563,-118.0,0,0.847457627118644,-1.0
2024,18,2024_18_NO_TB,away,False,-0.006934972512735082,-102.0,1,0.9803921568627451,0.9803921568627451
2024,18,2024_18_HOU_TEN,away,False,0.022604259578757394,-108.0,1,0.9259259259259259,0.9259259259259259
2025,1,2025_01_TB_ATL,away,True,0.0252388331911826,-102.0,1,0.9803921568627451,0.9803921568627451
2025,1,2025_01_BAL_BUF,away,True,0.008839544356118743,-118.0,0,0.847457627118644,-1.0
2025,1,2025_01_MIN_CHI,away,True,0.02925012045369612,100.0,1,1.0,1.0
2025,1,2025_01_CIN_CLE,home,False,-0.0005428135834371016,-115.0,1,0.8695652173913043,0.8695652173913043
2025,1,2025_01_TEN_DEN,away,False,0.03804991719219924,-105.0,1,0.9523809523809523,0.9523809523809523
2025,1,2025_01_DET_GB,away,False,0.016124649959187158,-115.0,0,0.8695652173913043,-1.0
2025,1,2025_01_MIA_IND,away,False,0.007446445399168005,-118.0,0,0.847457627118644,-1.0
2025,1,2025_01_CAR_JAX,away,False,0.005235455821106205,-110.0,0,0.9090909090909091,-1.0
2025,1,2025_01_HOU_LA,away,False,-0.006164356801306342,-118.0,0,0.847457627118644,-1.0
2025,1,2025_01_KC_LAC,home,False,-0.00787580821232176,100.0,1,1.0,1.0
2025,1,2025_01_LV_NE,home,True,-0.0018443929534063207,-120.0,0,0.8333333333333334,-1.0
2025,1,2025_01_ARI_NO,home,False,-0.00054629870603215,-112.0,0,0.8928571428571429,-1.0
2025,1,2025_01_PIT_NYJ,away,True,0.012038628880284402,-110.0,0,0.9090909090909091,-1.0
2025,1,2025_01_DAL_PHI,away,False,0.027073770001405956,-110.0,1,0.9090909090909091,0.9090909090909091
2025,1,2025_01_SF_SEA,away,True,0.008954521706117163,-105.0,1,0.9523809523809523,0.9523809523809523
2025,1,2025_01_NYG_WAS,away,False,0.004317181504874917,-108.0,0,0.9259259259259259,-1.0
2025,2,2025_02_CAR_ARI,home,True,-0.007786559795572956,-110.0,0,0.9090909090909091,-1.0
2025,2,2025_02_CLE_BAL,away,False,0.0020693342746148534,-105.0,0,0.9523809523809523,-1.0
2025,2,2025_02_JAX_CIN,away,False,0.004133558598053616,-115.0,0,0.8695652173913043,-1.0
2025,2,2025_02_NYG_DAL,away,False,0.016943965486667992,100.0,1,1.0,1.0
2025,2,2025_02_CHI_DET,away,False,0.030502909588032104,-110.0,0,0.9090909090909091,-1.0
2025,2,2025_02_WAS_GB,away,False,0.011484972963558064,-118.0,0,0.847457627118644,-1.0
2025,2,2025_02_TB_HOU,away,False,0.005645726427645725,-110.0,1,0.9090909090909091,0.9090909090909091
2025,2,2025_02_DEN_IND,away,True,0.02955317320111109,-105.0,0,0.9523809523809523,-1.0
2025,2,2025_02_PHI_KC,away,True,0.0073038508285727,-110.0,1,0.9090909090909091,0.9090909090909091
2025,2,2025_02_LAC_LV,away,True,-0.003150915185468683,-105.0,1,0.9523809523809523,0.9523809523809523
2025,2,2025_02_NE_MIA,away,False,0.00682575887456523,-110.0,1,0.9090909090909091,0.9090909090909091
2025,2,2025_02_ATL_MIN,away,False,-0.0007106978998292434,-115.0,1,0.8695652173913043,0.8695652173913043
2025,2,2025_02_SF_NO,home,False,-0.004198940374166998,-110.0,0,0.9090909090909091,-1.0
2025,2,2025_02_BUF_NYJ,home,False,0.021386736540009058,-108.0,0,0.9259259259259259,-1.0
2025,2,2025_02_SEA_PIT,away,False,0.0027561527706121136,-110.0,1,0.9090909090909091,0.9090909090909091
2025,2,2025_02_LA_TEN,away,True,-0.0015038520977036895,-108.0,1,0.9259259259259259,0.9259259259259259
2025,3,2025_03_DET_BAL,away,False,0.0016221161104484681,-105.0,1,0.9523809523809523,0.9523809523809523
2025,3,2025_03_MIA_BUF,home,True,0.003935379821437562,-110.0,0,0.9090909090909091,-1.0
2025,3,2025_03_ATL_CAR,home,False,0.0010299562020130491,-115.0,1,0.8695652173913043,0.8695652173913043
2025,3,2025_03_DAL_CHI,home,False,0.00802624049918486,-105.0,1,0.9523809523809523,0.9523809523809523
2025,3,2025_03_GB_CLE,home,False,0.021316182293140317,-118.0,1,0.847457627118644,0.847457627118644
2025,3,2025_03_HOU_JAX,away,False,0.008332040105968956,-108.0,0,0.9259259259259259,-1.0
2025,3,2025_03_DEN_LAC,home,True,-0.003987708264695439,-120.0,1,0.8333333333333334,0.8333333333333334
2025,3,2025_03_CIN_MIN,home,True,-0.007145623880735896,-110.0,1,0.9090909090909091,0.9090909090909091
2025,3,2025_03_PIT_NE,away,True,0.004637447205370132,-105.0,1,0.9523809523809523,0.9523809523809523
2025,3,2025_03_KC_NYG,home,False,0.004868092353459396,-105.0,0,0.9523809523809523,-1.0
2025,3,2025_03_LA_PHI,away,False,0.030045061445504544,-108.0,0,0.9259259259259259,-1.0
2025,3,2025_03_NO_SEA,home,True,-0.004577080194409227,-105.0,1,0.9523809523809523,0.9523809523809523
2025,3,2025_03_ARI_SF,away,False,0.0014969859913071702,-112.0,1,0.8928571428571429,0.8928571428571429
2025,3,2025_03_NYJ_TB,home,True,-0.006163501804344889,-115.0,0,0.8695652173913043,-1.0
2025,3,2025_03_IND_TEN,away,True,0.0010178699181633331,-108.0,1,0.9259259259259259,0.9259259259259259
2025,3,2025_03_LV_WAS,away,False,0.01872498489886759,100.0,0,1.0,-1.0
2025,4,2025_04_SEA_ARI,away,True,0.01001497674294276,-110.0,1,0.9090909090909091,0.9090909090909091
2025,4,2025_04_WAS_ATL,home,True,-0.005822456611980203,-110.0,1,0.9090909090909091,0.9090909090909091
2025,4,2025_04_NO_BUF,away,False,0.015240581430059068,-115.0,1,0.8695652173913043,0.8695652173913043
2025,4,2025_04_GB_DAL,home,False,0.00812954058649562,-115.0,1,0.8695652173913043,0.8695652173913043
2025,4,2025_04_CIN_DEN,home,True,-0.0028762743532035006,-105.0,1,0.9523809523809523,0.9523809523809523
2025,4,2025_04_CLE_DET,away,False,0.02985023224487991,-108.0,0,0.9259259259259259,-1.0
2025,4,2025_04_TEN_HOU,home,True,-0.002588861087588606,-105.0,1,0.9523809523809523,0.9523809523809523
2025,4,2025_04_BAL_KC,away,True,0.0034543057137989717,-120.0,0,0.8333333333333334,-1.0
2025,4,2025_04_IND_LA,home,True,-0.003749234282962349,-115.0,1,0.8695652173913043,0.8695652173913043
2025,4,2025_04_CHI_LV,away,False,-0.001976899451848846,-110.0,1,0.9090909090909091,0.9090909090909091
2025,4,2025_04_NYJ_MIA,away,False,0.02515311137884984,-105.0,0,0.9523809523809523,-1.0
2025,4,2025_04_CAR_NE,away,False,-0.0062514608347349395,-108.0,0,0.9259259259259259,-1.0
2025,4,2025_04_LAC_NYG,home,False,0.0068930631003391194,-108.0,1,0.9259259259259259,0.9259259259259259
2025,4,2025_04_MIN_PIT,away,True,0.001658717474749849,-125.0,0,0.8,-1.0
2025,4,2025_04_JAX_SF,away,False,-0.005738607508707688,-120.0,1,0.8333333333333334,0.8333333333333334
2025,4,2025_04_PHI_TB,away,True,-0.001960481311017681,-102.0,1,0.9803921568627451,0.9803921568627451
2025,5,2025_05_TEN_ARI,home,True,-0.004628141206927166,-112.0,0,0.8928571428571429,-1.0
2025,5,2025_05_HOU_BAL,away,True,-2.7278228661653525e-05,-118.0,1,0.847457627118644,0.847457627118644
2025,5,2025_05_NE_BUF,away,False,0.015665918227878193,-105.0,1,0.9523809523809523,0.9523809523809523
2025,5,2025_05_MIA_CAR,away,True,0.009114684427835217,-105.0,0,0.9523809523809523,-1.0
2025,5,2025_05_DET_CIN,away,True,0.01703468469732102,-102.0,1,0.9803921568627451,0.9803921568627451
2025,5,2025_05_MIN_CLE,away,True,-0.004759965700132018,-110.0,1,0.9090909090909091,0.9090909090909091
2025,5,2025_05_LV_IND,away,False,0.01747204065888178,100.0,0,1.0,-1.0
2025,5,2025_05_KC_JAX,home,False,-0.00607341023507894,-110.0,1,0.9090909090909091,0.9090909090909091
2025,5,2025_05_SF_LA,away,False,-0.0056293442266232945,-110.0,1,0.9090909090909091,0.9090909090909091
2025,5,2025_05_WAS_LAC,away,False,0.007879030450856321,100.0,1,1.0,1.0
2025,5,2025_05_NYG_NO,home,True,-0.005344968254265011,-105.0,1,0.9523809523809523,0.9523809523809523
2025,5,2025_05_DAL_NYJ,away,False,0.014350445522866916,-120.0,1,0.8333333333333334,0.8333333333333334
2025,5,2025_05_DEN_PHI,away,False,-0.002790847129607532,-105.0,1,0.9523809523809523,0.9523809523809523
2025,5,2025_05_TB_SEA,home,True,-0.0015534691084763907,-105.0,0,0.9523809523809523,-1.0
2025,6,2025_06_BUF_ATL,home,False,0.008100510427359237,100.0,1,1.0,1.0
2025,6,2025_06_LA_BAL,away,True,0.011132901401368888,-105.0,1,0.9523809523809523,0.9523809523809523
2025,6,2025_06_DAL_CAR,home,False,-0.0061424092885199785,-102.0,1,0.9803921568627451,0.9803921568627451
2025,6,2025_06_CIN_GB,away,False,0.006492933970684572,-110.0,1,0.9090909090909091,0.9090909090909091
2025,6,2025_06_ARI_IND,home,True,-0.007916378563489212,-110.0,0,0.9090909090909091,-1.0
2025,6,2025_06_SEA_JAX,away,True,0.004886577055086027,100.0,1,1.0,1.0
2025,6,2025_06_DET_KC,away,False,0.028433694160742384,-105.0,0,0.9523809523809523,-1.0
2025,6,2025_06_TEN_LV,home,True,-0.00584775816630978,-110.0,1,0.9090909090909091,0.9090909090909091
2025,6,2025_06_LAC_MIA,home,False,0.006466175348581104,-105.0,1,0.9523809523809523,0.9523809523809523
2025,6,2025_06_NE_NO,away,True,0.007047339749769171,-105.0,1,0.9523809523809523,0.9523809523809523
2025,6,2025_06_PHI_NYG,home,False,0.0013408084648748096,100.0,1,1.0,1.0
2025,6,2025_06_DEN_NYJ,home,False,-0.00770630248480556,-120.0,1,0.8333333333333334,0.8333333333333334
2025,6,2025_06_CLE_PIT,away,False,0.0027902410553862942,100.0,0,1.0,-1.0
2025,6,2025_06_SF_TB,away,False,0.011542514318313185,-105.0,0,0.9523809523809523,-1.0
2025,6,2025_06_CHI_WAS,home,True,-0.001917398922610386,-112.0,0,0.8928571428571429,-1.0
2025,7,2025_07_GB_ARI,home,False,0.015452509931614887,-105.0,1,0.9523809523809523,0.9523809523809523
2025,7,2025_07_NO_CHI,home,True,-0.0035582050683861106,100.0,1,1.0,1.0
2025,7,2025_07_PIT_CIN,away,True,0.005806814394004733,-105.0,0,0.9523809523809523,-1.0
2025,7,2025_07_MIA_CLE,away,False,0.02672197186481837,-102.0,0,0.9803921568627451,-1.0
2025,7,2025_07_WAS_DAL,away,False,0.005792783832561082,-108.0,0,0.9259259259259259,-1.0
2025,7,2025_07_NYG_DEN,away,False,0.03255750608171109,-105.0,1,0.9523809523809523,0.9523809523809523
2025,7,2025_07_TB_DET,away,False,-0.0011042677463222903,-112.0,0,0.8928571428571429,-1.0
2025,7,2025_07_LA_JAX,away,True,-0.00224482086667484,-115.0,1,0.8695652173913043,0.8695652173913043
2025,7,2025_07_LV_KC,home,True,-0.0007213665358748899,-105.0,1,0.9523809523809523,0.9523809523809523
2025,7,2025_07_IND_LAC,home,True,0.016109926964291536,-112.0,0,0.8928571428571429,-1.0
2025,7,2025_07_PHI_MIN,home,False,-0.008149848375925283,-110.0,0,0.9090909090909091,-1.0
2025,7,2025_07_CAR_NYJ,home,True,0.01720685314698689,105.0,0,1.05,-1.0
2025,7,2025_07_HOU_SEA,home,True,0.0004959817573015501,-110.0,1,0.9090909090909091,0.9090909090909091
2025,7,2025_07_ATL_SF,away,False,0.003308952384843744,-120.0,0,0.8333333333333334,-1.0
2025,7,2025_07_NE_TEN,away,True,0.027239259320470402,-108.0,1,0.9259259259259259,0.9259259259259259
2025,8,2025_08_MIA_ATL,away,False,-0.007856497421024027,-115.0,1,0.8695652173913043,0.8695652173913043
2025,8,2025_08_CHI_BAL,away,False,-0.0044007222524219064,-102.0,0,0.9803921568627451,-1.0
2025,8,2025_08_BUF_CAR,home,False,-0.007270519174180204,-105.0,0,0.9523809523809523,-1.0
2025,8,2025_08_NYJ_CIN,away,False,0.008014342810715707,-112.0,1,0.8928571428571429,0.8928571428571429
2025,8,2025_08_DAL_DEN,away,False,0.0013118901644901648,-110.0,0,0.9090909090909091,-1.0
2025,8,2025_08_SF_HOU,away,False,0.012044709387457907,100.0,0,1.0,-1.0
2025,8,2025_08_TEN_IND,away,False,0.026346123889305944,-115.0,0,0.8695652173913043,-1.0
2025,8,2025_08_WAS_KC,away,False,0.009086615406776665,-105.0,0,0.9523809523809523,-1.0
2025,8,2025_08_MIN_LAC,away,False,0.01801461304454494,100.0,0,1.0,-1.0
2025,8,2025_08_CLE_NE,away,False,0.020278312348067404,-115.0,0,0.8695652173913043,-1.0
2025,8,2025_08_TB_NO,away,True,-0.0032533678575253243,-105.0,1,0.9523809523809523,0.9523809523809523
2025,8,2025_08_NYG_PHI,away,False,0.015463886526396901,-102.0,0,0.9803921568627451,-1.0
2025,8,2025_08_GB_PIT,away,True,0.020776702095556054,100.0,1,1.0,1.0
2025,9,2025_09_KC_BUF,home,False,-0.0011796499752334654,-115.0,1,0.8695652173913043,0.8695652173913043
2025,9,2025_09_CHI_CIN,away,True,-0.004034107695117661,-105.0,1,0.9523809523809523,0.9523809523809523
2025,9,2025_09_ARI_DAL,away,False,0.009470714479701697,-115.0,1,0.8695652173913043,0.8695652173913043
2025,9,2025_09_MIN_DET,away,False,0.024446148360766126,-108.0,1,0.9259259259259259,0.9259259259259259
2025,9,2025_09_CAR_GB,away,False,0.0077738074804651666,-102.0,1,0.9803921568627451,0.9803921568627451
2025,9,2025_09_DEN_HOU,home,True,-0.007929148844658467,-110.0,0,0.9090909090909091,-1.0
2025,9,2025_09_NO_LA,away,False,-0.00027575477401892146,-105.0,0,0.9523809523809523,-1.0
2025,9,2025_09_JAX_LV,home,False,-0.006481120174622074,-115.0,1,0.8695652173913043,0.8695652173913043
2025,9,2025_09_BAL_MIA,home,False,0.00024321745345203815,100.0,0,1.0,-1.0
2025,9,2025_09_ATL_NE,away,False,0.025345875475920713,-110.0,1,0.9090909090909091,0.9090909090909091
2025,9,2025_09_SF_NYG,away,True,-0.003467779868872761,-120.0,1,0.8333333333333334,0.8333333333333334
2025,9,2025_09_IND_PIT,away,True,0.016470138270444287,100.0,0,1.0,-1.0
2025,9,2025_09_LAC_TEN,home,False,-0.0008844882583232738,-108.0,1,0.9259259259259259,0.9259259259259259
2025,9,2025_09_SEA_WAS,home,False,-0.005130774396756427,100.0,0,1.0,-1.0
2025,10,2025_10_NO_CAR,away,False,-0.00792499612777175,-112.0,1,0.8928571428571429,0.8928571428571429
2025,10,2025_10_NYG_CHI,away,False,0.008378402880639728,-108.0,1,0.9259259259259259,0.9259259259259259
2025,10,2025_10_LV_DEN,away,False,0.018348162078725777,-112.0,1,0.8928571428571429,0.8928571428571429
2025,10,2025_10_PHI_GB,home,True,-0.0015943687246545656,102.0,0,1.02,-1.0
2025,10,2025_10_JAX_HOU,away,True,0.02988015177388622,100.0,0,1.0,-1.0
2025,10,2025_10_ATL_IND,home,True,-0.0010742716921055993,-108.0,0,0.9259259259259259,-1.0
2025,10,2025_10_PIT_LAC,home,True,-0.001286427457647321,-102.0,1,0.9803921568627451,0.9803921568627451
2025,10,2025_10_BUF_MIA,away,True,0.03329503293662597,-105.0,0,0.9523809523809523,-1.0
2025,10,2025_10_BAL_MIN,away,True,0.006167475032432834,-105.0,1,0.9523809523809523,0.9523809523809523
2025,10,2025_10_CLE_NYJ,away,True,-0.007725251427580498,-115.0,0,0.8695652173913043,-1.0
2025,10,2025_10_ARI_SEA,away,False,-0.007081949105525408,-115.0,0,0.8695652173913043,-1.0
2025,10,2025_10_LA_SF,home,False,-0.006272353745677161,-105.0,0,0.9523809523809523,-1.0
2025,10,2025_10_NE_TB,away,False,0.028184858638577934,100.0,1,1.0,1.0
2025,10,2025_10_DET_WAS,away,True,0.022133324154144596,-105.0,1,0.9523809523809523,0.9523809523809523
2025,11,2025_11_SF_ARI,away,True,-0.0012792332581167797,-105.0,1,0.9523809523809523,0.9523809523809523
2025,11,2025_11_CAR_ATL,away,False,-0.004504665674099395,-118.0,1,0.847457627118644,0.847457627118644
2025,11,2025_11_TB_BUF,away,False,0.009383561423155334,-108.0,0,0.9259259259259259,-1.0
2025,11,2025_11_BAL_CLE,home,False,-0.0034776354163392805,-115.0,1,0.8695652173913043,0.8695652173913043
2025,11,2025_11_KC_DEN,home,False,0.006559030248387309,100.0,1,1.0,1.0
2025,11,2025_11_LAC_JAX,away,True,0.009994603359941456,-105.0,0,0.9523809523809523,-1.0
2025,11,2025_11_SEA_LA,away,False,0.010060248629123069,100.0,1,1.0,1.0
2025,11,2025_11_DAL_LV,home,False,0.006942885868370962,-105.0,0,0.9523809523809523,-1.0
2025,11,2025_11_WAS_MIA,away,False,0.009927278155886137,100.0,0,1.0,-1.0
2025,11,2025_11_CHI_MIN,home,True,-0.005336520705011943,-105.0,0,0.9523809523809523,-1.0
2025,11,2025_11_NYJ_NE,home,True,-0.000990767660953884,-115.0,1,0.8695652173913043,0.8695652173913043
2025,11,2025_11_GB_NYG,away,True,0.02043887826248946,-110.0,0,0.9090909090909091,-1.0
2025,11,2025_11_DET_PHI,away,False,0.01514596852319041,-102.0,0,0.9803921568627451,-1.0
2025,11,2025_11_CIN_PIT,away,False,0.01184982076694413,-108.0,0,0.9259259259259259,-1.0
2025,11,2025_11_HOU_TEN,home,False,-0.0007495402037925591,-112.0,1,0.8928571428571429,0.8928571428571429
2025,12,2025_12_JAX_ARI,away,True,-0.005570218495506329,-108.0,1,0.9259259259259259,0.9259259259259259
2025,12,2025_12_NYJ_BAL,away,False,0.00361181614156969,-110.0,1,0.9090909090909091,0.9090909090909091
2025,12,2025_12_PIT_CHI,away,False,0.00022562656045067018,-115.0,1,0.8695652173913043,0.8695652173913043
2025,12,2025_12_NE_CIN,away,True,-0.005561597779158705,-108.0,0,0.9259259259259259,-1.0
2025,12,2025_12_PHI_DAL,home,False,0.005703474476766023,-115.0,1,0.8695652173913043,0.8695652173913043
2025,12,2025_12_NYG_DET,away,False,-0.0038341299574184136,-115.0,1,0.8695652173913043,0.8695652173913043
2025,12,2025_12_MIN_GB,away,False,0.0027748808006321513,-112.0,0,0.8928571428571429,-1.0
2025,12,2025_12_BUF_HOU,away,True,-0.0061251735140338374,-108.0,0,0.9259259259259259,-1.0
2025,12,2025_12_IND_KC,away,False,0.022601538274247067,100.0,1,1.0,1.0
2025,12,2025_12_TB_LA,away,False,0.012383138491786133,-110.0,0,0.9090909090909091,-1.0
2025,12,2025_12_CLE_LV,home,True,0.0029199292326220812,-115.0,0,0.8695652173913043,-1.0
2025,12,2025_12_ATL_NO,away,False,-0.007182579522142285,-112.0,1,0.8928571428571429,0.8928571428571429
2025,12,2025_12_CAR_SF,away,False,0.00021195521510744553,-115.0,0,0.8695652173913043,-1.0
2025,12,2025_12_SEA_TEN,away,True,-0.007993157946939515,-115.0,0,0.8695652173913043,-1.0
2025,13,2025_13_CIN_BAL,away,False,0.023401034855082173,100.0,1,1.0,1.0
2025,13,2025_13_LA_CAR,home,False,0.027323632617449543,-110.0,1,0.9090909090909091,0.9090909090909091
2025,13,2025_13_SF_CLE,away,True,-0.0044832556177747335,-108.0,1,0.9259259259259259,0.9259259259259259
2025,13,2025_13_KC_DAL,home,False,0.014530455607109732,-115.0,1,0.8695652173913043,0.8695652173913043
2025,13,2025_13_GB_DET,away,False,0.01366459503571703,105.0,1,1.05,1.05
2025,13,2025_13_HOU_IND,away,False,0.01242545273121891,-105.0,1,0.9523809523809523,0.9523809523809523
2025,13,2025_13_LV_LAC,home,True,-0.004397335745857342,-105.0,1,0.9523809523809523,0.9523809523809523
2025,13,2025_13_NO_MIA,away,False,0.009047521747782183,-110.0,1,0.9090909090909091,0.9090909090909091
2025,13,2025_13_NYG_NE,away,False,0.012825739939803215,-105.0,0,0.9523809523809523,-1.0
2025,13,2025_13_ATL_NYJ,away,True,0.0026223798133016506,-112.0,0,0.8928571428571429,-1.0
2025,13,2025_13_CHI_PHI,away,False,0.015394536553380555,-105.0,1,0.9523809523809523,0.9523809523809523
2025,13,2025_13_BUF_PIT,away,True,0.0002491671594662903,-115.0,1,0.8695652173913043,0.8695652173913043
2025,13,2025_13_MIN_SEA,home,True,-0.0015110710607213638,-110.0,1,0.9090909090909091,0.9090909090909091
2025,13,2025_13_ARI_TB,away,False,-0.003291677565943696,-115.0,1,0.8695652173913043,0.8695652173913043
2025,13,2025_13_JAX_TEN,home,False,-0.006770063555506289,-112.0,0,0.8928571428571429,-1.0
2025,13,2025_13_DEN_WAS,away,True,0.00025581924931629695,-105.0,0,0.9523809523809523,-1.0
2025,14,2025_14_LA_ARI,home,False,0.008094005515857233,-110.0,0,0.9090909090909091,-1.0
2025,14,2025_14_SEA_ATL,away,True,-0.00338415670655402,100.0,1,1.0,1.0
2025,14,2025_14_PIT_BAL,away,False,0.005939866461247261,100.0,1,1.0,1.0
2025,14,2025_14_CIN_BUF,away,False,0.004939591398268178,-108.0,1,0.9259259259259259,0.9259259259259259
2025,14,2025_14_TEN_CLE,home,True,-0.006155035838443165,100.0,0,1.0,-1.0
2025,14,2025_14_DAL_DET,home,True,0.0036323465513831473,-110.0,1,0.9090909090909091,0.9090909090909091
2025,14,2025_14_CHI_GB,home,True,-0.003463076180227137,-115.0,1,0.8695652173913043,0.8695652173913043
2025,14,2025_14_IND_JAX,away,True,0.022284250113015727,-112.0,0,0.8928571428571429,-1.0
2025,14,2025_14_HOU_KC,away,False,0.016893310462005262,-115.0,1,0.8695652173913043,0.8695652173913043
2025,14,2025_14_PHI_LAC,away,True,0.007051147436027415,-105.0,0,0.9523809523809523,-1.0
2025,14,2025_14_DEN_LV,home,False,0.019565673949791338,-110.0,1,0.9090909090909091,0.9090909090909091
2025,14,2025_14_WAS_MIN,home,False,-0.007940177029138957,-118.0,1,0.847457627118644,0.847457627118644
2025,14,2025_14_MIA_NYJ,home,False,-0.002519299413597875,-105.0,0,0.9523809523809523,-1.0
2025,14,2025_14_NO_TB,away,False,0.003068345055076904,-102.0,1,0.9803921568627451,0.9803921568627451
2025,15,2025_15_CLE_CHI,away,False,0.0029174655002091876,-112.0,0,0.8928571428571429,-1.0
2025,15,2025_15_BAL_CIN,home,False,0.00446662822124898,105.0,0,1.05,-1.0
2025,15,2025_15_MIN_DAL,away,False,0.01710295703007581,-110.0,1,0.9090909090909091,0.9090909090909091
2025,15,2025_15_GB_DEN,away,True,4.674615590936071e-05,-108.0,0,0.9259259259259259,-1.0
2025,15,2025_15_ARI_HOU,away,False,-0.0016269173238470658,-110.0,0,0.9090909090909091,-1.0
2025,15,2025_15_NYJ_JAX,away,False,0.03066038731849349,-105.0,0,0.9523809523809523,-1.0
2025,15,2025_15_LAC_KC,away,False,0.021197100830452106,100.0,1,1.0,1.0
2025,15,2025_15_DET_LA,away,False,-0.003795274761256062,-105.0,0,0.9523809523809523,-1.0
2025,15,2025_15_BUF_NE,away,True,0.015785772730570184,-110.0,1,0.9090909090909091,0.9090909090909091
2025,15,2025_15_CAR_NO,away,True,-0.0016725689769259977,-118.0,0,0.847457627118644,-1.0
2025,15,2025_15_WAS_NYG,away,False,0.02234642770565057,-105.0,1,0.9523809523809523,0.9523809523809523
2025,15,2025_15_LV_PHI,away,False,0.023648493651621652,-108.0,0,0.9259259259259259,-1.0
2025,15,2025_15_MIA_PIT,away,False,0.0004869679766919099,-102.0,0,0.9803921568627451,-1.0
2025,15,2025_15_IND_SEA,away,False,0.020030870434893804,-105.0,1,0.9523809523809523,0.9523809523809523
2025,15,2025_15_TEN_SF,home,True,-0.003917499928129447,-112.0,1,0.8928571428571429,0.8928571428571429
2025,15,2025_15_ATL_TB,away,False,-0.002907327057604025,-112.0,1,0.8928571428571429,0.8928571428571429
2025,16,2025_16_ATL_ARI,home,False,0.0013474790368857513,-105.0,0,0.9523809523809523,-1.0
2025,16,2025_16_NE_BAL,away,False,0.013086566959926698,-115.0,1,0.8695652173913043,0.8695652173913043
2025,16,2025_16_TB_CAR,away,True,0.007438050102742155,100.0,0,1.0,-1.0
2025,16,2025_16_GB_CHI,away,False,0.015152733149497393,-115.0,0,0.8695652173913043,-1.0
2025,16,2025_16_BUF_CLE,away,True,-0.0017021022130252082,-110.0,0,0.9090909090909091,-1.0
2025,16,2025_16_LAC_DAL,home,True,-0.004007669066169728,-105.0,0,0.9523809523809523,-1.0
2025,16,2025_16_JAX_DEN,home,True,0.003715150036358111,100.0,0,1.0,-1.0
2025,16,2025_16_PIT_DET,away,False,0.005268522864312863,-105.0,1,0.9523809523809523,0.9523809523809523
2025,16,2025_16_LV_HOU,away,False,0.0358925176604718,-115.0,1,0.8695652173913043,0.8695652173913043
2025,16,2025_16_SF_IND,home,False,-0.00282170870228004,-115.0,0,0.8695652173913043,-1.0
2025,16,2025_16_CIN_MIA,home,False,-0.0039010871535246293,100.0,0,1.0,-1.0
2025,16,2025_16_NYJ_NO,away,False,-0.0029585405731592626,-105.0,0,0.9523809523809523,-1.0
2025,16,2025_16_MIN_NYG,away,True,0.007408962382543188,-118.0,1,0.847457627118644,0.847457627118644
2025,16,2025_16_LA_SEA,away,False,0.010862611721651799,-110.0,1,0.9090909090909091,0.9090909090909091
2025,16,2025_16_KC_TEN,away,True,0.011294565210266089,100.0,0,1.0,-1.0
2025,16,2025_16_PHI_WAS,away,True,0.004786162816211986,-120.0,1,0.8333333333333334,0.8333333333333334
2025,17,2025_17_LA_ATL,away,True,-0.0052978365719572595,-102.0,0,0.9803921568627451,-1.0
2025,17,2025_17_PHI_BUF,away,False,0.004592395682528533,-108.0,1,0.9259259259259259,0.9259259259259259
2025,17,2025_17_SEA_CAR,away,True,-0.0023209533213349007,-118.0,1,0.847457627118644,0.847457627118644
2025,17,2025_17_ARI_CIN,away,False,0.008081264435098573,-110.0,0,0.9090909090909091,-1.0
2025,17,2025_17_PIT_CLE,away,True,0.0004825356647725709,-108.0,0,0.9259259259259259,-1.0
2025,17,2025_17_BAL_GB,away,False,0.008406257369128927,-108.0,1,0.9259259259259259,0.9259259259259259
2025,17,2025_17_JAX_IND,home,False,-0.0035272478277675544,-105.0,0,0.9523809523809523,-1.0
2025,17,2025_17_DEN_KC,home,False,-0.006478154595386914,-115.0,1,0.8695652173913043,0.8695652173913043
2025,17,2025_17_HOU_LAC,away,False,0.013512063400842855,-115.0,1,0.8695652173913043,0.8695652173913043
2025,17,2025_17_NYG_LV,home,False,-0.00203006312006741,-118.0,0,0.847457627118644,-1.0
2025,17,2025_17_TB_MIA,away,True,0.01021785502038201,-108.0,0,0.9259259259259259,-1.0
2025,17,2025_17_DET_MIN,home,False,0.007239767086450587,100.0,1,1.0,1.0
2025,17,2025_17_NE_NYJ,home,False,0.03109405234770025,100.0,0,1.0,-1.0
2025,17,2025_17_CHI_SF,away,False,0.010620174791363013,-105.0,0,0.9523809523809523,-1.0
2025,17,2025_17_NO_TEN,away,True,-0.0044447257191353555,-110.0,1,0.9090909090909091,0.9090909090909091
2025,17,2025_17_DAL_WAS,home,False,0.003351529889263033,100.0,1,1.0,1.0
2025,18,2025_18_NO_ATL,home,True,0.011195475511021163,-105.0,0,0.9523809523809523,-1.0
2025,18,2025_18_NYJ_BUF,home,True,-0.0013984218614842947,-108.0,1,0.9259259259259259,0.9259259259259259
2025,18,2025_18_DET_CHI,away,False,0.03343006201914134,-110.0,1,0.9090909090909091,0.9090909090909091
2025,18,2025_18_CLE_CIN,away,False,0.002243648074891008,-112.0,1,0.8928571428571429,0.8928571428571429
2025,18,2025_18_LAC_DEN,away,False,0.01981730037823158,-108.0,0,0.9259259259259259,-1.0
2025,18,2025_18_IND_HOU,away,False,0.031077977022050184,-110.0,1,0.9090909090909091,0.9090909090909091
2025,18,2025_18_TEN_JAX,home,True,-0.0026709739866317026,-110.0,1,0.9090909090909091,0.9090909090909091
2025,18,2025_18_ARI_LA,away,False,-0.0002187918409956191,-115.0,0,0.8695652173913043,-1.0
2025,18,2025_18_KC_LV,home,False,0.021400288290026902,-108.0,1,0.9259259259259259,0.9259259259259259
2025,18,2025_18_GB_MIN,home,True,-0.00640223715661185,-112.0,1,0.8928571428571429,0.8928571428571429
2025,18,2025_18_MIA_NE,away,False,0.009664455432846475,-112.0,0,0.8928571428571429,-1.0
2025,18,2025_18_DAL_NYG,away,True,0.0023378537359129924,-115.0,0,0.8695652173913043,-1.0
2025,18,2025_18_WAS_PHI,away,False,0.016335330797531467,-105.0,1,0.9523809523809523,0.9523809523809523
2025,18,2025_18_BAL_PIT,away,True,-0.0009130370688555377,-105.0,0,0.9523809523809523,-1.0
2025,18,2025_18_SEA_SF,away,True,0.012699233402514103,-120.0,1,0.8333333333333334,0.8333333333333334
2025,18,2025_18_CAR_TB,away,False,0.0011804047820744511,-115.0,1,0.8695652173913043,0.8695652173913043
