column,dtype,pct_non_null,is_constant
abs_spread_line,float64,100.0,False
away_attempts_allowed_ewma,float64,99.5,False
away_attempts_allowed_roll5,float64,99.5,False
away_attempts_matchup_ewma,float64,95.2,False
away_attempts_matchup_roll5,float64,95.2,False
away_attempts_produced_ewma,float64,95.2,False
away_attempts_produced_roll5,float64,95.2,False
away_carries_allowed_ewma,float64,99.5,False
away_carries_allowed_roll5,float64,99.5,False
away_carries_matchup_ewma,float64,95.2,False
away_carries_matchup_roll5,float64,95.2,False
away_carries_produced_ewma,float64,95.2,False
away_carries_produced_roll5,float64,95.2,False
away_catch_rate_allowed_ewma,float64,99.5,False
away_catch_rate_allowed_roll5,float64,99.5,False
away_catch_rate_matchup_ewma,float64,95.2,False
away_catch_rate_matchup_roll5,float64,95.2,False
away_catch_rate_produced_ewma,float64,95.2,False
away_catch_rate_produced_roll5,float64,95.2,False
away_completion_pct_allowed_ewma,float64,99.5,False
away_completion_pct_allowed_roll5,float64,99.5,False
away_completion_pct_matchup_ewma,float64,95.2,False
away_completion_pct_matchup_roll5,float64,95.2,False
away_completion_pct_produced_ewma,float64,95.2,False
away_completion_pct_produced_roll5,float64,95.2,False
away_completions_allowed_ewma,float64,99.5,False
away_completions_allowed_roll5,float64,99.5,False
away_completions_matchup_ewma,float64,95.2,False
away_completions_matchup_roll5,float64,95.2,False
away_completions_produced_ewma,float64,95.2,False
away_completions_produced_roll5,float64,95.2,False
away_def_2pt_atts_allowed_ewma,float64,99.5,False
away_def_2pt_atts_allowed_roll5,float64,99.5,False
away_def_2pt_atts_matchup_ewma,float64,95.2,False
away_def_2pt_atts_matchup_roll5,float64,95.2,False
away_def_2pt_atts_produced_ewma,float64,95.2,False
away_def_2pt_atts_produced_roll5,float64,95.2,False
away_def_2pt_made_allowed_ewma,float64,99.5,False
away_def_2pt_made_allowed_roll5,float64,99.5,False
away_def_2pt_made_matchup_ewma,float64,95.2,False
away_def_2pt_made_matchup_roll5,float64,95.2,False
away_def_2pt_made_produced_ewma,float64,95.2,False
away_def_2pt_made_produced_roll5,float64,95.2,False
away_def_fg_blocks_allowed_ewma,float64,99.5,False
away_def_fg_blocks_allowed_roll5,float64,99.5,False
away_def_fg_blocks_matchup_ewma,float64,95.2,False
away_def_fg_blocks_matchup_roll5,float64,95.2,False
away_def_fg_blocks_produced_ewma,float64,95.2,False
away_def_fg_blocks_produced_roll5,float64,95.2,False
away_def_fumbles_allowed_ewma,float64,99.5,False
away_def_fumbles_allowed_roll5,float64,99.5,False
away_def_fumbles_forced_allowed_ewma,float64,99.5,False
away_def_fumbles_forced_allowed_roll5,float64,99.5,False
away_def_fumbles_forced_matchup_ewma,float64,95.2,False
away_def_fumbles_forced_matchup_roll5,float64,95.2,False
away_def_fumbles_forced_produced_ewma,float64,95.2,False
away_def_fumbles_forced_produced_roll5,float64,95.2,False
away_def_fumbles_matchup_ewma,float64,95.2,False
away_def_fumbles_matchup_roll5,float64,95.2,False
away_def_fumbles_produced_ewma,float64,95.2,False
away_def_fumbles_produced_roll5,float64,95.2,False
away_def_interception_rate_allowed_ewma,float64,95.1,False
away_def_interception_rate_allowed_roll5,float64,95.1,False
away_def_interception_rate_matchup_ewma,float64,91.2,False
away_def_interception_rate_matchup_roll5,float64,91.2,False
away_def_interception_rate_produced_ewma,float64,95.1,False
away_def_interception_rate_produced_roll5,float64,95.1,False
away_def_interception_yards_allowed_ewma,float64,99.5,False
away_def_interception_yards_allowed_roll5,float64,99.5,False
away_def_interception_yards_matchup_ewma,float64,95.2,False
away_def_interception_yards_matchup_roll5,float64,95.2,False
away_def_interception_yards_produced_ewma,float64,95.2,False
away_def_interception_yards_produced_roll5,float64,95.2,False
away_def_interceptions_allowed_ewma,float64,99.5,False
away_def_interceptions_allowed_roll5,float64,99.5,False
away_def_interceptions_matchup_ewma,float64,95.2,False
away_def_interceptions_matchup_roll5,float64,95.2,False
away_def_interceptions_produced_ewma,float64,95.2,False
away_def_interceptions_produced_roll5,float64,95.2,False
away_def_pass_defended_allowed_ewma,float64,99.5,False
away_def_pass_defended_allowed_roll5,float64,99.5,False
away_def_pass_defended_matchup_ewma,float64,95.2,False
away_def_pass_defended_matchup_roll5,float64,95.2,False
away_def_pass_defended_produced_ewma,float64,95.2,False
away_def_pass_defended_produced_roll5,float64,95.2,False
away_def_pass_defended_rate_allowed_ewma,float64,95.1,False
away_def_pass_defended_rate_allowed_roll5,float64,95.1,False
away_def_pass_defended_rate_matchup_ewma,float64,91.2,False
away_def_pass_defended_rate_matchup_roll5,float64,91.2,False
away_def_pass_defended_rate_produced_ewma,float64,95.1,False
away_def_pass_defended_rate_produced_roll5,float64,95.1,False
away_def_pat_blocks_allowed_ewma,float64,99.5,False
away_def_pat_blocks_allowed_roll5,float64,99.5,False
away_def_pat_blocks_matchup_ewma,float64,95.2,False
away_def_pat_blocks_matchup_roll5,float64,95.2,False
away_def_pat_blocks_produced_ewma,float64,95.2,False
away_def_pat_blocks_produced_roll5,float64,95.2,False
away_def_punt_blocks_allowed_ewma,float64,99.5,False
away_def_punt_blocks_allowed_roll5,float64,99.5,False
away_def_punt_blocks_matchup_ewma,float64,95.2,False
away_def_punt_blocks_matchup_roll5,float64,95.2,False
away_def_punt_blocks_produced_ewma,float64,95.2,False
away_def_punt_blocks_produced_roll5,float64,95.2,False
away_def_qb_hit_rate_allowed_ewma,float64,95.1,False
away_def_qb_hit_rate_allowed_roll5,float64,95.1,False
away_def_qb_hit_rate_matchup_ewma,float64,91.2,False
away_def_qb_hit_rate_matchup_roll5,float64,91.2,False
away_def_qb_hit_rate_produced_ewma,float64,95.1,False
away_def_qb_hit_rate_produced_roll5,float64,95.1,False
away_def_qb_hits_allowed_ewma,float64,99.5,False
away_def_qb_hits_allowed_roll5,float64,99.5,False
away_def_qb_hits_matchup_ewma,float64,95.2,False
away_def_qb_hits_matchup_roll5,float64,95.2,False
away_def_qb_hits_produced_ewma,float64,95.2,False
away_def_qb_hits_produced_roll5,float64,95.2,False
away_def_sack_rate_allowed_ewma,float64,95.1,False
away_def_sack_rate_allowed_roll5,float64,95.1,False
away_def_sack_rate_matchup_ewma,float64,91.2,False
away_def_sack_rate_matchup_roll5,float64,91.2,False
away_def_sack_rate_produced_ewma,float64,95.1,False
away_def_sack_rate_produced_roll5,float64,95.1,False
away_def_sack_yards_allowed_ewma,float64,99.5,False
away_def_sack_yards_allowed_roll5,float64,99.5,False
away_def_sack_yards_matchup_ewma,float64,95.2,False
away_def_sack_yards_matchup_roll5,float64,95.2,False
away_def_sack_yards_produced_ewma,float64,95.2,False
away_def_sack_yards_produced_roll5,float64,95.2,False
away_def_sacks_allowed_ewma,float64,99.5,False
away_def_sacks_allowed_roll5,float64,99.5,False
away_def_sacks_matchup_ewma,float64,95.2,False
away_def_sacks_matchup_roll5,float64,95.2,False
away_def_sacks_produced_ewma,float64,95.2,False
away_def_sacks_produced_roll5,float64,95.2,False
away_def_safeties_allowed_ewma,float64,99.5,False
away_def_safeties_allowed_roll5,float64,99.5,False
away_def_safeties_matchup_ewma,float64,95.2,False
away_def_safeties_matchup_roll5,float64,95.2,False
away_def_safeties_produced_ewma,float64,95.2,False
away_def_safeties_produced_roll5,float64,95.2,False
away_def_tackle_assists_allowed_ewma,float64,99.5,False
away_def_tackle_assists_allowed_roll5,float64,99.5,False
away_def_tackle_assists_matchup_ewma,float64,95.2,False
away_def_tackle_assists_matchup_roll5,float64,95.2,False
away_def_tackle_assists_produced_ewma,float64,95.2,False
away_def_tackle_assists_produced_roll5,float64,95.2,False
away_def_tackles_for_loss_allowed_ewma,float64,99.5,False
away_def_tackles_for_loss_allowed_roll5,float64,99.5,False
away_def_tackles_for_loss_matchup_ewma,float64,95.2,False
away_def_tackles_for_loss_matchup_roll5,float64,95.2,False
away_def_tackles_for_loss_produced_ewma,float64,95.2,False
away_def_tackles_for_loss_produced_roll5,float64,95.2,False
away_def_tackles_for_loss_rate_allowed_ewma,float64,95.1,False
away_def_tackles_for_loss_rate_allowed_roll5,float64,95.1,False
away_def_tackles_for_loss_rate_matchup_ewma,float64,91.2,False
away_def_tackles_for_loss_rate_matchup_roll5,float64,91.2,False
away_def_tackles_for_loss_rate_produced_ewma,float64,95.1,False
away_def_tackles_for_loss_rate_produced_roll5,float64,95.1,False
away_def_tackles_for_loss_yards_allowed_ewma,float64,99.5,False
away_def_tackles_for_loss_yards_allowed_roll5,float64,99.5,False
away_def_tackles_for_loss_yards_matchup_ewma,float64,95.2,False
away_def_tackles_for_loss_yards_matchup_roll5,float64,95.2,False
away_def_tackles_for_loss_yards_produced_ewma,float64,95.2,False
away_def_tackles_for_loss_yards_produced_roll5,float64,95.2,False
away_def_tackles_solo_allowed_ewma,float64,99.5,False
away_def_tackles_solo_allowed_roll5,float64,99.5,False
away_def_tackles_solo_matchup_ewma,float64,95.2,False
away_def_tackles_solo_matchup_roll5,float64,95.2,False
away_def_tackles_solo_produced_ewma,float64,95.2,False
away_def_tackles_solo_produced_roll5,float64,95.2,False
away_def_tackles_with_assist_allowed_ewma,float64,99.5,False
away_def_tackles_with_assist_allowed_roll5,float64,99.5,False
away_def_tackles_with_assist_matchup_ewma,float64,95.2,False
away_def_tackles_with_assist_matchup_roll5,float64,95.2,False
away_def_tackles_with_assist_produced_ewma,float64,95.2,False
away_def_tackles_with_assist_produced_roll5,float64,95.2,False
away_def_tds_allowed_ewma,float64,99.5,False
away_def_tds_allowed_roll5,float64,99.5,False
away_def_tds_matchup_ewma,float64,95.2,False
away_def_tds_matchup_roll5,float64,95.2,False
away_def_tds_produced_ewma,float64,95.2,False
away_def_tds_produced_roll5,float64,95.2,False
away_fg_att_allowed_ewma,float64,99.5,False
away_fg_att_allowed_roll5,float64,99.5,False
away_fg_att_matchup_ewma,float64,95.2,False
away_fg_att_matchup_roll5,float64,95.2,False
away_fg_att_produced_ewma,float64,95.2,False
away_fg_att_produced_roll5,float64,95.2,False
away_fg_blocked_allowed_ewma,float64,99.5,False
away_fg_blocked_allowed_roll5,float64,99.5,False
away_fg_blocked_distance_allowed_ewma,float64,99.5,False
away_fg_blocked_distance_allowed_roll5,float64,99.5,False
away_fg_blocked_distance_matchup_ewma,float64,95.2,False
away_fg_blocked_distance_matchup_roll5,float64,95.2,False
away_fg_blocked_distance_produced_ewma,float64,95.2,False
away_fg_blocked_distance_produced_roll5,float64,95.2,False
away_fg_blocked_list_allowed_ewma,float64,83.9,False
away_fg_blocked_list_allowed_roll5,float64,15.4,False
away_fg_blocked_list_matchup_ewma,float64,75.9,False
away_fg_blocked_list_matchup_roll5,float64,3.0,False
away_fg_blocked_list_produced_ewma,float64,84.9,False
away_fg_blocked_list_produced_roll5,float64,16.4,False
away_fg_blocked_matchup_ewma,float64,95.2,False
away_fg_blocked_matchup_roll5,float64,95.2,False
away_fg_blocked_produced_ewma,float64,95.2,False
away_fg_blocked_produced_roll5,float64,95.2,False
away_fg_long_allowed_ewma,float64,99.4,False
away_fg_long_allowed_roll5,float64,99.4,False
away_fg_long_matchup_ewma,float64,94.9,False
away_fg_long_matchup_roll5,float64,94.9,False
away_fg_long_produced_ewma,float64,95.1,False
away_fg_long_produced_roll5,float64,95.1,False
away_fg_made_0_19_allowed_ewma,float64,99.5,False
away_fg_made_0_19_allowed_roll5,float64,99.5,False
away_fg_made_0_19_matchup_ewma,float64,95.2,False
away_fg_made_0_19_matchup_roll5,float64,95.2,False
away_fg_made_0_19_produced_ewma,float64,95.2,False
away_fg_made_0_19_produced_roll5,float64,95.2,False
away_fg_made_20_29_allowed_ewma,float64,99.5,False
away_fg_made_20_29_allowed_roll5,float64,99.5,False
away_fg_made_20_29_matchup_ewma,float64,95.2,False
away_fg_made_20_29_matchup_roll5,float64,95.2,False
away_fg_made_20_29_produced_ewma,float64,95.2,False
away_fg_made_20_29_produced_roll5,float64,95.2,False
away_fg_made_30_39_allowed_ewma,float64,99.5,False
away_fg_made_30_39_allowed_roll5,float64,99.5,False
away_fg_made_30_39_matchup_ewma,float64,95.2,False
away_fg_made_30_39_matchup_roll5,float64,95.2,False
away_fg_made_30_39_produced_ewma,float64,95.2,False
away_fg_made_30_39_produced_roll5,float64,95.2,False
away_fg_made_40_49_allowed_ewma,float64,99.5,False
away_fg_made_40_49_allowed_roll5,float64,99.5,False
away_fg_made_40_49_matchup_ewma,float64,95.2,False
away_fg_made_40_49_matchup_roll5,float64,95.2,False
away_fg_made_40_49_produced_ewma,float64,95.2,False
away_fg_made_40_49_produced_roll5,float64,95.2,False
away_fg_made_50_59_allowed_ewma,float64,99.5,False
away_fg_made_50_59_allowed_roll5,float64,99.5,False
away_fg_made_50_59_matchup_ewma,float64,95.2,False
away_fg_made_50_59_matchup_roll5,float64,95.2,False
away_fg_made_50_59_produced_ewma,float64,95.2,False
away_fg_made_50_59_produced_roll5,float64,95.2,False
away_fg_made_60__allowed_ewma,float64,99.5,False
away_fg_made_60__allowed_roll5,float64,99.5,False
away_fg_made_60__matchup_ewma,float64,95.2,False
away_fg_made_60__matchup_roll5,float64,95.2,False
away_fg_made_60__produced_ewma,float64,95.2,False
away_fg_made_60__produced_roll5,float64,95.2,False
away_fg_made_allowed_ewma,float64,99.5,False
away_fg_made_allowed_roll5,float64,99.5,False
away_fg_made_distance_allowed_ewma,float64,99.5,False
away_fg_made_distance_allowed_roll5,float64,99.5,False
away_fg_made_distance_matchup_ewma,float64,95.2,False
away_fg_made_distance_matchup_roll5,float64,95.2,False
away_fg_made_distance_produced_ewma,float64,95.2,False
away_fg_made_distance_produced_roll5,float64,95.2,False
away_fg_made_list_allowed_ewma,float64,98.9,False
away_fg_made_list_allowed_roll5,float64,82.9,False
away_fg_made_list_matchup_ewma,float64,94.0,False
away_fg_made_list_matchup_roll5,float64,67.2,False
away_fg_made_list_produced_ewma,float64,94.4,False
away_fg_made_list_produced_roll5,float64,80.1,False
away_fg_made_matchup_ewma,float64,95.2,False
away_fg_made_matchup_roll5,float64,95.2,False
away_fg_made_produced_ewma,float64,95.2,False
away_fg_made_produced_roll5,float64,95.2,False
away_fg_missed_0_19_allowed_ewma,float64,99.5,True
away_fg_missed_0_19_allowed_roll5,float64,99.5,True
away_fg_missed_0_19_matchup_ewma,float64,95.2,True
away_fg_missed_0_19_matchup_roll5,float64,95.2,True
away_fg_missed_0_19_produced_ewma,float64,95.2,True
away_fg_missed_0_19_produced_roll5,float64,95.2,True
away_fg_missed_20_29_allowed_ewma,float64,99.5,False
away_fg_missed_20_29_allowed_roll5,float64,99.5,False
away_fg_missed_20_29_matchup_ewma,float64,95.2,False
away_fg_missed_20_29_matchup_roll5,float64,95.2,False
away_fg_missed_20_29_produced_ewma,float64,95.2,False
away_fg_missed_20_29_produced_roll5,float64,95.2,False
away_fg_missed_30_39_allowed_ewma,float64,99.5,False
away_fg_missed_30_39_allowed_roll5,float64,99.5,False
away_fg_missed_30_39_matchup_ewma,float64,95.2,False
away_fg_missed_30_39_matchup_roll5,float64,95.2,False
away_fg_missed_30_39_produced_ewma,float64,95.2,False
away_fg_missed_30_39_produced_roll5,float64,95.2,False
away_fg_missed_40_49_allowed_ewma,float64,99.5,False
away_fg_missed_40_49_allowed_roll5,float64,99.5,False
away_fg_missed_40_49_matchup_ewma,float64,95.2,False
away_fg_missed_40_49_matchup_roll5,float64,95.2,False
away_fg_missed_40_49_produced_ewma,float64,95.2,False
away_fg_missed_40_49_produced_roll5,float64,95.2,False
away_fg_missed_50_59_allowed_ewma,float64,99.5,False
away_fg_missed_50_59_allowed_roll5,float64,99.5,False
away_fg_missed_50_59_matchup_ewma,float64,95.2,False
away_fg_missed_50_59_matchup_roll5,float64,95.2,False
away_fg_missed_50_59_produced_ewma,float64,95.2,False
away_fg_missed_50_59_produced_roll5,float64,95.2,False
away_fg_missed_60__allowed_ewma,float64,99.5,False
away_fg_missed_60__allowed_roll5,float64,99.5,False
away_fg_missed_60__matchup_ewma,float64,95.2,False
away_fg_missed_60__matchup_roll5,float64,95.2,False
away_fg_missed_60__produced_ewma,float64,95.2,False
away_fg_missed_60__produced_roll5,float64,95.2,False
away_fg_missed_allowed_ewma,float64,99.5,False
away_fg_missed_allowed_roll5,float64,99.5,False
away_fg_missed_distance_allowed_ewma,float64,99.5,False
away_fg_missed_distance_allowed_roll5,float64,99.5,False
away_fg_missed_distance_matchup_ewma,float64,95.2,False
away_fg_missed_distance_matchup_roll5,float64,95.2,False
away_fg_missed_distance_produced_ewma,float64,95.2,False
away_fg_missed_distance_produced_roll5,float64,95.2,False
away_fg_missed_list_allowed_ewma,float64,97.7,False
away_fg_missed_list_allowed_roll5,float64,64.8,False
away_fg_missed_list_matchup_ewma,float64,92.5,False
away_fg_missed_list_matchup_roll5,float64,41.5,False
away_fg_missed_list_produced_ewma,float64,93.7,False
away_fg_missed_list_produced_roll5,float64,64.0,False
away_fg_missed_matchup_ewma,float64,95.2,False
away_fg_missed_matchup_roll5,float64,95.2,False
away_fg_missed_produced_ewma,float64,95.2,False
away_fg_missed_produced_roll5,float64,95.2,False
away_fg_pct_allowed_ewma,float64,99.5,False
away_fg_pct_allowed_roll5,float64,99.4,False
away_fg_pct_matchup_ewma,float64,95.1,False
away_fg_pct_matchup_roll5,float64,95.1,False
away_fg_pct_produced_ewma,float64,95.2,False
away_fg_pct_produced_roll5,float64,95.2,False
away_fumble_recovery_opp_allowed_ewma,float64,99.5,False
away_fumble_recovery_opp_allowed_roll5,float64,99.5,False
away_fumble_recovery_opp_matchup_ewma,float64,95.2,False
away_fumble_recovery_opp_matchup_roll5,float64,95.2,False
away_fumble_recovery_opp_produced_ewma,float64,95.2,False
away_fumble_recovery_opp_produced_roll5,float64,95.2,False
away_fumble_recovery_own_allowed_ewma,float64,99.5,False
away_fumble_recovery_own_allowed_roll5,float64,99.5,False
away_fumble_recovery_own_matchup_ewma,float64,95.2,False
away_fumble_recovery_own_matchup_roll5,float64,95.2,False
away_fumble_recovery_own_produced_ewma,float64,95.2,False
away_fumble_recovery_own_produced_roll5,float64,95.2,False
away_fumble_recovery_tds_allowed_ewma,float64,99.5,False
away_fumble_recovery_tds_allowed_roll5,float64,99.5,False
away_fumble_recovery_tds_matchup_ewma,float64,95.2,False
away_fumble_recovery_tds_matchup_roll5,float64,95.2,False
away_fumble_recovery_tds_produced_ewma,float64,95.2,False
away_fumble_recovery_tds_produced_roll5,float64,95.2,False
away_fumble_recovery_yards_opp_allowed_ewma,float64,99.5,False
away_fumble_recovery_yards_opp_allowed_roll5,float64,99.5,False
away_fumble_recovery_yards_opp_matchup_ewma,float64,95.2,False
away_fumble_recovery_yards_opp_matchup_roll5,float64,95.2,False
away_fumble_recovery_yards_opp_produced_ewma,float64,95.2,False
away_fumble_recovery_yards_opp_produced_roll5,float64,95.2,False
away_fumble_recovery_yards_own_allowed_ewma,float64,99.5,False
away_fumble_recovery_yards_own_allowed_roll5,float64,99.5,False
away_fumble_recovery_yards_own_matchup_ewma,float64,95.2,False
away_fumble_recovery_yards_own_matchup_roll5,float64,95.2,False
away_fumble_recovery_yards_own_produced_ewma,float64,95.2,False
away_fumble_recovery_yards_own_produced_roll5,float64,95.2,False
away_fumbles_forced_by_opp_allowed_ewma,float64,99.5,False
away_fumbles_forced_by_opp_allowed_roll5,float64,99.5,False
away_fumbles_forced_by_opp_matchup_ewma,float64,95.2,False
away_fumbles_forced_by_opp_matchup_roll5,float64,95.2,False
away_fumbles_forced_by_opp_produced_ewma,float64,95.2,False
away_fumbles_forced_by_opp_produced_roll5,float64,95.2,False
away_fumbles_lost_total_allowed_ewma,float64,99.5,False
away_fumbles_lost_total_allowed_roll5,float64,99.5,False
away_fumbles_lost_total_matchup_ewma,float64,95.2,False
away_fumbles_lost_total_matchup_roll5,float64,95.2,False
away_fumbles_lost_total_produced_ewma,float64,95.2,False
away_fumbles_lost_total_produced_roll5,float64,95.2,False
away_fumbles_not_forced_allowed_ewma,float64,99.5,False
away_fumbles_not_forced_allowed_roll5,float64,99.5,False
away_fumbles_not_forced_matchup_ewma,float64,95.2,False
away_fumbles_not_forced_matchup_roll5,float64,95.2,False
away_fumbles_not_forced_produced_ewma,float64,95.2,False
away_fumbles_not_forced_produced_roll5,float64,95.2,False
away_fumbles_out_of_bounds_allowed_ewma,float64,99.5,False
away_fumbles_out_of_bounds_allowed_roll5,float64,99.5,False
away_fumbles_out_of_bounds_matchup_ewma,float64,95.2,False
away_fumbles_out_of_bounds_matchup_roll5,float64,95.2,False
away_fumbles_out_of_bounds_produced_ewma,float64,95.2,False
away_fumbles_out_of_bounds_produced_roll5,float64,95.2,False
away_fumbles_total_allowed_ewma,float64,99.5,False
away_fumbles_total_allowed_roll5,float64,99.5,False
away_fumbles_total_matchup_ewma,float64,95.2,False
away_fumbles_total_matchup_roll5,float64,95.2,False
away_fumbles_total_produced_ewma,float64,95.2,False
away_fumbles_total_produced_roll5,float64,95.2,False
away_gwfg_att_allowed_ewma,float64,99.5,False
away_gwfg_att_allowed_roll5,float64,99.5,False
away_gwfg_att_matchup_ewma,float64,95.2,False
away_gwfg_att_matchup_roll5,float64,95.2,False
away_gwfg_att_produced_ewma,float64,95.2,False
away_gwfg_att_produced_roll5,float64,95.2,False
away_gwfg_blocked_allowed_ewma,float64,99.5,False
away_gwfg_blocked_allowed_roll5,float64,99.5,False
away_gwfg_blocked_matchup_ewma,float64,95.2,False
away_gwfg_blocked_matchup_roll5,float64,95.2,False
away_gwfg_blocked_produced_ewma,float64,95.2,False
away_gwfg_blocked_produced_roll5,float64,95.2,False
away_gwfg_distance_allowed_ewma,float64,99.5,False
away_gwfg_distance_allowed_roll5,float64,99.5,False
away_gwfg_distance_matchup_ewma,float64,95.2,False
away_gwfg_distance_matchup_roll5,float64,95.2,False
away_gwfg_distance_produced_ewma,float64,95.2,False
away_gwfg_distance_produced_roll5,float64,95.2,False
away_gwfg_made_allowed_ewma,float64,99.5,False
away_gwfg_made_allowed_roll5,float64,99.5,False
away_gwfg_made_matchup_ewma,float64,95.2,False
away_gwfg_made_matchup_roll5,float64,95.2,False
away_gwfg_made_produced_ewma,float64,95.2,False
away_gwfg_made_produced_roll5,float64,95.2,False
away_gwfg_missed_allowed_ewma,float64,99.5,False
away_gwfg_missed_allowed_roll5,float64,99.5,False
away_gwfg_missed_matchup_ewma,float64,95.2,False
away_gwfg_missed_matchup_roll5,float64,95.2,False
away_gwfg_missed_produced_ewma,float64,95.2,False
away_gwfg_missed_produced_roll5,float64,95.2,False
away_kickoff_return_yards_allowed_ewma,float64,99.5,False
away_kickoff_return_yards_allowed_roll5,float64,99.5,False
away_kickoff_return_yards_matchup_ewma,float64,95.2,False
away_kickoff_return_yards_matchup_roll5,float64,95.2,False
away_kickoff_return_yards_produced_ewma,float64,95.2,False
away_kickoff_return_yards_produced_roll5,float64,95.2,False
away_kickoff_returns_allowed_ewma,float64,99.5,False
away_kickoff_returns_allowed_roll5,float64,99.5,False
away_kickoff_returns_matchup_ewma,float64,95.2,False
away_kickoff_returns_matchup_roll5,float64,95.2,False
away_kickoff_returns_produced_ewma,float64,95.2,False
away_kickoff_returns_produced_roll5,float64,95.2,False
away_misc_yards_allowed_ewma,float64,99.5,False
away_misc_yards_allowed_roll5,float64,99.5,False
away_misc_yards_matchup_ewma,float64,95.2,False
away_misc_yards_matchup_roll5,float64,95.2,False
away_misc_yards_produced_ewma,float64,95.2,False
away_misc_yards_produced_roll5,float64,95.2,False
away_moneyline,float64,100.0,False
away_passing_10_allowed_ewma,float64,99.5,False
away_passing_10_allowed_roll5,float64,99.5,False
away_passing_10_matchup_ewma,float64,95.2,False
away_passing_10_matchup_roll5,float64,95.2,False
away_passing_10_produced_ewma,float64,95.2,False
away_passing_10_produced_roll5,float64,95.2,False
away_passing_16_allowed_ewma,float64,99.5,False
away_passing_16_allowed_roll5,float64,99.5,False
away_passing_16_matchup_ewma,float64,95.2,False
away_passing_16_matchup_roll5,float64,95.2,False
away_passing_16_produced_ewma,float64,95.2,False
away_passing_16_produced_roll5,float64,95.2,False
away_passing_20_allowed_ewma,float64,99.5,False
away_passing_20_allowed_roll5,float64,99.5,False
away_passing_20_matchup_ewma,float64,95.2,False
away_passing_20_matchup_roll5,float64,95.2,False
away_passing_20_produced_ewma,float64,95.2,False
away_passing_20_produced_roll5,float64,95.2,False
away_passing_2pt_conversions_allowed_ewma,float64,99.5,False
away_passing_2pt_conversions_allowed_roll5,float64,99.5,False
away_passing_2pt_conversions_matchup_ewma,float64,95.2,False
away_passing_2pt_conversions_matchup_roll5,float64,95.2,False
away_passing_2pt_conversions_produced_ewma,float64,95.2,False
away_passing_2pt_conversions_produced_roll5,float64,95.2,False
away_passing_40_allowed_ewma,float64,99.5,False
away_passing_40_allowed_roll5,float64,99.5,False
away_passing_40_matchup_ewma,float64,95.2,False
away_passing_40_matchup_roll5,float64,95.2,False
away_passing_40_produced_ewma,float64,95.2,False
away_passing_40_produced_roll5,float64,95.2,False
away_passing_air_yards_allowed_ewma,float64,99.5,False
away_passing_air_yards_allowed_roll5,float64,99.5,False
away_passing_air_yards_matchup_ewma,float64,95.2,False
away_passing_air_yards_matchup_roll5,float64,95.2,False
away_passing_air_yards_per_attempt_allowed_ewma,float64,99.5,False
away_passing_air_yards_per_attempt_allowed_roll5,float64,99.5,False
away_passing_air_yards_per_attempt_matchup_ewma,float64,95.2,False
away_passing_air_yards_per_attempt_matchup_roll5,float64,95.2,False
away_passing_air_yards_per_attempt_produced_ewma,float64,95.2,False
away_passing_air_yards_per_attempt_produced_roll5,float64,95.2,False
away_passing_air_yards_produced_ewma,float64,95.2,False
away_passing_air_yards_produced_roll5,float64,95.2,False
away_passing_cpoe_allowed_ewma,float64,99.5,False
away_passing_cpoe_allowed_roll5,float64,99.5,False
away_passing_cpoe_matchup_ewma,float64,95.2,False
away_passing_cpoe_matchup_roll5,float64,95.2,False
away_passing_cpoe_produced_ewma,float64,95.2,False
away_passing_cpoe_produced_roll5,float64,95.2,False
away_passing_epa_allowed_ewma,float64,99.5,False
away_passing_epa_allowed_roll5,float64,99.5,False
away_passing_epa_matchup_ewma,float64,95.2,False
away_passing_epa_matchup_roll5,float64,95.2,False
away_passing_epa_per_play_allowed_ewma,float64,99.5,False
away_passing_epa_per_play_allowed_roll5,float64,99.5,False
away_passing_epa_per_play_matchup_ewma,float64,95.2,False
away_passing_epa_per_play_matchup_roll5,float64,95.2,False
away_passing_epa_per_play_produced_ewma,float64,95.2,False
away_passing_epa_per_play_produced_roll5,float64,95.2,False
away_passing_epa_produced_ewma,float64,95.2,False
away_passing_epa_produced_roll5,float64,95.2,False
away_passing_first_down_rate_allowed_ewma,float64,99.5,False
away_passing_first_down_rate_allowed_roll5,float64,99.5,False
away_passing_first_down_rate_matchup_ewma,float64,95.2,False
away_passing_first_down_rate_matchup_roll5,float64,95.2,False
away_passing_first_down_rate_produced_ewma,float64,95.2,False
away_passing_first_down_rate_produced_roll5,float64,95.2,False
away_passing_first_downs_allowed_ewma,float64,99.5,False
away_passing_first_downs_allowed_roll5,float64,99.5,False
away_passing_first_downs_matchup_ewma,float64,95.2,False
away_passing_first_downs_matchup_roll5,float64,95.2,False
away_passing_first_downs_produced_ewma,float64,95.2,False
away_passing_first_downs_produced_roll5,float64,95.2,False
away_passing_interception_rate_allowed_ewma,float64,99.5,False
away_passing_interception_rate_allowed_roll5,float64,99.5,False
away_passing_interception_rate_matchup_ewma,float64,95.2,False
away_passing_interception_rate_matchup_roll5,float64,95.2,False
away_passing_interception_rate_produced_ewma,float64,95.2,False
away_passing_interception_rate_produced_roll5,float64,95.2,False
away_passing_interceptions_allowed_ewma,float64,99.5,False
away_passing_interceptions_allowed_roll5,float64,99.5,False
away_passing_interceptions_matchup_ewma,float64,95.2,False
away_passing_interceptions_matchup_roll5,float64,95.2,False
away_passing_interceptions_produced_ewma,float64,95.2,False
away_passing_interceptions_produced_roll5,float64,95.2,False
away_passing_td_rate_allowed_ewma,float64,99.5,False
away_passing_td_rate_allowed_roll5,float64,99.5,False
away_passing_td_rate_matchup_ewma,float64,95.2,False
away_passing_td_rate_matchup_roll5,float64,95.2,False
away_passing_td_rate_produced_ewma,float64,95.2,False
away_passing_td_rate_produced_roll5,float64,95.2,False
away_passing_tds_allowed_ewma,float64,99.5,False
away_passing_tds_allowed_roll5,float64,99.5,False
away_passing_tds_matchup_ewma,float64,95.2,False
away_passing_tds_matchup_roll5,float64,95.2,False
away_passing_tds_produced_ewma,float64,95.2,False
away_passing_tds_produced_roll5,float64,95.2,False
away_passing_yac_per_completion_allowed_ewma,float64,99.5,False
away_passing_yac_per_completion_allowed_roll5,float64,99.5,False
away_passing_yac_per_completion_matchup_ewma,float64,95.2,False
away_passing_yac_per_completion_matchup_roll5,float64,95.2,False
away_passing_yac_per_completion_produced_ewma,float64,95.2,False
away_passing_yac_per_completion_produced_roll5,float64,95.2,False
away_passing_yards_after_catch_allowed_ewma,float64,99.5,False
away_passing_yards_after_catch_allowed_roll5,float64,99.5,False
away_passing_yards_after_catch_matchup_ewma,float64,95.2,False
away_passing_yards_after_catch_matchup_roll5,float64,95.2,False
away_passing_yards_after_catch_produced_ewma,float64,95.2,False
away_passing_yards_after_catch_produced_roll5,float64,95.2,False
away_passing_yards_allowed_ewma,float64,99.5,False
away_passing_yards_allowed_roll5,float64,99.5,False
away_passing_yards_matchup_ewma,float64,95.2,False
away_passing_yards_matchup_roll5,float64,95.2,False
away_passing_yards_produced_ewma,float64,95.2,False
away_passing_yards_produced_roll5,float64,95.2,False
away_pat_att_allowed_ewma,float64,99.5,False
away_pat_att_allowed_roll5,float64,99.5,False
away_pat_att_matchup_ewma,float64,95.2,False
away_pat_att_matchup_roll5,float64,95.2,False
away_pat_att_produced_ewma,float64,95.2,False
away_pat_att_produced_roll5,float64,95.2,False
away_pat_blocked_allowed_ewma,float64,99.5,False
away_pat_blocked_allowed_roll5,float64,99.5,False
away_pat_blocked_matchup_ewma,float64,95.2,False
away_pat_blocked_matchup_roll5,float64,95.2,False
away_pat_blocked_produced_ewma,float64,95.2,False
away_pat_blocked_produced_roll5,float64,95.2,False
away_pat_made_allowed_ewma,float64,99.5,False
away_pat_made_allowed_roll5,float64,99.5,False
away_pat_made_matchup_ewma,float64,95.2,False
away_pat_made_matchup_roll5,float64,95.2,False
away_pat_made_produced_ewma,float64,95.2,False
away_pat_made_produced_roll5,float64,95.2,False
away_pat_missed_allowed_ewma,float64,99.5,False
away_pat_missed_allowed_roll5,float64,99.5,False
away_pat_missed_matchup_ewma,float64,95.2,False
away_pat_missed_matchup_roll5,float64,95.2,False
away_pat_missed_produced_ewma,float64,95.2,False
away_pat_missed_produced_roll5,float64,95.2,False
away_pat_pct_allowed_ewma,float64,99.4,False
away_pat_pct_allowed_roll5,float64,99.4,False
away_pat_pct_matchup_ewma,float64,95.1,False
away_pat_pct_matchup_roll5,float64,95.1,False
away_pat_pct_produced_ewma,float64,95.1,False
away_pat_pct_produced_roll5,float64,95.1,False
away_penalties_allowed_ewma,float64,99.5,False
away_penalties_allowed_roll5,float64,99.5,False
away_penalties_matchup_ewma,float64,95.2,False
away_penalties_matchup_roll5,float64,95.2,False
away_penalties_produced_ewma,float64,95.2,False
away_penalties_produced_roll5,float64,95.2,False
away_penalty_yards_allowed_ewma,float64,99.5,False
away_penalty_yards_allowed_roll5,float64,99.5,False
away_penalty_yards_matchup_ewma,float64,95.2,False
away_penalty_yards_matchup_roll5,float64,95.2,False
away_penalty_yards_produced_ewma,float64,95.2,False
away_penalty_yards_produced_roll5,float64,95.2,False
away_pfr_def_def_adot_allowed_ewma,float64,50.5,False
away_pfr_def_def_adot_allowed_roll5,float64,50.5,False
away_pfr_def_def_adot_matchup_ewma,float64,50.1,False
away_pfr_def_def_adot_matchup_roll5,float64,50.1,False
away_pfr_def_def_adot_produced_ewma,float64,50.2,False
away_pfr_def_def_adot_produced_roll5,float64,50.2,False
away_pfr_def_def_air_yards_completed_allowed_ewma,float64,50.5,False
away_pfr_def_def_air_yards_completed_allowed_roll5,float64,50.5,False
away_pfr_def_def_air_yards_completed_matchup_ewma,float64,50.1,False
away_pfr_def_def_air_yards_completed_matchup_roll5,float64,50.1,False
away_pfr_def_def_air_yards_completed_produced_ewma,float64,50.2,False
away_pfr_def_def_air_yards_completed_produced_roll5,float64,50.2,False
away_pfr_def_def_completion_pct_allowed_ewma,float64,50.5,False
away_pfr_def_def_completion_pct_allowed_roll5,float64,50.5,False
away_pfr_def_def_completion_pct_matchup_ewma,float64,50.1,False
away_pfr_def_def_completion_pct_matchup_roll5,float64,50.1,False
away_pfr_def_def_completion_pct_produced_ewma,float64,50.2,False
away_pfr_def_def_completion_pct_produced_roll5,float64,50.2,False
away_pfr_def_def_completions_allowed_allowed_ewma,float64,50.5,False
away_pfr_def_def_completions_allowed_allowed_roll5,float64,50.5,False
away_pfr_def_def_completions_allowed_matchup_ewma,float64,50.1,False
away_pfr_def_def_completions_allowed_matchup_roll5,float64,50.1,False
away_pfr_def_def_completions_allowed_produced_ewma,float64,50.2,False
away_pfr_def_def_completions_allowed_produced_roll5,float64,50.2,False
away_pfr_def_def_ints_allowed_ewma,float64,50.5,False
away_pfr_def_def_ints_allowed_roll5,float64,50.5,False
away_pfr_def_def_ints_matchup_ewma,float64,50.1,False
away_pfr_def_def_ints_matchup_roll5,float64,50.1,False
away_pfr_def_def_ints_produced_ewma,float64,50.2,False
away_pfr_def_def_ints_produced_roll5,float64,50.2,False
away_pfr_def_def_missed_tackle_pct_allowed_ewma,float64,50.5,False
away_pfr_def_def_missed_tackle_pct_allowed_roll5,float64,50.5,False
away_pfr_def_def_missed_tackle_pct_matchup_ewma,float64,50.1,False
away_pfr_def_def_missed_tackle_pct_matchup_roll5,float64,50.1,False
away_pfr_def_def_missed_tackle_pct_produced_ewma,float64,50.2,False
away_pfr_def_def_missed_tackle_pct_produced_roll5,float64,50.2,False
away_pfr_def_def_missed_tackles_allowed_ewma,float64,50.5,False
away_pfr_def_def_missed_tackles_allowed_roll5,float64,50.5,False
away_pfr_def_def_missed_tackles_matchup_ewma,float64,50.1,False
away_pfr_def_def_missed_tackles_matchup_roll5,float64,50.1,False
away_pfr_def_def_missed_tackles_produced_ewma,float64,50.2,False
away_pfr_def_def_missed_tackles_produced_roll5,float64,50.2,False
away_pfr_def_def_passer_rating_allowed_allowed_ewma,float64,50.5,False
away_pfr_def_def_passer_rating_allowed_allowed_roll5,float64,50.5,False
away_pfr_def_def_passer_rating_allowed_matchup_ewma,float64,50.1,False
away_pfr_def_def_passer_rating_allowed_matchup_roll5,float64,50.1,False
away_pfr_def_def_passer_rating_allowed_produced_ewma,float64,50.2,False
away_pfr_def_def_passer_rating_allowed_produced_roll5,float64,50.2,False
away_pfr_def_def_pressures_allowed_ewma,float64,50.5,False
away_pfr_def_def_pressures_allowed_roll5,float64,50.5,False
away_pfr_def_def_pressures_matchup_ewma,float64,50.1,False
away_pfr_def_def_pressures_matchup_roll5,float64,50.1,False
away_pfr_def_def_pressures_produced_ewma,float64,50.2,False
away_pfr_def_def_pressures_produced_roll5,float64,50.2,False
away_pfr_def_def_receiving_td_allowed_allowed_ewma,float64,50.5,False
away_pfr_def_def_receiving_td_allowed_allowed_roll5,float64,50.5,False
away_pfr_def_def_receiving_td_allowed_matchup_ewma,float64,50.1,False
away_pfr_def_def_receiving_td_allowed_matchup_roll5,float64,50.1,False
away_pfr_def_def_receiving_td_allowed_produced_ewma,float64,50.2,False
away_pfr_def_def_receiving_td_allowed_produced_roll5,float64,50.2,False
away_pfr_def_def_sacks_allowed_ewma,float64,50.5,False
away_pfr_def_def_sacks_allowed_roll5,float64,50.5,False
away_pfr_def_def_sacks_matchup_ewma,float64,50.1,False
away_pfr_def_def_sacks_matchup_roll5,float64,50.1,False
away_pfr_def_def_sacks_produced_ewma,float64,50.2,False
away_pfr_def_def_sacks_produced_roll5,float64,50.2,False
away_pfr_def_def_tackles_combined_allowed_ewma,float64,50.5,False
away_pfr_def_def_tackles_combined_allowed_roll5,float64,50.5,False
away_pfr_def_def_tackles_combined_matchup_ewma,float64,50.1,False
away_pfr_def_def_tackles_combined_matchup_roll5,float64,50.1,False
away_pfr_def_def_tackles_combined_produced_ewma,float64,50.2,False
away_pfr_def_def_tackles_combined_produced_roll5,float64,50.2,False
away_pfr_def_def_targets_allowed_ewma,float64,50.5,False
away_pfr_def_def_targets_allowed_roll5,float64,50.5,False
away_pfr_def_def_targets_matchup_ewma,float64,50.1,False
away_pfr_def_def_targets_matchup_roll5,float64,50.1,False
away_pfr_def_def_targets_produced_ewma,float64,50.2,False
away_pfr_def_def_targets_produced_roll5,float64,50.2,False
away_pfr_def_def_times_blitzed_allowed_ewma,float64,50.5,False
away_pfr_def_def_times_blitzed_allowed_roll5,float64,50.5,False
away_pfr_def_def_times_blitzed_matchup_ewma,float64,50.1,False
away_pfr_def_def_times_blitzed_matchup_roll5,float64,50.1,False
away_pfr_def_def_times_blitzed_produced_ewma,float64,50.2,False
away_pfr_def_def_times_blitzed_produced_roll5,float64,50.2,False
away_pfr_def_def_times_hitqb_allowed_ewma,float64,50.5,False
away_pfr_def_def_times_hitqb_allowed_roll5,float64,50.5,False
away_pfr_def_def_times_hitqb_matchup_ewma,float64,50.1,False
away_pfr_def_def_times_hitqb_matchup_roll5,float64,50.1,False
away_pfr_def_def_times_hitqb_produced_ewma,float64,50.2,False
away_pfr_def_def_times_hitqb_produced_roll5,float64,50.2,False
away_pfr_def_def_times_hurried_allowed_ewma,float64,50.5,False
away_pfr_def_def_times_hurried_allowed_roll5,float64,50.5,False
away_pfr_def_def_times_hurried_matchup_ewma,float64,50.1,False
away_pfr_def_def_times_hurried_matchup_roll5,float64,50.1,False
away_pfr_def_def_times_hurried_produced_ewma,float64,50.2,False
away_pfr_def_def_times_hurried_produced_roll5,float64,50.2,False
away_pfr_def_def_yards_after_catch_allowed_ewma,float64,50.5,False
away_pfr_def_def_yards_after_catch_allowed_roll5,float64,50.5,False
away_pfr_def_def_yards_after_catch_matchup_ewma,float64,50.1,False
away_pfr_def_def_yards_after_catch_matchup_roll5,float64,50.1,False
away_pfr_def_def_yards_after_catch_produced_ewma,float64,50.2,False
away_pfr_def_def_yards_after_catch_produced_roll5,float64,50.2,False
away_pfr_def_def_yards_allowed_allowed_ewma,float64,50.5,False
away_pfr_def_def_yards_allowed_allowed_roll5,float64,50.5,False
away_pfr_def_def_yards_allowed_matchup_ewma,float64,50.1,False
away_pfr_def_def_yards_allowed_matchup_roll5,float64,50.1,False
away_pfr_def_def_yards_allowed_per_cmp_allowed_ewma,float64,50.5,False
away_pfr_def_def_yards_allowed_per_cmp_allowed_roll5,float64,50.5,False
away_pfr_def_def_yards_allowed_per_cmp_matchup_ewma,float64,50.1,False
away_pfr_def_def_yards_allowed_per_cmp_matchup_roll5,float64,50.1,False
away_pfr_def_def_yards_allowed_per_cmp_produced_ewma,float64,50.2,False
away_pfr_def_def_yards_allowed_per_cmp_produced_roll5,float64,50.2,False
away_pfr_def_def_yards_allowed_per_tgt_allowed_ewma,float64,50.5,False
away_pfr_def_def_yards_allowed_per_tgt_allowed_roll5,float64,50.5,False
away_pfr_def_def_yards_allowed_per_tgt_matchup_ewma,float64,50.1,False
away_pfr_def_def_yards_allowed_per_tgt_matchup_roll5,float64,50.1,False
away_pfr_def_def_yards_allowed_per_tgt_produced_ewma,float64,50.2,False
away_pfr_def_def_yards_allowed_per_tgt_produced_roll5,float64,50.2,False
away_pfr_def_def_yards_allowed_produced_ewma,float64,50.2,False
away_pfr_def_def_yards_allowed_produced_roll5,float64,50.2,False
away_pfr_pass_def_times_blitzed_allowed_ewma,float64,0.0,True
away_pfr_pass_def_times_blitzed_allowed_roll5,float64,0.0,True
away_pfr_pass_def_times_blitzed_matchup_ewma,float64,0.0,True
away_pfr_pass_def_times_blitzed_matchup_roll5,float64,0.0,True
away_pfr_pass_def_times_blitzed_produced_ewma,float64,0.0,True
away_pfr_pass_def_times_blitzed_produced_roll5,float64,0.0,True
away_pfr_pass_def_times_hitqb_allowed_ewma,float64,0.0,True
away_pfr_pass_def_times_hitqb_allowed_roll5,float64,0.0,True
away_pfr_pass_def_times_hitqb_matchup_ewma,float64,0.0,True
away_pfr_pass_def_times_hitqb_matchup_roll5,float64,0.0,True
away_pfr_pass_def_times_hitqb_produced_ewma,float64,0.0,True
away_pfr_pass_def_times_hitqb_produced_roll5,float64,0.0,True
away_pfr_pass_def_times_hurried_allowed_ewma,float64,0.0,True
away_pfr_pass_def_times_hurried_allowed_roll5,float64,0.0,True
away_pfr_pass_def_times_hurried_matchup_ewma,float64,0.0,True
away_pfr_pass_def_times_hurried_matchup_roll5,float64,0.0,True
away_pfr_pass_def_times_hurried_produced_ewma,float64,0.0,True
away_pfr_pass_def_times_hurried_produced_roll5,float64,0.0,True
away_pfr_pass_passing_bad_throw_pct_allowed_ewma,float64,50.5,False
away_pfr_pass_passing_bad_throw_pct_allowed_roll5,float64,50.5,False
away_pfr_pass_passing_bad_throw_pct_matchup_ewma,float64,50.1,False
away_pfr_pass_passing_bad_throw_pct_matchup_roll5,float64,50.1,False
away_pfr_pass_passing_bad_throw_pct_produced_ewma,float64,50.2,False
away_pfr_pass_passing_bad_throw_pct_produced_roll5,float64,50.2,False
away_pfr_pass_passing_bad_throws_allowed_ewma,float64,50.5,False
away_pfr_pass_passing_bad_throws_allowed_roll5,float64,50.5,False
away_pfr_pass_passing_bad_throws_matchup_ewma,float64,50.1,False
away_pfr_pass_passing_bad_throws_matchup_roll5,float64,50.1,False
away_pfr_pass_passing_bad_throws_produced_ewma,float64,50.2,False
away_pfr_pass_passing_bad_throws_produced_roll5,float64,50.2,False
away_pfr_pass_passing_drop_pct_allowed_ewma,float64,50.5,False
away_pfr_pass_passing_drop_pct_allowed_roll5,float64,50.5,False
away_pfr_pass_passing_drop_pct_matchup_ewma,float64,50.1,False
away_pfr_pass_passing_drop_pct_matchup_roll5,float64,50.1,False
away_pfr_pass_passing_drop_pct_produced_ewma,float64,50.2,False
away_pfr_pass_passing_drop_pct_produced_roll5,float64,50.2,False
away_pfr_pass_passing_drops_allowed_ewma,float64,50.5,False
away_pfr_pass_passing_drops_allowed_roll5,float64,50.5,False
away_pfr_pass_passing_drops_matchup_ewma,float64,50.1,False
away_pfr_pass_passing_drops_matchup_roll5,float64,50.1,False
away_pfr_pass_passing_drops_produced_ewma,float64,50.2,False
away_pfr_pass_passing_drops_produced_roll5,float64,50.2,False
away_pfr_pass_receiving_drop_allowed_ewma,float64,0.0,True
away_pfr_pass_receiving_drop_allowed_roll5,float64,0.0,True
away_pfr_pass_receiving_drop_matchup_ewma,float64,0.0,True
away_pfr_pass_receiving_drop_matchup_roll5,float64,0.0,True
away_pfr_pass_receiving_drop_pct_allowed_ewma,float64,0.0,True
away_pfr_pass_receiving_drop_pct_allowed_roll5,float64,0.0,True
away_pfr_pass_receiving_drop_pct_matchup_ewma,float64,0.0,True
away_pfr_pass_receiving_drop_pct_matchup_roll5,float64,0.0,True
away_pfr_pass_receiving_drop_pct_produced_ewma,float64,0.0,True
away_pfr_pass_receiving_drop_pct_produced_roll5,float64,0.0,True
away_pfr_pass_receiving_drop_produced_ewma,float64,0.0,True
away_pfr_pass_receiving_drop_produced_roll5,float64,0.0,True
away_pfr_pass_times_blitzed_allowed_ewma,float64,50.5,False
away_pfr_pass_times_blitzed_allowed_roll5,float64,50.5,False
away_pfr_pass_times_blitzed_matchup_ewma,float64,50.1,False
away_pfr_pass_times_blitzed_matchup_roll5,float64,50.1,False
away_pfr_pass_times_blitzed_produced_ewma,float64,50.2,False
away_pfr_pass_times_blitzed_produced_roll5,float64,50.2,False
away_pfr_pass_times_hit_allowed_ewma,float64,50.5,False
away_pfr_pass_times_hit_allowed_roll5,float64,50.5,False
away_pfr_pass_times_hit_matchup_ewma,float64,50.1,False
away_pfr_pass_times_hit_matchup_roll5,float64,50.1,False
away_pfr_pass_times_hit_produced_ewma,float64,50.2,False
away_pfr_pass_times_hit_produced_roll5,float64,50.2,False
away_pfr_pass_times_hurried_allowed_ewma,float64,50.5,False
away_pfr_pass_times_hurried_allowed_roll5,float64,50.5,False
away_pfr_pass_times_hurried_matchup_ewma,float64,50.1,False
away_pfr_pass_times_hurried_matchup_roll5,float64,50.1,False
away_pfr_pass_times_hurried_produced_ewma,float64,50.2,False
away_pfr_pass_times_hurried_produced_roll5,float64,50.2,False
away_pfr_pass_times_pressured_allowed_ewma,float64,50.5,False
away_pfr_pass_times_pressured_allowed_roll5,float64,50.5,False
away_pfr_pass_times_pressured_matchup_ewma,float64,50.1,False
away_pfr_pass_times_pressured_matchup_roll5,float64,50.1,False
away_pfr_pass_times_pressured_pct_allowed_ewma,float64,50.5,False
away_pfr_pass_times_pressured_pct_allowed_roll5,float64,50.5,False
away_pfr_pass_times_pressured_pct_matchup_ewma,float64,50.1,False
away_pfr_pass_times_pressured_pct_matchup_roll5,float64,50.1,False
away_pfr_pass_times_pressured_pct_produced_ewma,float64,50.2,False
away_pfr_pass_times_pressured_pct_produced_roll5,float64,50.2,False
away_pfr_pass_times_pressured_produced_ewma,float64,50.2,False
away_pfr_pass_times_pressured_produced_roll5,float64,50.2,False
away_pfr_pass_times_sacked_allowed_ewma,float64,50.5,False
away_pfr_pass_times_sacked_allowed_roll5,float64,50.5,False
away_pfr_pass_times_sacked_matchup_ewma,float64,50.1,False
away_pfr_pass_times_sacked_matchup_roll5,float64,50.1,False
away_pfr_pass_times_sacked_produced_ewma,float64,50.2,False
away_pfr_pass_times_sacked_produced_roll5,float64,50.2,False
away_pfr_rec_passing_drop_pct_allowed_ewma,float64,0.0,True
away_pfr_rec_passing_drop_pct_allowed_roll5,float64,0.0,True
away_pfr_rec_passing_drop_pct_matchup_ewma,float64,0.0,True
away_pfr_rec_passing_drop_pct_matchup_roll5,float64,0.0,True
away_pfr_rec_passing_drop_pct_produced_ewma,float64,0.0,True
away_pfr_rec_passing_drop_pct_produced_roll5,float64,0.0,True
away_pfr_rec_passing_drops_allowed_ewma,float64,0.0,True
away_pfr_rec_passing_drops_allowed_roll5,float64,0.0,True
away_pfr_rec_passing_drops_matchup_ewma,float64,0.0,True
away_pfr_rec_passing_drops_matchup_roll5,float64,0.0,True
away_pfr_rec_passing_drops_produced_ewma,float64,0.0,True
away_pfr_rec_passing_drops_produced_roll5,float64,0.0,True
away_pfr_rec_receiving_broken_tackles_allowed_ewma,float64,50.5,False
away_pfr_rec_receiving_broken_tackles_allowed_roll5,float64,50.5,False
away_pfr_rec_receiving_broken_tackles_matchup_ewma,float64,50.1,False
away_pfr_rec_receiving_broken_tackles_matchup_roll5,float64,50.1,False
away_pfr_rec_receiving_broken_tackles_produced_ewma,float64,50.2,False
away_pfr_rec_receiving_broken_tackles_produced_roll5,float64,50.2,False
away_pfr_rec_receiving_drop_allowed_ewma,float64,50.5,False
away_pfr_rec_receiving_drop_allowed_roll5,float64,50.5,False
away_pfr_rec_receiving_drop_matchup_ewma,float64,50.1,False
away_pfr_rec_receiving_drop_matchup_roll5,float64,50.1,False
away_pfr_rec_receiving_drop_pct_allowed_ewma,float64,50.5,False
away_pfr_rec_receiving_drop_pct_allowed_roll5,float64,50.5,False
away_pfr_rec_receiving_drop_pct_matchup_ewma,float64,50.1,False
away_pfr_rec_receiving_drop_pct_matchup_roll5,float64,50.1,False
away_pfr_rec_receiving_drop_pct_produced_ewma,float64,50.2,False
away_pfr_rec_receiving_drop_pct_produced_roll5,float64,50.2,False
away_pfr_rec_receiving_drop_produced_ewma,float64,50.2,False
away_pfr_rec_receiving_drop_produced_roll5,float64,50.2,False
away_pfr_rec_receiving_int_allowed_ewma,float64,50.5,False
away_pfr_rec_receiving_int_allowed_roll5,float64,50.5,False
away_pfr_rec_receiving_int_matchup_ewma,float64,50.1,False
away_pfr_rec_receiving_int_matchup_roll5,float64,50.1,False
away_pfr_rec_receiving_int_produced_ewma,float64,50.2,False
away_pfr_rec_receiving_int_produced_roll5,float64,50.2,False
away_pfr_rec_receiving_rat_allowed_ewma,float64,50.5,False
away_pfr_rec_receiving_rat_allowed_roll5,float64,50.5,False
away_pfr_rec_receiving_rat_matchup_ewma,float64,50.1,False
away_pfr_rec_receiving_rat_matchup_roll5,float64,50.1,False
away_pfr_rec_receiving_rat_produced_ewma,float64,50.2,False
away_pfr_rec_receiving_rat_produced_roll5,float64,50.2,False
away_pfr_rec_rushing_broken_tackles_allowed_ewma,float64,0.0,True
away_pfr_rec_rushing_broken_tackles_allowed_roll5,float64,0.0,True
away_pfr_rec_rushing_broken_tackles_matchup_ewma,float64,0.0,True
away_pfr_rec_rushing_broken_tackles_matchup_roll5,float64,0.0,True
away_pfr_rec_rushing_broken_tackles_produced_ewma,float64,0.0,True
away_pfr_rec_rushing_broken_tackles_produced_roll5,float64,0.0,True
away_pfr_rush_carries_allowed_ewma,float64,50.5,False
away_pfr_rush_carries_allowed_roll5,float64,50.5,False
away_pfr_rush_carries_matchup_ewma,float64,50.1,False
away_pfr_rush_carries_matchup_roll5,float64,50.1,False
away_pfr_rush_carries_produced_ewma,float64,50.2,False
away_pfr_rush_carries_produced_roll5,float64,50.2,False
away_pfr_rush_receiving_broken_tackles_allowed_ewma,float64,0.0,True
away_pfr_rush_receiving_broken_tackles_allowed_roll5,float64,0.0,True
away_pfr_rush_receiving_broken_tackles_matchup_ewma,float64,0.0,True
away_pfr_rush_receiving_broken_tackles_matchup_roll5,float64,0.0,True
away_pfr_rush_receiving_broken_tackles_produced_ewma,float64,0.0,True
away_pfr_rush_receiving_broken_tackles_produced_roll5,float64,0.0,True
away_pfr_rush_rushing_broken_tackles_allowed_ewma,float64,50.5,False
away_pfr_rush_rushing_broken_tackles_allowed_roll5,float64,50.5,False
away_pfr_rush_rushing_broken_tackles_matchup_ewma,float64,50.1,False
away_pfr_rush_rushing_broken_tackles_matchup_roll5,float64,50.1,False
away_pfr_rush_rushing_broken_tackles_produced_ewma,float64,50.2,False
away_pfr_rush_rushing_broken_tackles_produced_roll5,float64,50.2,False
away_pfr_rush_rushing_yards_after_contact_allowed_ewma,float64,50.5,False
away_pfr_rush_rushing_yards_after_contact_allowed_roll5,float64,50.5,False
away_pfr_rush_rushing_yards_after_contact_avg_allowed_ewma,float64,50.5,False
away_pfr_rush_rushing_yards_after_contact_avg_allowed_roll5,float64,50.5,False
away_pfr_rush_rushing_yards_after_contact_avg_matchup_ewma,float64,50.1,False
away_pfr_rush_rushing_yards_after_contact_avg_matchup_roll5,float64,50.1,False
away_pfr_rush_rushing_yards_after_contact_avg_produced_ewma,float64,50.2,False
away_pfr_rush_rushing_yards_after_contact_avg_produced_roll5,float64,50.2,False
away_pfr_rush_rushing_yards_after_contact_matchup_ewma,float64,50.1,False
away_pfr_rush_rushing_yards_after_contact_matchup_roll5,float64,50.1,False
away_pfr_rush_rushing_yards_after_contact_produced_ewma,float64,50.2,False
away_pfr_rush_rushing_yards_after_contact_produced_roll5,float64,50.2,False
away_pfr_rush_rushing_yards_before_contact_allowed_ewma,float64,50.5,False
away_pfr_rush_rushing_yards_before_contact_allowed_roll5,float64,50.5,False
away_pfr_rush_rushing_yards_before_contact_avg_allowed_ewma,float64,50.5,False
away_pfr_rush_rushing_yards_before_contact_avg_allowed_roll5,float64,50.5,False
away_pfr_rush_rushing_yards_before_contact_avg_matchup_ewma,float64,50.1,False
away_pfr_rush_rushing_yards_before_contact_avg_matchup_roll5,float64,50.1,False
away_pfr_rush_rushing_yards_before_contact_avg_produced_ewma,float64,50.2,False
away_pfr_rush_rushing_yards_before_contact_avg_produced_roll5,float64,50.2,False
away_pfr_rush_rushing_yards_before_contact_matchup_ewma,float64,50.1,False
away_pfr_rush_rushing_yards_before_contact_matchup_roll5,float64,50.1,False
away_pfr_rush_rushing_yards_before_contact_produced_ewma,float64,50.2,False
away_pfr_rush_rushing_yards_before_contact_produced_roll5,float64,50.2,False
away_pt_att_allowed_ewma,float64,99.5,False
away_pt_att_allowed_roll5,float64,99.5,False
away_pt_att_matchup_ewma,float64,95.2,False
away_pt_att_matchup_roll5,float64,95.2,False
away_pt_att_produced_ewma,float64,95.2,False
away_pt_att_produced_roll5,float64,95.2,False
away_pt_blocked_allowed_ewma,float64,99.5,False
away_pt_blocked_allowed_roll5,float64,99.5,False
away_pt_blocked_matchup_ewma,float64,95.2,False
away_pt_blocked_matchup_roll5,float64,95.2,False
away_pt_blocked_produced_ewma,float64,95.2,False
away_pt_blocked_produced_roll5,float64,95.2,False
away_pt_downed_allowed_ewma,float64,99.5,False
away_pt_downed_allowed_roll5,float64,99.5,False
away_pt_downed_matchup_ewma,float64,95.2,False
away_pt_downed_matchup_roll5,float64,95.2,False
away_pt_downed_produced_ewma,float64,95.2,False
away_pt_downed_produced_roll5,float64,95.2,False
away_pt_fair_caught_allowed_ewma,float64,99.5,False
away_pt_fair_caught_allowed_roll5,float64,99.5,False
away_pt_fair_caught_matchup_ewma,float64,95.2,False
away_pt_fair_caught_matchup_roll5,float64,95.2,False
away_pt_fair_caught_produced_ewma,float64,95.2,False
away_pt_fair_caught_produced_roll5,float64,95.2,False
away_pt_inside_20_allowed_ewma,float64,99.5,False
away_pt_inside_20_allowed_roll5,float64,99.5,False
away_pt_inside_20_matchup_ewma,float64,95.2,False
away_pt_inside_20_matchup_roll5,float64,95.2,False
away_pt_inside_20_produced_ewma,float64,95.2,False
away_pt_inside_20_produced_roll5,float64,95.2,False
away_pt_long_allowed_ewma,float64,99.5,False
away_pt_long_allowed_roll5,float64,99.5,False
away_pt_long_matchup_ewma,float64,95.2,False
away_pt_long_matchup_roll5,float64,95.2,False
away_pt_long_produced_ewma,float64,95.2,False
away_pt_long_produced_roll5,float64,95.2,False
away_pt_net_yards_allowed_ewma,float64,99.5,False
away_pt_net_yards_allowed_roll5,float64,99.5,False
away_pt_net_yards_matchup_ewma,float64,95.2,False
away_pt_net_yards_matchup_roll5,float64,95.2,False
away_pt_net_yards_produced_ewma,float64,95.2,False
away_pt_net_yards_produced_roll5,float64,95.2,False
away_pt_out_of_bounds_allowed_ewma,float64,99.5,False
away_pt_out_of_bounds_allowed_roll5,float64,99.5,False
away_pt_out_of_bounds_matchup_ewma,float64,95.2,False
away_pt_out_of_bounds_matchup_roll5,float64,95.2,False
away_pt_out_of_bounds_produced_ewma,float64,95.2,False
away_pt_out_of_bounds_produced_roll5,float64,95.2,False
away_pt_return_tds_allowed_ewma,float64,99.5,False
away_pt_return_tds_allowed_roll5,float64,99.5,False
away_pt_return_tds_matchup_ewma,float64,95.2,False
away_pt_return_tds_matchup_roll5,float64,95.2,False
away_pt_return_tds_produced_ewma,float64,95.2,False
away_pt_return_tds_produced_roll5,float64,95.2,False
away_pt_return_yards_allowed_ewma,float64,99.5,False
away_pt_return_yards_allowed_roll5,float64,99.5,False
away_pt_return_yards_matchup_ewma,float64,95.2,False
away_pt_return_yards_matchup_roll5,float64,95.2,False
away_pt_return_yards_produced_ewma,float64,95.2,False
away_pt_return_yards_produced_roll5,float64,95.2,False
away_pt_returned_allowed_ewma,float64,99.5,False
away_pt_returned_allowed_roll5,float64,99.5,False
away_pt_returned_matchup_ewma,float64,95.2,False
away_pt_returned_matchup_roll5,float64,95.2,False
away_pt_returned_produced_ewma,float64,95.2,False
away_pt_returned_produced_roll5,float64,95.2,False
away_pt_touchback_allowed_ewma,float64,99.5,False
away_pt_touchback_allowed_roll5,float64,99.5,False
away_pt_touchback_matchup_ewma,float64,95.2,False
away_pt_touchback_matchup_roll5,float64,95.2,False
away_pt_touchback_produced_ewma,float64,95.2,False
away_pt_touchback_produced_roll5,float64,95.2,False
away_pt_yards_allowed_ewma,float64,99.5,False
away_pt_yards_allowed_roll5,float64,99.5,False
away_pt_yards_matchup_ewma,float64,95.2,False
away_pt_yards_matchup_roll5,float64,95.2,False
away_pt_yards_produced_ewma,float64,95.2,False
away_pt_yards_produced_roll5,float64,95.2,False
away_punt_return_yards_allowed_ewma,float64,99.5,False
away_punt_return_yards_allowed_roll5,float64,99.5,False
away_punt_return_yards_matchup_ewma,float64,95.2,False
away_punt_return_yards_matchup_roll5,float64,95.2,False
away_punt_return_yards_produced_ewma,float64,95.2,False
away_punt_return_yards_produced_roll5,float64,95.2,False
away_punt_returns_allowed_ewma,float64,99.5,False
away_punt_returns_allowed_roll5,float64,99.5,False
away_punt_returns_matchup_ewma,float64,95.2,False
away_punt_returns_matchup_roll5,float64,95.2,False
away_punt_returns_produced_ewma,float64,95.2,False
away_punt_returns_produced_roll5,float64,95.2,False
away_receiving_10_allowed_ewma,float64,99.5,False
away_receiving_10_allowed_roll5,float64,99.5,False
away_receiving_10_matchup_ewma,float64,95.2,False
away_receiving_10_matchup_roll5,float64,95.2,False
away_receiving_10_produced_ewma,float64,95.2,False
away_receiving_10_produced_roll5,float64,95.2,False
away_receiving_16_allowed_ewma,float64,99.5,False
away_receiving_16_allowed_roll5,float64,99.5,False
away_receiving_16_matchup_ewma,float64,95.2,False
away_receiving_16_matchup_roll5,float64,95.2,False
away_receiving_16_produced_ewma,float64,95.2,False
away_receiving_16_produced_roll5,float64,95.2,False
away_receiving_20_allowed_ewma,float64,99.5,False
away_receiving_20_allowed_roll5,float64,99.5,False
away_receiving_20_matchup_ewma,float64,95.2,False
away_receiving_20_matchup_roll5,float64,95.2,False
away_receiving_20_produced_ewma,float64,95.2,False
away_receiving_20_produced_roll5,float64,95.2,False
away_receiving_2pt_conversions_allowed_ewma,float64,99.5,False
away_receiving_2pt_conversions_allowed_roll5,float64,99.5,False
away_receiving_2pt_conversions_matchup_ewma,float64,95.2,False
away_receiving_2pt_conversions_matchup_roll5,float64,95.2,False
away_receiving_2pt_conversions_produced_ewma,float64,95.2,False
away_receiving_2pt_conversions_produced_roll5,float64,95.2,False
away_receiving_40_allowed_ewma,float64,99.5,False
away_receiving_40_allowed_roll5,float64,99.5,False
away_receiving_40_matchup_ewma,float64,95.2,False
away_receiving_40_matchup_roll5,float64,95.2,False
away_receiving_40_produced_ewma,float64,95.2,False
away_receiving_40_produced_roll5,float64,95.2,False
away_receiving_air_yards_allowed_ewma,float64,99.5,False
away_receiving_air_yards_allowed_roll5,float64,99.5,False
away_receiving_air_yards_matchup_ewma,float64,95.2,False
away_receiving_air_yards_matchup_roll5,float64,95.2,False
away_receiving_air_yards_per_target_allowed_ewma,float64,99.5,False
away_receiving_air_yards_per_target_allowed_roll5,float64,99.5,False
away_receiving_air_yards_per_target_matchup_ewma,float64,95.2,False
away_receiving_air_yards_per_target_matchup_roll5,float64,95.2,False
away_receiving_air_yards_per_target_produced_ewma,float64,95.2,False
away_receiving_air_yards_per_target_produced_roll5,float64,95.2,False
away_receiving_air_yards_produced_ewma,float64,95.2,False
away_receiving_air_yards_produced_roll5,float64,95.2,False
away_receiving_epa_allowed_ewma,float64,99.5,False
away_receiving_epa_allowed_roll5,float64,99.5,False
away_receiving_epa_matchup_ewma,float64,95.2,False
away_receiving_epa_matchup_roll5,float64,95.2,False
away_receiving_epa_per_target_allowed_ewma,float64,99.5,False
away_receiving_epa_per_target_allowed_roll5,float64,99.5,False
away_receiving_epa_per_target_matchup_ewma,float64,95.2,False
away_receiving_epa_per_target_matchup_roll5,float64,95.2,False
away_receiving_epa_per_target_produced_ewma,float64,95.2,False
away_receiving_epa_per_target_produced_roll5,float64,95.2,False
away_receiving_epa_produced_ewma,float64,95.2,False
away_receiving_epa_produced_roll5,float64,95.2,False
away_receiving_first_down_rate_allowed_ewma,float64,99.5,False
away_receiving_first_down_rate_allowed_roll5,float64,99.5,False
away_receiving_first_down_rate_matchup_ewma,float64,95.2,False
away_receiving_first_down_rate_matchup_roll5,float64,95.2,False
away_receiving_first_down_rate_produced_ewma,float64,95.2,False
away_receiving_first_down_rate_produced_roll5,float64,95.2,False
away_receiving_first_downs_allowed_ewma,float64,99.5,False
away_receiving_first_downs_allowed_roll5,float64,99.5,False
away_receiving_first_downs_matchup_ewma,float64,95.2,False
away_receiving_first_downs_matchup_roll5,float64,95.2,False
away_receiving_first_downs_produced_ewma,float64,95.2,False
away_receiving_first_downs_produced_roll5,float64,95.2,False
away_receiving_fumbles_allowed_ewma,float64,99.5,False
away_receiving_fumbles_allowed_roll5,float64,99.5,False
away_receiving_fumbles_lost_allowed_ewma,float64,99.5,False
away_receiving_fumbles_lost_allowed_roll5,float64,99.5,False
away_receiving_fumbles_lost_matchup_ewma,float64,95.2,False
away_receiving_fumbles_lost_matchup_roll5,float64,95.2,False
away_receiving_fumbles_lost_produced_ewma,float64,95.2,False
away_receiving_fumbles_lost_produced_roll5,float64,95.2,False
away_receiving_fumbles_matchup_ewma,float64,95.2,False
away_receiving_fumbles_matchup_roll5,float64,95.2,False
away_receiving_fumbles_produced_ewma,float64,95.2,False
away_receiving_fumbles_produced_roll5,float64,95.2,False
away_receiving_tds_allowed_ewma,float64,99.5,False
away_receiving_tds_allowed_roll5,float64,99.5,False
away_receiving_tds_matchup_ewma,float64,95.2,False
away_receiving_tds_matchup_roll5,float64,95.2,False
away_receiving_tds_produced_ewma,float64,95.2,False
away_receiving_tds_produced_roll5,float64,95.2,False
away_receiving_yac_per_reception_allowed_ewma,float64,99.5,False
away_receiving_yac_per_reception_allowed_roll5,float64,99.5,False
away_receiving_yac_per_reception_matchup_ewma,float64,95.2,False
away_receiving_yac_per_reception_matchup_roll5,float64,95.2,False
away_receiving_yac_per_reception_produced_ewma,float64,95.2,False
away_receiving_yac_per_reception_produced_roll5,float64,95.2,False
away_receiving_yards_after_catch_allowed_ewma,float64,99.5,False
away_receiving_yards_after_catch_allowed_roll5,float64,99.5,False
away_receiving_yards_after_catch_matchup_ewma,float64,95.2,False
away_receiving_yards_after_catch_matchup_roll5,float64,95.2,False
away_receiving_yards_after_catch_produced_ewma,float64,95.2,False
away_receiving_yards_after_catch_produced_roll5,float64,95.2,False
away_receiving_yards_allowed_ewma,float64,99.5,False
away_receiving_yards_allowed_roll5,float64,99.5,False
away_receiving_yards_matchup_ewma,float64,95.2,False
away_receiving_yards_matchup_roll5,float64,95.2,False
away_receiving_yards_produced_ewma,float64,95.2,False
away_receiving_yards_produced_roll5,float64,95.2,False
away_receptions_allowed_ewma,float64,99.5,False
away_receptions_allowed_roll5,float64,99.5,False
away_receptions_matchup_ewma,float64,95.2,False
away_receptions_matchup_roll5,float64,95.2,False
away_receptions_produced_ewma,float64,95.2,False
away_receptions_produced_roll5,float64,95.2,False
away_rest,int32,100.0,False
away_rushing_10_allowed_ewma,float64,99.5,False
away_rushing_10_allowed_roll5,float64,99.5,False
away_rushing_10_matchup_ewma,float64,95.2,False
away_rushing_10_matchup_roll5,float64,95.2,False
away_rushing_10_produced_ewma,float64,95.2,False
away_rushing_10_produced_roll5,float64,95.2,False
away_rushing_12_allowed_ewma,float64,99.5,False
away_rushing_12_allowed_roll5,float64,99.5,False
away_rushing_12_matchup_ewma,float64,95.2,False
away_rushing_12_matchup_roll5,float64,95.2,False
away_rushing_12_produced_ewma,float64,95.2,False
away_rushing_12_produced_roll5,float64,95.2,False
away_rushing_20_allowed_ewma,float64,99.5,False
away_rushing_20_allowed_roll5,float64,99.5,False
away_rushing_20_matchup_ewma,float64,95.2,False
away_rushing_20_matchup_roll5,float64,95.2,False
away_rushing_20_produced_ewma,float64,95.2,False
away_rushing_20_produced_roll5,float64,95.2,False
away_rushing_2pt_conversions_allowed_ewma,float64,99.5,False
away_rushing_2pt_conversions_allowed_roll5,float64,99.5,False
away_rushing_2pt_conversions_matchup_ewma,float64,95.2,False
away_rushing_2pt_conversions_matchup_roll5,float64,95.2,False
away_rushing_2pt_conversions_produced_ewma,float64,95.2,False
away_rushing_2pt_conversions_produced_roll5,float64,95.2,False
away_rushing_40_allowed_ewma,float64,99.5,False
away_rushing_40_allowed_roll5,float64,99.5,False
away_rushing_40_matchup_ewma,float64,95.2,False
away_rushing_40_matchup_roll5,float64,95.2,False
away_rushing_40_produced_ewma,float64,95.2,False
away_rushing_40_produced_roll5,float64,95.2,False
away_rushing_epa_allowed_ewma,float64,99.5,False
away_rushing_epa_allowed_roll5,float64,99.5,False
away_rushing_epa_matchup_ewma,float64,95.2,False
away_rushing_epa_matchup_roll5,float64,95.2,False
away_rushing_epa_per_play_allowed_ewma,float64,99.5,False
away_rushing_epa_per_play_allowed_roll5,float64,99.5,False
away_rushing_epa_per_play_matchup_ewma,float64,95.2,False
away_rushing_epa_per_play_matchup_roll5,float64,95.2,False
away_rushing_epa_per_play_produced_ewma,float64,95.2,False
away_rushing_epa_per_play_produced_roll5,float64,95.2,False
away_rushing_epa_produced_ewma,float64,95.2,False
away_rushing_epa_produced_roll5,float64,95.2,False
away_rushing_first_down_rate_allowed_ewma,float64,99.5,False
away_rushing_first_down_rate_allowed_roll5,float64,99.5,False
away_rushing_first_down_rate_matchup_ewma,float64,95.2,False
away_rushing_first_down_rate_matchup_roll5,float64,95.2,False
away_rushing_first_down_rate_produced_ewma,float64,95.2,False
away_rushing_first_down_rate_produced_roll5,float64,95.2,False
away_rushing_first_downs_allowed_ewma,float64,99.5,False
away_rushing_first_downs_allowed_roll5,float64,99.5,False
away_rushing_first_downs_matchup_ewma,float64,95.2,False
away_rushing_first_downs_matchup_roll5,float64,95.2,False
away_rushing_first_downs_produced_ewma,float64,95.2,False
away_rushing_first_downs_produced_roll5,float64,95.2,False
away_rushing_fumble_rate_allowed_ewma,float64,99.5,False
away_rushing_fumble_rate_allowed_roll5,float64,99.5,False
away_rushing_fumble_rate_matchup_ewma,float64,95.2,False
away_rushing_fumble_rate_matchup_roll5,float64,95.2,False
away_rushing_fumble_rate_produced_ewma,float64,95.2,False
away_rushing_fumble_rate_produced_roll5,float64,95.2,False
away_rushing_fumbles_allowed_ewma,float64,99.5,False
away_rushing_fumbles_allowed_roll5,float64,99.5,False
away_rushing_fumbles_lost_allowed_ewma,float64,99.5,False
away_rushing_fumbles_lost_allowed_roll5,float64,99.5,False
away_rushing_fumbles_lost_matchup_ewma,float64,95.2,False
away_rushing_fumbles_lost_matchup_roll5,float64,95.2,False
away_rushing_fumbles_lost_produced_ewma,float64,95.2,False
away_rushing_fumbles_lost_produced_roll5,float64,95.2,False
away_rushing_fumbles_matchup_ewma,float64,95.2,False
away_rushing_fumbles_matchup_roll5,float64,95.2,False
away_rushing_fumbles_produced_ewma,float64,95.2,False
away_rushing_fumbles_produced_roll5,float64,95.2,False
away_rushing_td_rate_allowed_ewma,float64,99.5,False
away_rushing_td_rate_allowed_roll5,float64,99.5,False
away_rushing_td_rate_matchup_ewma,float64,95.2,False
away_rushing_td_rate_matchup_roll5,float64,95.2,False
away_rushing_td_rate_produced_ewma,float64,95.2,False
away_rushing_td_rate_produced_roll5,float64,95.2,False
away_rushing_tds_allowed_ewma,float64,99.5,False
away_rushing_tds_allowed_roll5,float64,99.5,False
away_rushing_tds_matchup_ewma,float64,95.2,False
away_rushing_tds_matchup_roll5,float64,95.2,False
away_rushing_tds_produced_ewma,float64,95.2,False
away_rushing_tds_produced_roll5,float64,95.2,False
away_rushing_yards_allowed_ewma,float64,99.5,False
away_rushing_yards_allowed_roll5,float64,99.5,False
away_rushing_yards_matchup_ewma,float64,95.2,False
away_rushing_yards_matchup_roll5,float64,95.2,False
away_rushing_yards_produced_ewma,float64,95.2,False
away_rushing_yards_produced_roll5,float64,95.2,False
away_sack_fumbles_allowed_ewma,float64,99.5,False
away_sack_fumbles_allowed_roll5,float64,99.5,False
away_sack_fumbles_lost_allowed_ewma,float64,99.5,False
away_sack_fumbles_lost_allowed_roll5,float64,99.5,False
away_sack_fumbles_lost_matchup_ewma,float64,95.2,False
away_sack_fumbles_lost_matchup_roll5,float64,95.2,False
away_sack_fumbles_lost_produced_ewma,float64,95.2,False
away_sack_fumbles_lost_produced_roll5,float64,95.2,False
away_sack_fumbles_matchup_ewma,float64,95.2,False
away_sack_fumbles_matchup_roll5,float64,95.2,False
away_sack_fumbles_produced_ewma,float64,95.2,False
away_sack_fumbles_produced_roll5,float64,95.2,False
away_sack_rate_suffered_allowed_ewma,float64,99.5,False
away_sack_rate_suffered_allowed_roll5,float64,99.5,False
away_sack_rate_suffered_matchup_ewma,float64,95.2,False
away_sack_rate_suffered_matchup_roll5,float64,95.2,False
away_sack_rate_suffered_produced_ewma,float64,95.2,False
away_sack_rate_suffered_produced_roll5,float64,95.2,False
away_sack_yards_lost_allowed_ewma,float64,99.5,False
away_sack_yards_lost_allowed_roll5,float64,99.5,False
away_sack_yards_lost_matchup_ewma,float64,95.2,False
away_sack_yards_lost_matchup_roll5,float64,95.2,False
away_sack_yards_lost_produced_ewma,float64,95.2,False
away_sack_yards_lost_produced_roll5,float64,95.2,False
away_sacks_suffered_allowed_ewma,float64,99.5,False
away_sacks_suffered_allowed_roll5,float64,99.5,False
away_sacks_suffered_matchup_ewma,float64,95.2,False
away_sacks_suffered_matchup_roll5,float64,95.2,False
away_sacks_suffered_produced_ewma,float64,95.2,False
away_sacks_suffered_produced_roll5,float64,95.2,False
away_short_week,Int64,100.0,False
away_special_teams_tds_allowed_ewma,float64,99.5,False
away_special_teams_tds_allowed_roll5,float64,99.5,False
away_special_teams_tds_matchup_ewma,float64,95.2,False
away_special_teams_tds_matchup_roll5,float64,95.2,False
away_special_teams_tds_produced_ewma,float64,95.2,False
away_special_teams_tds_produced_roll5,float64,95.2,False
away_spread_odds,float64,100.0,False
away_targets_allowed_ewma,float64,99.5,False
away_targets_allowed_roll5,float64,99.5,False
away_targets_matchup_ewma,float64,95.2,False
away_targets_matchup_roll5,float64,95.2,False
away_targets_produced_ewma,float64,95.2,False
away_targets_produced_roll5,float64,95.2,False
away_timeouts_allowed_ewma,float64,99.5,False
away_timeouts_allowed_roll5,float64,99.5,False
away_timeouts_matchup_ewma,float64,95.2,False
away_timeouts_matchup_roll5,float64,95.2,False
away_timeouts_produced_ewma,float64,95.2,False
away_timeouts_produced_roll5,float64,95.2,False
away_total_offense_epa_per_play_allowed_ewma,float64,99.5,False
away_total_offense_epa_per_play_allowed_roll5,float64,99.5,False
away_total_offense_epa_per_play_matchup_ewma,float64,95.2,False
away_total_offense_epa_per_play_matchup_roll5,float64,95.2,False
away_total_offense_epa_per_play_produced_ewma,float64,95.2,False
away_total_offense_epa_per_play_produced_roll5,float64,95.2,False
away_yards_per_carry_allowed_ewma,float64,99.5,False
away_yards_per_carry_allowed_roll5,float64,99.5,False
away_yards_per_carry_matchup_ewma,float64,95.2,False
away_yards_per_carry_matchup_roll5,float64,95.2,False
away_yards_per_carry_produced_ewma,float64,95.2,False
away_yards_per_carry_produced_roll5,float64,95.2,False
away_yards_per_pass_attempt_allowed_ewma,float64,99.5,False
away_yards_per_pass_attempt_allowed_roll5,float64,99.5,False
away_yards_per_pass_attempt_matchup_ewma,float64,95.2,False
away_yards_per_pass_attempt_matchup_roll5,float64,95.2,False
away_yards_per_pass_attempt_produced_ewma,float64,95.2,False
away_yards_per_pass_attempt_produced_roll5,float64,95.2,False
diff_attempts_allowed_ewma,float64,99.5,False
diff_attempts_allowed_roll5,float64,99.5,False
diff_attempts_matchup_ewma,float64,91.2,False
diff_attempts_matchup_roll5,float64,91.2,False
diff_attempts_produced_ewma,float64,91.2,False
diff_attempts_produced_roll5,float64,91.2,False
diff_carries_allowed_ewma,float64,99.5,False
diff_carries_allowed_roll5,float64,99.5,False
diff_carries_matchup_ewma,float64,91.2,False
diff_carries_matchup_roll5,float64,91.2,False
diff_carries_produced_ewma,float64,91.2,False
diff_carries_produced_roll5,float64,91.2,False
diff_catch_rate_allowed_ewma,float64,99.5,False
diff_catch_rate_allowed_roll5,float64,99.5,False
diff_catch_rate_matchup_ewma,float64,91.2,False
diff_catch_rate_matchup_roll5,float64,91.2,False
diff_catch_rate_produced_ewma,float64,91.2,False
diff_catch_rate_produced_roll5,float64,91.2,False
diff_completion_pct_allowed_ewma,float64,99.5,False
diff_completion_pct_allowed_roll5,float64,99.5,False
diff_completion_pct_matchup_ewma,float64,91.2,False
diff_completion_pct_matchup_roll5,float64,91.2,False
diff_completion_pct_produced_ewma,float64,91.2,False
diff_completion_pct_produced_roll5,float64,91.2,False
diff_completions_allowed_ewma,float64,99.5,False
diff_completions_allowed_roll5,float64,99.5,False
diff_completions_matchup_ewma,float64,91.2,False
diff_completions_matchup_roll5,float64,91.2,False
diff_completions_produced_ewma,float64,91.2,False
diff_completions_produced_roll5,float64,91.2,False
diff_def_2pt_atts_allowed_ewma,float64,99.5,False
diff_def_2pt_atts_allowed_roll5,float64,99.5,False
diff_def_2pt_atts_matchup_ewma,float64,91.2,False
diff_def_2pt_atts_matchup_roll5,float64,91.2,False
diff_def_2pt_atts_produced_ewma,float64,91.2,False
diff_def_2pt_atts_produced_roll5,float64,91.2,False
diff_def_2pt_made_allowed_ewma,float64,99.5,False
diff_def_2pt_made_allowed_roll5,float64,99.5,False
diff_def_2pt_made_matchup_ewma,float64,91.2,False
diff_def_2pt_made_matchup_roll5,float64,91.2,False
diff_def_2pt_made_produced_ewma,float64,91.2,False
diff_def_2pt_made_produced_roll5,float64,91.2,False
diff_def_fg_blocks_allowed_ewma,float64,99.5,False
diff_def_fg_blocks_allowed_roll5,float64,99.5,False
diff_def_fg_blocks_matchup_ewma,float64,91.2,False
diff_def_fg_blocks_matchup_roll5,float64,91.2,False
diff_def_fg_blocks_produced_ewma,float64,91.2,False
diff_def_fg_blocks_produced_roll5,float64,91.2,False
diff_def_fumbles_allowed_ewma,float64,99.5,False
diff_def_fumbles_allowed_roll5,float64,99.5,False
diff_def_fumbles_forced_allowed_ewma,float64,99.5,False
diff_def_fumbles_forced_allowed_roll5,float64,99.5,False
diff_def_fumbles_forced_matchup_ewma,float64,91.2,False
diff_def_fumbles_forced_matchup_roll5,float64,91.2,False
diff_def_fumbles_forced_produced_ewma,float64,91.2,False
diff_def_fumbles_forced_produced_roll5,float64,91.2,False
diff_def_fumbles_matchup_ewma,float64,91.2,False
diff_def_fumbles_matchup_roll5,float64,91.2,False
diff_def_fumbles_produced_ewma,float64,91.2,False
diff_def_fumbles_produced_roll5,float64,91.2,False
diff_def_interception_rate_allowed_ewma,float64,91.2,False
diff_def_interception_rate_allowed_roll5,float64,91.2,False
diff_def_interception_rate_matchup_ewma,float64,91.2,False
diff_def_interception_rate_matchup_roll5,float64,91.2,False
diff_def_interception_rate_produced_ewma,float64,91.2,False
diff_def_interception_rate_produced_roll5,float64,91.2,False
diff_def_interception_yards_allowed_ewma,float64,99.5,False
diff_def_interception_yards_allowed_roll5,float64,99.5,False
diff_def_interception_yards_matchup_ewma,float64,91.2,False
diff_def_interception_yards_matchup_roll5,float64,91.2,False
diff_def_interception_yards_produced_ewma,float64,91.2,False
diff_def_interception_yards_produced_roll5,float64,91.2,False
diff_def_interceptions_allowed_ewma,float64,99.5,False
diff_def_interceptions_allowed_roll5,float64,99.5,False
diff_def_interceptions_matchup_ewma,float64,91.2,False
diff_def_interceptions_matchup_roll5,float64,91.2,False
diff_def_interceptions_produced_ewma,float64,91.2,False
diff_def_interceptions_produced_roll5,float64,91.2,False
diff_def_pass_defended_allowed_ewma,float64,99.5,False
diff_def_pass_defended_allowed_roll5,float64,99.5,False
diff_def_pass_defended_matchup_ewma,float64,91.2,False
diff_def_pass_defended_matchup_roll5,float64,91.2,False
diff_def_pass_defended_produced_ewma,float64,91.2,False
diff_def_pass_defended_produced_roll5,float64,91.2,False
diff_def_pass_defended_rate_allowed_ewma,float64,91.2,False
diff_def_pass_defended_rate_allowed_roll5,float64,91.2,False
diff_def_pass_defended_rate_matchup_ewma,float64,91.2,False
diff_def_pass_defended_rate_matchup_roll5,float64,91.2,False
diff_def_pass_defended_rate_produced_ewma,float64,91.2,False
diff_def_pass_defended_rate_produced_roll5,float64,91.2,False
diff_def_pat_blocks_allowed_ewma,float64,99.5,False
diff_def_pat_blocks_allowed_roll5,float64,99.5,False
diff_def_pat_blocks_matchup_ewma,float64,91.2,False
diff_def_pat_blocks_matchup_roll5,float64,91.2,False
diff_def_pat_blocks_produced_ewma,float64,91.2,False
diff_def_pat_blocks_produced_roll5,float64,91.2,False
diff_def_punt_blocks_allowed_ewma,float64,99.5,False
diff_def_punt_blocks_allowed_roll5,float64,99.5,False
diff_def_punt_blocks_matchup_ewma,float64,91.2,False
diff_def_punt_blocks_matchup_roll5,float64,91.2,False
diff_def_punt_blocks_produced_ewma,float64,91.2,False
diff_def_punt_blocks_produced_roll5,float64,91.2,False
diff_def_qb_hit_rate_allowed_ewma,float64,91.2,False
diff_def_qb_hit_rate_allowed_roll5,float64,91.2,False
diff_def_qb_hit_rate_matchup_ewma,float64,91.2,False
diff_def_qb_hit_rate_matchup_roll5,float64,91.2,False
diff_def_qb_hit_rate_produced_ewma,float64,91.2,False
diff_def_qb_hit_rate_produced_roll5,float64,91.2,False
diff_def_qb_hits_allowed_ewma,float64,99.5,False
diff_def_qb_hits_allowed_roll5,float64,99.5,False
diff_def_qb_hits_matchup_ewma,float64,91.2,False
diff_def_qb_hits_matchup_roll5,float64,91.2,False
diff_def_qb_hits_produced_ewma,float64,91.2,False
diff_def_qb_hits_produced_roll5,float64,91.2,False
diff_def_sack_rate_allowed_ewma,float64,91.2,False
diff_def_sack_rate_allowed_roll5,float64,91.2,False
diff_def_sack_rate_matchup_ewma,float64,91.2,False
diff_def_sack_rate_matchup_roll5,float64,91.2,False
diff_def_sack_rate_produced_ewma,float64,91.2,False
diff_def_sack_rate_produced_roll5,float64,91.2,False
diff_def_sack_yards_allowed_ewma,float64,99.5,False
diff_def_sack_yards_allowed_roll5,float64,99.5,False
diff_def_sack_yards_matchup_ewma,float64,91.2,False
diff_def_sack_yards_matchup_roll5,float64,91.2,False
diff_def_sack_yards_produced_ewma,float64,91.2,False
diff_def_sack_yards_produced_roll5,float64,91.2,False
diff_def_sacks_allowed_ewma,float64,99.5,False
diff_def_sacks_allowed_roll5,float64,99.5,False
diff_def_sacks_matchup_ewma,float64,91.2,False
diff_def_sacks_matchup_roll5,float64,91.2,False
diff_def_sacks_produced_ewma,float64,91.2,False
diff_def_sacks_produced_roll5,float64,91.2,False
diff_def_safeties_allowed_ewma,float64,99.5,False
diff_def_safeties_allowed_roll5,float64,99.5,False
diff_def_safeties_matchup_ewma,float64,91.2,False
diff_def_safeties_matchup_roll5,float64,91.2,False
diff_def_safeties_produced_ewma,float64,91.2,False
diff_def_safeties_produced_roll5,float64,91.2,False
diff_def_tackle_assists_allowed_ewma,float64,99.5,False
diff_def_tackle_assists_allowed_roll5,float64,99.5,False
diff_def_tackle_assists_matchup_ewma,float64,91.2,False
diff_def_tackle_assists_matchup_roll5,float64,91.2,False
diff_def_tackle_assists_produced_ewma,float64,91.2,False
diff_def_tackle_assists_produced_roll5,float64,91.2,False
diff_def_tackles_for_loss_allowed_ewma,float64,99.5,False
diff_def_tackles_for_loss_allowed_roll5,float64,99.5,False
diff_def_tackles_for_loss_matchup_ewma,float64,91.2,False
diff_def_tackles_for_loss_matchup_roll5,float64,91.2,False
diff_def_tackles_for_loss_produced_ewma,float64,91.2,False
diff_def_tackles_for_loss_produced_roll5,float64,91.2,False
diff_def_tackles_for_loss_rate_allowed_ewma,float64,91.2,False
diff_def_tackles_for_loss_rate_allowed_roll5,float64,91.2,False
diff_def_tackles_for_loss_rate_matchup_ewma,float64,91.2,False
diff_def_tackles_for_loss_rate_matchup_roll5,float64,91.2,False
diff_def_tackles_for_loss_rate_produced_ewma,float64,91.2,False
diff_def_tackles_for_loss_rate_produced_roll5,float64,91.2,False
diff_def_tackles_for_loss_yards_allowed_ewma,float64,99.5,False
diff_def_tackles_for_loss_yards_allowed_roll5,float64,99.5,False
diff_def_tackles_for_loss_yards_matchup_ewma,float64,91.2,False
diff_def_tackles_for_loss_yards_matchup_roll5,float64,91.2,False
diff_def_tackles_for_loss_yards_produced_ewma,float64,91.2,False
diff_def_tackles_for_loss_yards_produced_roll5,float64,91.2,False
diff_def_tackles_solo_allowed_ewma,float64,99.5,False
diff_def_tackles_solo_allowed_roll5,float64,99.5,False
diff_def_tackles_solo_matchup_ewma,float64,91.2,False
diff_def_tackles_solo_matchup_roll5,float64,91.2,False
diff_def_tackles_solo_produced_ewma,float64,91.2,False
diff_def_tackles_solo_produced_roll5,float64,91.2,False
diff_def_tackles_with_assist_allowed_ewma,float64,99.5,False
diff_def_tackles_with_assist_allowed_roll5,float64,99.5,False
diff_def_tackles_with_assist_matchup_ewma,float64,91.2,False
diff_def_tackles_with_assist_matchup_roll5,float64,91.2,False
diff_def_tackles_with_assist_produced_ewma,float64,91.2,False
diff_def_tackles_with_assist_produced_roll5,float64,91.2,False
diff_def_tds_allowed_ewma,float64,99.5,False
diff_def_tds_allowed_roll5,float64,99.5,False
diff_def_tds_matchup_ewma,float64,91.2,False
diff_def_tds_matchup_roll5,float64,91.2,False
diff_def_tds_produced_ewma,float64,91.2,False
diff_def_tds_produced_roll5,float64,91.2,False
diff_fg_att_allowed_ewma,float64,99.5,False
diff_fg_att_allowed_roll5,float64,99.5,False
diff_fg_att_matchup_ewma,float64,91.2,False
diff_fg_att_matchup_roll5,float64,91.2,False
diff_fg_att_produced_ewma,float64,91.2,False
diff_fg_att_produced_roll5,float64,91.2,False
diff_fg_blocked_allowed_ewma,float64,99.5,False
diff_fg_blocked_allowed_roll5,float64,99.5,False
diff_fg_blocked_distance_allowed_ewma,float64,99.5,False
diff_fg_blocked_distance_allowed_roll5,float64,99.5,False
diff_fg_blocked_distance_matchup_ewma,float64,91.2,False
diff_fg_blocked_distance_matchup_roll5,float64,91.2,False
diff_fg_blocked_distance_produced_ewma,float64,91.2,False
diff_fg_blocked_distance_produced_roll5,float64,91.2,False
diff_fg_blocked_list_allowed_ewma,float64,75.3,False
diff_fg_blocked_list_allowed_roll5,float64,2.4,False
diff_fg_blocked_list_matchup_ewma,float64,66.3,False
diff_fg_blocked_list_matchup_roll5,float64,0.1,False
diff_fg_blocked_list_produced_ewma,float64,75.9,False
diff_fg_blocked_list_produced_roll5,float64,2.7,False
diff_fg_blocked_matchup_ewma,float64,91.2,False
diff_fg_blocked_matchup_roll5,float64,91.2,False
diff_fg_blocked_produced_ewma,float64,91.2,False
diff_fg_blocked_produced_roll5,float64,91.2,False
diff_fg_long_allowed_ewma,float64,99.3,False
diff_fg_long_allowed_roll5,float64,99.2,False
diff_fg_long_matchup_ewma,float64,90.9,False
diff_fg_long_matchup_roll5,float64,90.8,False
diff_fg_long_produced_ewma,float64,91.1,False
diff_fg_long_produced_roll5,float64,91.0,False
diff_fg_made_0_19_allowed_ewma,float64,99.5,False
diff_fg_made_0_19_allowed_roll5,float64,99.5,False
diff_fg_made_0_19_matchup_ewma,float64,91.2,False
diff_fg_made_0_19_matchup_roll5,float64,91.2,False
diff_fg_made_0_19_produced_ewma,float64,91.2,False
diff_fg_made_0_19_produced_roll5,float64,91.2,False
diff_fg_made_20_29_allowed_ewma,float64,99.5,False
diff_fg_made_20_29_allowed_roll5,float64,99.5,False
diff_fg_made_20_29_matchup_ewma,float64,91.2,False
diff_fg_made_20_29_matchup_roll5,float64,91.2,False
diff_fg_made_20_29_produced_ewma,float64,91.2,False
diff_fg_made_20_29_produced_roll5,float64,91.2,False
diff_fg_made_30_39_allowed_ewma,float64,99.5,False
diff_fg_made_30_39_allowed_roll5,float64,99.5,False
diff_fg_made_30_39_matchup_ewma,float64,91.2,False
diff_fg_made_30_39_matchup_roll5,float64,91.2,False
diff_fg_made_30_39_produced_ewma,float64,91.2,False
diff_fg_made_30_39_produced_roll5,float64,91.2,False
diff_fg_made_40_49_allowed_ewma,float64,99.5,False
diff_fg_made_40_49_allowed_roll5,float64,99.5,False
diff_fg_made_40_49_matchup_ewma,float64,91.2,False
diff_fg_made_40_49_matchup_roll5,float64,91.2,False
diff_fg_made_40_49_produced_ewma,float64,91.2,False
diff_fg_made_40_49_produced_roll5,float64,91.2,False
diff_fg_made_50_59_allowed_ewma,float64,99.5,False
diff_fg_made_50_59_allowed_roll5,float64,99.5,False
diff_fg_made_50_59_matchup_ewma,float64,91.2,False
diff_fg_made_50_59_matchup_roll5,float64,91.2,False
diff_fg_made_50_59_produced_ewma,float64,91.2,False
diff_fg_made_50_59_produced_roll5,float64,91.2,False
diff_fg_made_60__allowed_ewma,float64,99.5,False
diff_fg_made_60__allowed_roll5,float64,99.5,False
diff_fg_made_60__matchup_ewma,float64,91.2,False
diff_fg_made_60__matchup_roll5,float64,91.2,False
diff_fg_made_60__produced_ewma,float64,91.2,False
diff_fg_made_60__produced_roll5,float64,91.2,False
diff_fg_made_allowed_ewma,float64,99.5,False
diff_fg_made_allowed_roll5,float64,99.5,False
diff_fg_made_distance_allowed_ewma,float64,99.5,False
diff_fg_made_distance_allowed_roll5,float64,99.5,False
diff_fg_made_distance_matchup_ewma,float64,91.2,False
diff_fg_made_distance_matchup_roll5,float64,91.2,False
diff_fg_made_distance_produced_ewma,float64,91.2,False
diff_fg_made_distance_produced_roll5,float64,91.2,False
diff_fg_made_list_allowed_ewma,float64,98.5,False
diff_fg_made_list_allowed_roll5,float64,69.3,False
diff_fg_made_list_matchup_ewma,float64,89.7,False
diff_fg_made_list_matchup_roll5,float64,46.4,False
diff_fg_made_list_produced_ewma,float64,90.1,False
diff_fg_made_list_produced_roll5,float64,65.5,False
diff_fg_made_matchup_ewma,float64,91.2,False
diff_fg_made_matchup_roll5,float64,91.2,False
diff_fg_made_produced_ewma,float64,91.2,False
diff_fg_made_produced_roll5,float64,91.2,False
diff_fg_missed_0_19_allowed_ewma,float64,99.5,True
diff_fg_missed_0_19_allowed_roll5,float64,99.5,True
diff_fg_missed_0_19_matchup_ewma,float64,91.2,True
diff_fg_missed_0_19_matchup_roll5,float64,91.2,True
diff_fg_missed_0_19_produced_ewma,float64,91.2,True
diff_fg_missed_0_19_produced_roll5,float64,91.2,True
diff_fg_missed_20_29_allowed_ewma,float64,99.5,False
diff_fg_missed_20_29_allowed_roll5,float64,99.5,False
diff_fg_missed_20_29_matchup_ewma,float64,91.2,False
diff_fg_missed_20_29_matchup_roll5,float64,91.2,False
diff_fg_missed_20_29_produced_ewma,float64,91.2,False
diff_fg_missed_20_29_produced_roll5,float64,91.2,False
diff_fg_missed_30_39_allowed_ewma,float64,99.5,False
diff_fg_missed_30_39_allowed_roll5,float64,99.5,False
diff_fg_missed_30_39_matchup_ewma,float64,91.2,False
diff_fg_missed_30_39_matchup_roll5,float64,91.2,False
diff_fg_missed_30_39_produced_ewma,float64,91.2,False
diff_fg_missed_30_39_produced_roll5,float64,91.2,False
diff_fg_missed_40_49_allowed_ewma,float64,99.5,False
diff_fg_missed_40_49_allowed_roll5,float64,99.5,False
diff_fg_missed_40_49_matchup_ewma,float64,91.2,False
diff_fg_missed_40_49_matchup_roll5,float64,91.2,False
diff_fg_missed_40_49_produced_ewma,float64,91.2,False
diff_fg_missed_40_49_produced_roll5,float64,91.2,False
diff_fg_missed_50_59_allowed_ewma,float64,99.5,False
diff_fg_missed_50_59_allowed_roll5,float64,99.5,False
diff_fg_missed_50_59_matchup_ewma,float64,91.2,False
diff_fg_missed_50_59_matchup_roll5,float64,91.2,False
diff_fg_missed_50_59_produced_ewma,float64,91.2,False
diff_fg_missed_50_59_produced_roll5,float64,91.2,False
diff_fg_missed_60__allowed_ewma,float64,99.5,False
diff_fg_missed_60__allowed_roll5,float64,99.5,False
diff_fg_missed_60__matchup_ewma,float64,91.2,False
diff_fg_missed_60__matchup_roll5,float64,91.2,False
diff_fg_missed_60__produced_ewma,float64,91.2,False
diff_fg_missed_60__produced_roll5,float64,91.2,False
diff_fg_missed_allowed_ewma,float64,99.5,False
diff_fg_missed_allowed_roll5,float64,99.5,False
diff_fg_missed_distance_allowed_ewma,float64,99.5,False
diff_fg_missed_distance_allowed_roll5,float64,99.5,False
diff_fg_missed_distance_matchup_ewma,float64,91.2,False
diff_fg_missed_distance_matchup_roll5,float64,91.2,False
diff_fg_missed_distance_produced_ewma,float64,91.2,False
diff_fg_missed_distance_produced_roll5,float64,91.2,False
diff_fg_missed_list_allowed_ewma,float64,96.5,False
diff_fg_missed_list_allowed_roll5,float64,42.9,False
diff_fg_missed_list_matchup_ewma,float64,88.3,False
diff_fg_missed_list_matchup_roll5,float64,17.3,False
diff_fg_missed_list_produced_ewma,float64,89.1,False
diff_fg_missed_list_produced_roll5,float64,40.5,False
diff_fg_missed_matchup_ewma,float64,91.2,False
diff_fg_missed_matchup_roll5,float64,91.2,False
diff_fg_missed_produced_ewma,float64,91.2,False
diff_fg_missed_produced_roll5,float64,91.2,False
diff_fg_pct_allowed_ewma,float64,99.4,False
diff_fg_pct_allowed_roll5,float64,99.3,False
diff_fg_pct_matchup_ewma,float64,91.1,False
diff_fg_pct_matchup_roll5,float64,91.1,False
diff_fg_pct_produced_ewma,float64,91.2,False
diff_fg_pct_produced_roll5,float64,91.2,False
diff_fumble_recovery_opp_allowed_ewma,float64,99.5,False
diff_fumble_recovery_opp_allowed_roll5,float64,99.5,False
diff_fumble_recovery_opp_matchup_ewma,float64,91.2,False
diff_fumble_recovery_opp_matchup_roll5,float64,91.2,False
diff_fumble_recovery_opp_produced_ewma,float64,91.2,False
diff_fumble_recovery_opp_produced_roll5,float64,91.2,False
diff_fumble_recovery_own_allowed_ewma,float64,99.5,False
diff_fumble_recovery_own_allowed_roll5,float64,99.5,False
diff_fumble_recovery_own_matchup_ewma,float64,91.2,False
diff_fumble_recovery_own_matchup_roll5,float64,91.2,False
diff_fumble_recovery_own_produced_ewma,float64,91.2,False
diff_fumble_recovery_own_produced_roll5,float64,91.2,False
diff_fumble_recovery_tds_allowed_ewma,float64,99.5,False
diff_fumble_recovery_tds_allowed_roll5,float64,99.5,False
diff_fumble_recovery_tds_matchup_ewma,float64,91.2,False
diff_fumble_recovery_tds_matchup_roll5,float64,91.2,False
diff_fumble_recovery_tds_produced_ewma,float64,91.2,False
diff_fumble_recovery_tds_produced_roll5,float64,91.2,False
diff_fumble_recovery_yards_opp_allowed_ewma,float64,99.5,False
diff_fumble_recovery_yards_opp_allowed_roll5,float64,99.5,False
diff_fumble_recovery_yards_opp_matchup_ewma,float64,91.2,False
diff_fumble_recovery_yards_opp_matchup_roll5,float64,91.2,False
diff_fumble_recovery_yards_opp_produced_ewma,float64,91.2,False
diff_fumble_recovery_yards_opp_produced_roll5,float64,91.2,False
diff_fumble_recovery_yards_own_allowed_ewma,float64,99.5,False
diff_fumble_recovery_yards_own_allowed_roll5,float64,99.5,False
diff_fumble_recovery_yards_own_matchup_ewma,float64,91.2,False
diff_fumble_recovery_yards_own_matchup_roll5,float64,91.2,False
diff_fumble_recovery_yards_own_produced_ewma,float64,91.2,False
diff_fumble_recovery_yards_own_produced_roll5,float64,91.2,False
diff_fumbles_forced_by_opp_allowed_ewma,float64,99.5,False
diff_fumbles_forced_by_opp_allowed_roll5,float64,99.5,False
diff_fumbles_forced_by_opp_matchup_ewma,float64,91.2,False
diff_fumbles_forced_by_opp_matchup_roll5,float64,91.2,False
diff_fumbles_forced_by_opp_produced_ewma,float64,91.2,False
diff_fumbles_forced_by_opp_produced_roll5,float64,91.2,False
diff_fumbles_lost_total_allowed_ewma,float64,99.5,False
diff_fumbles_lost_total_allowed_roll5,float64,99.5,False
diff_fumbles_lost_total_matchup_ewma,float64,91.2,False
diff_fumbles_lost_total_matchup_roll5,float64,91.2,False
diff_fumbles_lost_total_produced_ewma,float64,91.2,False
diff_fumbles_lost_total_produced_roll5,float64,91.2,False
diff_fumbles_not_forced_allowed_ewma,float64,99.5,False
diff_fumbles_not_forced_allowed_roll5,float64,99.5,False
diff_fumbles_not_forced_matchup_ewma,float64,91.2,False
diff_fumbles_not_forced_matchup_roll5,float64,91.2,False
diff_fumbles_not_forced_produced_ewma,float64,91.2,False
diff_fumbles_not_forced_produced_roll5,float64,91.2,False
diff_fumbles_out_of_bounds_allowed_ewma,float64,99.5,False
diff_fumbles_out_of_bounds_allowed_roll5,float64,99.5,False
diff_fumbles_out_of_bounds_matchup_ewma,float64,91.2,False
diff_fumbles_out_of_bounds_matchup_roll5,float64,91.2,False
diff_fumbles_out_of_bounds_produced_ewma,float64,91.2,False
diff_fumbles_out_of_bounds_produced_roll5,float64,91.2,False
diff_fumbles_total_allowed_ewma,float64,99.5,False
diff_fumbles_total_allowed_roll5,float64,99.5,False
diff_fumbles_total_matchup_ewma,float64,91.2,False
diff_fumbles_total_matchup_roll5,float64,91.2,False
diff_fumbles_total_produced_ewma,float64,91.2,False
diff_fumbles_total_produced_roll5,float64,91.2,False
diff_gwfg_att_allowed_ewma,float64,99.5,False
diff_gwfg_att_allowed_roll5,float64,99.5,False
diff_gwfg_att_matchup_ewma,float64,91.2,False
diff_gwfg_att_matchup_roll5,float64,91.2,False
diff_gwfg_att_produced_ewma,float64,91.2,False
diff_gwfg_att_produced_roll5,float64,91.2,False
diff_gwfg_blocked_allowed_ewma,float64,99.5,False
diff_gwfg_blocked_allowed_roll5,float64,99.5,False
diff_gwfg_blocked_matchup_ewma,float64,91.2,False
diff_gwfg_blocked_matchup_roll5,float64,91.2,False
diff_gwfg_blocked_produced_ewma,float64,91.2,False
diff_gwfg_blocked_produced_roll5,float64,91.2,False
diff_gwfg_distance_allowed_ewma,float64,99.5,False
diff_gwfg_distance_allowed_roll5,float64,99.5,False
diff_gwfg_distance_matchup_ewma,float64,91.2,False
diff_gwfg_distance_matchup_roll5,float64,91.2,False
diff_gwfg_distance_produced_ewma,float64,91.2,False
diff_gwfg_distance_produced_roll5,float64,91.2,False
diff_gwfg_made_allowed_ewma,float64,99.5,False
diff_gwfg_made_allowed_roll5,float64,99.5,False
diff_gwfg_made_matchup_ewma,float64,91.2,False
diff_gwfg_made_matchup_roll5,float64,91.2,False
diff_gwfg_made_produced_ewma,float64,91.2,False
diff_gwfg_made_produced_roll5,float64,91.2,False
diff_gwfg_missed_allowed_ewma,float64,99.5,False
diff_gwfg_missed_allowed_roll5,float64,99.5,False
diff_gwfg_missed_matchup_ewma,float64,91.2,False
diff_gwfg_missed_matchup_roll5,float64,91.2,False
diff_gwfg_missed_produced_ewma,float64,91.2,False
diff_gwfg_missed_produced_roll5,float64,91.2,False
diff_kickoff_return_yards_allowed_ewma,float64,99.5,False
diff_kickoff_return_yards_allowed_roll5,float64,99.5,False
diff_kickoff_return_yards_matchup_ewma,float64,91.2,False
diff_kickoff_return_yards_matchup_roll5,float64,91.2,False
diff_kickoff_return_yards_produced_ewma,float64,91.2,False
diff_kickoff_return_yards_produced_roll5,float64,91.2,False
diff_kickoff_returns_allowed_ewma,float64,99.5,False
diff_kickoff_returns_allowed_roll5,float64,99.5,False
diff_kickoff_returns_matchup_ewma,float64,91.2,False
diff_kickoff_returns_matchup_roll5,float64,91.2,False
diff_kickoff_returns_produced_ewma,float64,91.2,False
diff_kickoff_returns_produced_roll5,float64,91.2,False
diff_misc_yards_allowed_ewma,float64,99.5,False
diff_misc_yards_allowed_roll5,float64,99.5,False
diff_misc_yards_matchup_ewma,float64,91.2,False
diff_misc_yards_matchup_roll5,float64,91.2,False
diff_misc_yards_produced_ewma,float64,91.2,False
diff_misc_yards_produced_roll5,float64,91.2,False
diff_passing_10_allowed_ewma,float64,99.5,False
diff_passing_10_allowed_roll5,float64,99.5,False
diff_passing_10_matchup_ewma,float64,91.2,False
diff_passing_10_matchup_roll5,float64,91.2,False
diff_passing_10_produced_ewma,float64,91.2,False
diff_passing_10_produced_roll5,float64,91.2,False
diff_passing_16_allowed_ewma,float64,99.5,False
diff_passing_16_allowed_roll5,float64,99.5,False
diff_passing_16_matchup_ewma,float64,91.2,False
diff_passing_16_matchup_roll5,float64,91.2,False
diff_passing_16_produced_ewma,float64,91.2,False
diff_passing_16_produced_roll5,float64,91.2,False
diff_passing_20_allowed_ewma,float64,99.5,False
diff_passing_20_allowed_roll5,float64,99.5,False
diff_passing_20_matchup_ewma,float64,91.2,False
diff_passing_20_matchup_roll5,float64,91.2,False
diff_passing_20_produced_ewma,float64,91.2,False
diff_passing_20_produced_roll5,float64,91.2,False
diff_passing_2pt_conversions_allowed_ewma,float64,99.5,False
diff_passing_2pt_conversions_allowed_roll5,float64,99.5,False
diff_passing_2pt_conversions_matchup_ewma,float64,91.2,False
diff_passing_2pt_conversions_matchup_roll5,float64,91.2,False
diff_passing_2pt_conversions_produced_ewma,float64,91.2,False
diff_passing_2pt_conversions_produced_roll5,float64,91.2,False
diff_passing_40_allowed_ewma,float64,99.5,False
diff_passing_40_allowed_roll5,float64,99.5,False
diff_passing_40_matchup_ewma,float64,91.2,False
diff_passing_40_matchup_roll5,float64,91.2,False
diff_passing_40_produced_ewma,float64,91.2,False
diff_passing_40_produced_roll5,float64,91.2,False
diff_passing_air_yards_allowed_ewma,float64,99.5,False
diff_passing_air_yards_allowed_roll5,float64,99.5,False
diff_passing_air_yards_matchup_ewma,float64,91.2,False
diff_passing_air_yards_matchup_roll5,float64,91.2,False
diff_passing_air_yards_per_attempt_allowed_ewma,float64,99.5,False
diff_passing_air_yards_per_attempt_allowed_roll5,float64,99.5,False
diff_passing_air_yards_per_attempt_matchup_ewma,float64,91.2,False
diff_passing_air_yards_per_attempt_matchup_roll5,float64,91.2,False
diff_passing_air_yards_per_attempt_produced_ewma,float64,91.2,False
diff_passing_air_yards_per_attempt_produced_roll5,float64,91.2,False
diff_passing_air_yards_produced_ewma,float64,91.2,False
diff_passing_air_yards_produced_roll5,float64,91.2,False
diff_passing_cpoe_allowed_ewma,float64,99.5,False
diff_passing_cpoe_allowed_roll5,float64,99.5,False
diff_passing_cpoe_matchup_ewma,float64,91.2,False
diff_passing_cpoe_matchup_roll5,float64,91.2,False
diff_passing_cpoe_produced_ewma,float64,91.2,False
diff_passing_cpoe_produced_roll5,float64,91.2,False
diff_passing_epa_allowed_ewma,float64,99.5,False
diff_passing_epa_allowed_roll5,float64,99.5,False
diff_passing_epa_matchup_ewma,float64,91.2,False
diff_passing_epa_matchup_roll5,float64,91.2,False
diff_passing_epa_per_play_allowed_ewma,float64,99.5,False
diff_passing_epa_per_play_allowed_roll5,float64,99.5,False
diff_passing_epa_per_play_matchup_ewma,float64,91.2,False
diff_passing_epa_per_play_matchup_roll5,float64,91.2,False
diff_passing_epa_per_play_produced_ewma,float64,91.2,False
diff_passing_epa_per_play_produced_roll5,float64,91.2,False
diff_passing_epa_produced_ewma,float64,91.2,False
diff_passing_epa_produced_roll5,float64,91.2,False
diff_passing_first_down_rate_allowed_ewma,float64,99.5,False
diff_passing_first_down_rate_allowed_roll5,float64,99.5,False
diff_passing_first_down_rate_matchup_ewma,float64,91.2,False
diff_passing_first_down_rate_matchup_roll5,float64,91.2,False
diff_passing_first_down_rate_produced_ewma,float64,91.2,False
diff_passing_first_down_rate_produced_roll5,float64,91.2,False
diff_passing_first_downs_allowed_ewma,float64,99.5,False
diff_passing_first_downs_allowed_roll5,float64,99.5,False
diff_passing_first_downs_matchup_ewma,float64,91.2,False
diff_passing_first_downs_matchup_roll5,float64,91.2,False
diff_passing_first_downs_produced_ewma,float64,91.2,False
diff_passing_first_downs_produced_roll5,float64,91.2,False
diff_passing_interception_rate_allowed_ewma,float64,99.5,False
diff_passing_interception_rate_allowed_roll5,float64,99.5,False
diff_passing_interception_rate_matchup_ewma,float64,91.2,False
diff_passing_interception_rate_matchup_roll5,float64,91.2,False
diff_passing_interception_rate_produced_ewma,float64,91.2,False
diff_passing_interception_rate_produced_roll5,float64,91.2,False
diff_passing_interceptions_allowed_ewma,float64,99.5,False
diff_passing_interceptions_allowed_roll5,float64,99.5,False
diff_passing_interceptions_matchup_ewma,float64,91.2,False
diff_passing_interceptions_matchup_roll5,float64,91.2,False
diff_passing_interceptions_produced_ewma,float64,91.2,False
diff_passing_interceptions_produced_roll5,float64,91.2,False
diff_passing_td_rate_allowed_ewma,float64,99.5,False
diff_passing_td_rate_allowed_roll5,float64,99.5,False
diff_passing_td_rate_matchup_ewma,float64,91.2,False
diff_passing_td_rate_matchup_roll5,float64,91.2,False
diff_passing_td_rate_produced_ewma,float64,91.2,False
diff_passing_td_rate_produced_roll5,float64,91.2,False
diff_passing_tds_allowed_ewma,float64,99.5,False
diff_passing_tds_allowed_roll5,float64,99.5,False
diff_passing_tds_matchup_ewma,float64,91.2,False
diff_passing_tds_matchup_roll5,float64,91.2,False
diff_passing_tds_produced_ewma,float64,91.2,False
diff_passing_tds_produced_roll5,float64,91.2,False
diff_passing_yac_per_completion_allowed_ewma,float64,99.5,False
diff_passing_yac_per_completion_allowed_roll5,float64,99.5,False
diff_passing_yac_per_completion_matchup_ewma,float64,91.2,False
diff_passing_yac_per_completion_matchup_roll5,float64,91.2,False
diff_passing_yac_per_completion_produced_ewma,float64,91.2,False
diff_passing_yac_per_completion_produced_roll5,float64,91.2,False
diff_passing_yards_after_catch_allowed_ewma,float64,99.5,False
diff_passing_yards_after_catch_allowed_roll5,float64,99.5,False
diff_passing_yards_after_catch_matchup_ewma,float64,91.2,False
diff_passing_yards_after_catch_matchup_roll5,float64,91.2,False
diff_passing_yards_after_catch_produced_ewma,float64,91.2,False
diff_passing_yards_after_catch_produced_roll5,float64,91.2,False
diff_passing_yards_allowed_ewma,float64,99.5,False
diff_passing_yards_allowed_roll5,float64,99.5,False
diff_passing_yards_matchup_ewma,float64,91.2,False
diff_passing_yards_matchup_roll5,float64,91.2,False
diff_passing_yards_produced_ewma,float64,91.2,False
diff_passing_yards_produced_roll5,float64,91.2,False
diff_pat_att_allowed_ewma,float64,99.5,False
diff_pat_att_allowed_roll5,float64,99.5,False
diff_pat_att_matchup_ewma,float64,91.2,False
diff_pat_att_matchup_roll5,float64,91.2,False
diff_pat_att_produced_ewma,float64,91.2,False
diff_pat_att_produced_roll5,float64,91.2,False
diff_pat_blocked_allowed_ewma,float64,99.5,False
diff_pat_blocked_allowed_roll5,float64,99.5,False
diff_pat_blocked_matchup_ewma,float64,91.2,False
diff_pat_blocked_matchup_roll5,float64,91.2,False
diff_pat_blocked_produced_ewma,float64,91.2,False
diff_pat_blocked_produced_roll5,float64,91.2,False
diff_pat_made_allowed_ewma,float64,99.5,False
diff_pat_made_allowed_roll5,float64,99.5,False
diff_pat_made_matchup_ewma,float64,91.2,False
diff_pat_made_matchup_roll5,float64,91.2,False
diff_pat_made_produced_ewma,float64,91.2,False
diff_pat_made_produced_roll5,float64,91.2,False
diff_pat_missed_allowed_ewma,float64,99.5,False
diff_pat_missed_allowed_roll5,float64,99.5,False
diff_pat_missed_matchup_ewma,float64,91.2,False
diff_pat_missed_matchup_roll5,float64,91.2,False
diff_pat_missed_produced_ewma,float64,91.2,False
diff_pat_missed_produced_roll5,float64,91.2,False
diff_pat_pct_allowed_ewma,float64,99.4,False
diff_pat_pct_allowed_roll5,float64,99.4,False
diff_pat_pct_matchup_ewma,float64,91.0,False
diff_pat_pct_matchup_roll5,float64,91.0,False
diff_pat_pct_produced_ewma,float64,91.1,False
diff_pat_pct_produced_roll5,float64,91.1,False
diff_penalties_allowed_ewma,float64,99.5,False
diff_penalties_allowed_roll5,float64,99.5,False
diff_penalties_matchup_ewma,float64,91.2,False
diff_penalties_matchup_roll5,float64,91.2,False
diff_penalties_produced_ewma,float64,91.2,False
diff_penalties_produced_roll5,float64,91.2,False
diff_penalty_yards_allowed_ewma,float64,99.5,False
diff_penalty_yards_allowed_roll5,float64,99.5,False
diff_penalty_yards_matchup_ewma,float64,91.2,False
diff_penalty_yards_matchup_roll5,float64,91.2,False
diff_penalty_yards_produced_ewma,float64,91.2,False
diff_penalty_yards_produced_roll5,float64,91.2,False
diff_pfr_def_def_adot_allowed_ewma,float64,50.5,False
diff_pfr_def_def_adot_allowed_roll5,float64,50.5,False
diff_pfr_def_def_adot_matchup_ewma,float64,49.8,False
diff_pfr_def_def_adot_matchup_roll5,float64,49.8,False
diff_pfr_def_def_adot_produced_ewma,float64,49.8,False
diff_pfr_def_def_adot_produced_roll5,float64,49.8,False
diff_pfr_def_def_air_yards_completed_allowed_ewma,float64,50.5,False
diff_pfr_def_def_air_yards_completed_allowed_roll5,float64,50.5,False
diff_pfr_def_def_air_yards_completed_matchup_ewma,float64,49.8,False
diff_pfr_def_def_air_yards_completed_matchup_roll5,float64,49.8,False
diff_pfr_def_def_air_yards_completed_produced_ewma,float64,49.8,False
diff_pfr_def_def_air_yards_completed_produced_roll5,float64,49.8,False
diff_pfr_def_def_completion_pct_allowed_ewma,float64,50.5,False
diff_pfr_def_def_completion_pct_allowed_roll5,float64,50.5,False
diff_pfr_def_def_completion_pct_matchup_ewma,float64,49.8,False
diff_pfr_def_def_completion_pct_matchup_roll5,float64,49.8,False
diff_pfr_def_def_completion_pct_produced_ewma,float64,49.8,False
diff_pfr_def_def_completion_pct_produced_roll5,float64,49.8,False
diff_pfr_def_def_completions_allowed_allowed_ewma,float64,50.5,False
diff_pfr_def_def_completions_allowed_allowed_roll5,float64,50.5,False
diff_pfr_def_def_completions_allowed_matchup_ewma,float64,49.8,False
diff_pfr_def_def_completions_allowed_matchup_roll5,float64,49.8,False
diff_pfr_def_def_completions_allowed_produced_ewma,float64,49.8,False
diff_pfr_def_def_completions_allowed_produced_roll5,float64,49.8,False
diff_pfr_def_def_ints_allowed_ewma,float64,50.5,False
diff_pfr_def_def_ints_allowed_roll5,float64,50.5,False
diff_pfr_def_def_ints_matchup_ewma,float64,49.8,False
diff_pfr_def_def_ints_matchup_roll5,float64,49.8,False
diff_pfr_def_def_ints_produced_ewma,float64,49.8,False
diff_pfr_def_def_ints_produced_roll5,float64,49.8,False
diff_pfr_def_def_missed_tackle_pct_allowed_ewma,float64,50.5,False
diff_pfr_def_def_missed_tackle_pct_allowed_roll5,float64,50.5,False
diff_pfr_def_def_missed_tackle_pct_matchup_ewma,float64,49.8,False
diff_pfr_def_def_missed_tackle_pct_matchup_roll5,float64,49.8,False
diff_pfr_def_def_missed_tackle_pct_produced_ewma,float64,49.8,False
diff_pfr_def_def_missed_tackle_pct_produced_roll5,float64,49.8,False
diff_pfr_def_def_missed_tackles_allowed_ewma,float64,50.5,False
diff_pfr_def_def_missed_tackles_allowed_roll5,float64,50.5,False
diff_pfr_def_def_missed_tackles_matchup_ewma,float64,49.8,False
diff_pfr_def_def_missed_tackles_matchup_roll5,float64,49.8,False
diff_pfr_def_def_missed_tackles_produced_ewma,float64,49.8,False
diff_pfr_def_def_missed_tackles_produced_roll5,float64,49.8,False
diff_pfr_def_def_passer_rating_allowed_allowed_ewma,float64,50.5,False
diff_pfr_def_def_passer_rating_allowed_allowed_roll5,float64,50.5,False
diff_pfr_def_def_passer_rating_allowed_matchup_ewma,float64,49.8,False
diff_pfr_def_def_passer_rating_allowed_matchup_roll5,float64,49.8,False
diff_pfr_def_def_passer_rating_allowed_produced_ewma,float64,49.8,False
diff_pfr_def_def_passer_rating_allowed_produced_roll5,float64,49.8,False
diff_pfr_def_def_pressures_allowed_ewma,float64,50.5,False
diff_pfr_def_def_pressures_allowed_roll5,float64,50.5,False
diff_pfr_def_def_pressures_matchup_ewma,float64,49.8,False
diff_pfr_def_def_pressures_matchup_roll5,float64,49.8,False
diff_pfr_def_def_pressures_produced_ewma,float64,49.8,False
diff_pfr_def_def_pressures_produced_roll5,float64,49.8,False
diff_pfr_def_def_receiving_td_allowed_allowed_ewma,float64,50.5,False
diff_pfr_def_def_receiving_td_allowed_allowed_roll5,float64,50.5,False
diff_pfr_def_def_receiving_td_allowed_matchup_ewma,float64,49.8,False
diff_pfr_def_def_receiving_td_allowed_matchup_roll5,float64,49.8,False
diff_pfr_def_def_receiving_td_allowed_produced_ewma,float64,49.8,False
diff_pfr_def_def_receiving_td_allowed_produced_roll5,float64,49.8,False
diff_pfr_def_def_sacks_allowed_ewma,float64,50.5,False
diff_pfr_def_def_sacks_allowed_roll5,float64,50.5,False
diff_pfr_def_def_sacks_matchup_ewma,float64,49.8,False
diff_pfr_def_def_sacks_matchup_roll5,float64,49.8,False
diff_pfr_def_def_sacks_produced_ewma,float64,49.8,False
diff_pfr_def_def_sacks_produced_roll5,float64,49.8,False
diff_pfr_def_def_tackles_combined_allowed_ewma,float64,50.5,False
diff_pfr_def_def_tackles_combined_allowed_roll5,float64,50.5,False
diff_pfr_def_def_tackles_combined_matchup_ewma,float64,49.8,False
diff_pfr_def_def_tackles_combined_matchup_roll5,float64,49.8,False
diff_pfr_def_def_tackles_combined_produced_ewma,float64,49.8,False
diff_pfr_def_def_tackles_combined_produced_roll5,float64,49.8,False
diff_pfr_def_def_targets_allowed_ewma,float64,50.5,False
diff_pfr_def_def_targets_allowed_roll5,float64,50.5,False
diff_pfr_def_def_targets_matchup_ewma,float64,49.8,False
diff_pfr_def_def_targets_matchup_roll5,float64,49.8,False
diff_pfr_def_def_targets_produced_ewma,float64,49.8,False
diff_pfr_def_def_targets_produced_roll5,float64,49.8,False
diff_pfr_def_def_times_blitzed_allowed_ewma,float64,50.5,False
diff_pfr_def_def_times_blitzed_allowed_roll5,float64,50.5,False
diff_pfr_def_def_times_blitzed_matchup_ewma,float64,49.8,False
diff_pfr_def_def_times_blitzed_matchup_roll5,float64,49.8,False
diff_pfr_def_def_times_blitzed_produced_ewma,float64,49.8,False
diff_pfr_def_def_times_blitzed_produced_roll5,float64,49.8,False
diff_pfr_def_def_times_hitqb_allowed_ewma,float64,50.5,False
diff_pfr_def_def_times_hitqb_allowed_roll5,float64,50.5,False
diff_pfr_def_def_times_hitqb_matchup_ewma,float64,49.8,False
diff_pfr_def_def_times_hitqb_matchup_roll5,float64,49.8,False
diff_pfr_def_def_times_hitqb_produced_ewma,float64,49.8,False
diff_pfr_def_def_times_hitqb_produced_roll5,float64,49.8,False
diff_pfr_def_def_times_hurried_allowed_ewma,float64,50.5,False
diff_pfr_def_def_times_hurried_allowed_roll5,float64,50.5,False
diff_pfr_def_def_times_hurried_matchup_ewma,float64,49.8,False
diff_pfr_def_def_times_hurried_matchup_roll5,float64,49.8,False
diff_pfr_def_def_times_hurried_produced_ewma,float64,49.8,False
diff_pfr_def_def_times_hurried_produced_roll5,float64,49.8,False
diff_pfr_def_def_yards_after_catch_allowed_ewma,float64,50.5,False
diff_pfr_def_def_yards_after_catch_allowed_roll5,float64,50.5,False
diff_pfr_def_def_yards_after_catch_matchup_ewma,float64,49.8,False
diff_pfr_def_def_yards_after_catch_matchup_roll5,float64,49.8,False
diff_pfr_def_def_yards_after_catch_produced_ewma,float64,49.8,False
diff_pfr_def_def_yards_after_catch_produced_roll5,float64,49.8,False
diff_pfr_def_def_yards_allowed_allowed_ewma,float64,50.5,False
diff_pfr_def_def_yards_allowed_allowed_roll5,float64,50.5,False
diff_pfr_def_def_yards_allowed_matchup_ewma,float64,49.8,False
diff_pfr_def_def_yards_allowed_matchup_roll5,float64,49.8,False
diff_pfr_def_def_yards_allowed_per_cmp_allowed_ewma,float64,50.5,False
diff_pfr_def_def_yards_allowed_per_cmp_allowed_roll5,float64,50.5,False
diff_pfr_def_def_yards_allowed_per_cmp_matchup_ewma,float64,49.8,False
diff_pfr_def_def_yards_allowed_per_cmp_matchup_roll5,float64,49.8,False
diff_pfr_def_def_yards_allowed_per_cmp_produced_ewma,float64,49.8,False
diff_pfr_def_def_yards_allowed_per_cmp_produced_roll5,float64,49.8,False
diff_pfr_def_def_yards_allowed_per_tgt_allowed_ewma,float64,50.5,False
diff_pfr_def_def_yards_allowed_per_tgt_allowed_roll5,float64,50.5,False
diff_pfr_def_def_yards_allowed_per_tgt_matchup_ewma,float64,49.8,False
diff_pfr_def_def_yards_allowed_per_tgt_matchup_roll5,float64,49.8,False
diff_pfr_def_def_yards_allowed_per_tgt_produced_ewma,float64,49.8,False
diff_pfr_def_def_yards_allowed_per_tgt_produced_roll5,float64,49.8,False
diff_pfr_def_def_yards_allowed_produced_ewma,float64,49.8,False
diff_pfr_def_def_yards_allowed_produced_roll5,float64,49.8,False
diff_pfr_pass_def_times_blitzed_allowed_ewma,float64,0.0,True
diff_pfr_pass_def_times_blitzed_allowed_roll5,float64,0.0,True
diff_pfr_pass_def_times_blitzed_matchup_ewma,float64,0.0,True
diff_pfr_pass_def_times_blitzed_matchup_roll5,float64,0.0,True
diff_pfr_pass_def_times_blitzed_produced_ewma,float64,0.0,True
diff_pfr_pass_def_times_blitzed_produced_roll5,float64,0.0,True
diff_pfr_pass_def_times_hitqb_allowed_ewma,float64,0.0,True
diff_pfr_pass_def_times_hitqb_allowed_roll5,float64,0.0,True
diff_pfr_pass_def_times_hitqb_matchup_ewma,float64,0.0,True
diff_pfr_pass_def_times_hitqb_matchup_roll5,float64,0.0,True
diff_pfr_pass_def_times_hitqb_produced_ewma,float64,0.0,True
diff_pfr_pass_def_times_hitqb_produced_roll5,float64,0.0,True
diff_pfr_pass_def_times_hurried_allowed_ewma,float64,0.0,True
diff_pfr_pass_def_times_hurried_allowed_roll5,float64,0.0,True
diff_pfr_pass_def_times_hurried_matchup_ewma,float64,0.0,True
diff_pfr_pass_def_times_hurried_matchup_roll5,float64,0.0,True
diff_pfr_pass_def_times_hurried_produced_ewma,float64,0.0,True
diff_pfr_pass_def_times_hurried_produced_roll5,float64,0.0,True
diff_pfr_pass_passing_bad_throw_pct_allowed_ewma,float64,50.5,False
diff_pfr_pass_passing_bad_throw_pct_allowed_roll5,float64,50.5,False
diff_pfr_pass_passing_bad_throw_pct_matchup_ewma,float64,49.8,False
diff_pfr_pass_passing_bad_throw_pct_matchup_roll5,float64,49.8,False
diff_pfr_pass_passing_bad_throw_pct_produced_ewma,float64,49.8,False
diff_pfr_pass_passing_bad_throw_pct_produced_roll5,float64,49.8,False
diff_pfr_pass_passing_bad_throws_allowed_ewma,float64,50.5,False
diff_pfr_pass_passing_bad_throws_allowed_roll5,float64,50.5,False
diff_pfr_pass_passing_bad_throws_matchup_ewma,float64,49.8,False
diff_pfr_pass_passing_bad_throws_matchup_roll5,float64,49.8,False
diff_pfr_pass_passing_bad_throws_produced_ewma,float64,49.8,False
diff_pfr_pass_passing_bad_throws_produced_roll5,float64,49.8,False
diff_pfr_pass_passing_drop_pct_allowed_ewma,float64,50.5,False
diff_pfr_pass_passing_drop_pct_allowed_roll5,float64,50.5,False
diff_pfr_pass_passing_drop_pct_matchup_ewma,float64,49.8,False
diff_pfr_pass_passing_drop_pct_matchup_roll5,float64,49.8,False
diff_pfr_pass_passing_drop_pct_produced_ewma,float64,49.8,False
diff_pfr_pass_passing_drop_pct_produced_roll5,float64,49.8,False
diff_pfr_pass_passing_drops_allowed_ewma,float64,50.5,False
diff_pfr_pass_passing_drops_allowed_roll5,float64,50.5,False
diff_pfr_pass_passing_drops_matchup_ewma,float64,49.8,False
diff_pfr_pass_passing_drops_matchup_roll5,float64,49.8,False
diff_pfr_pass_passing_drops_produced_ewma,float64,49.8,False
diff_pfr_pass_passing_drops_produced_roll5,float64,49.8,False
diff_pfr_pass_receiving_drop_allowed_ewma,float64,0.0,True
diff_pfr_pass_receiving_drop_allowed_roll5,float64,0.0,True
diff_pfr_pass_receiving_drop_matchup_ewma,float64,0.0,True
diff_pfr_pass_receiving_drop_matchup_roll5,float64,0.0,True
diff_pfr_pass_receiving_drop_pct_allowed_ewma,float64,0.0,True
diff_pfr_pass_receiving_drop_pct_allowed_roll5,float64,0.0,True
diff_pfr_pass_receiving_drop_pct_matchup_ewma,float64,0.0,True
diff_pfr_pass_receiving_drop_pct_matchup_roll5,float64,0.0,True
diff_pfr_pass_receiving_drop_pct_produced_ewma,float64,0.0,True
diff_pfr_pass_receiving_drop_pct_produced_roll5,float64,0.0,True
diff_pfr_pass_receiving_drop_produced_ewma,float64,0.0,True
diff_pfr_pass_receiving_drop_produced_roll5,float64,0.0,True
diff_pfr_pass_times_blitzed_allowed_ewma,float64,50.5,False
diff_pfr_pass_times_blitzed_allowed_roll5,float64,50.5,False
diff_pfr_pass_times_blitzed_matchup_ewma,float64,49.8,False
diff_pfr_pass_times_blitzed_matchup_roll5,float64,49.8,False
diff_pfr_pass_times_blitzed_produced_ewma,float64,49.8,False
diff_pfr_pass_times_blitzed_produced_roll5,float64,49.8,False
diff_pfr_pass_times_hit_allowed_ewma,float64,50.5,False
diff_pfr_pass_times_hit_allowed_roll5,float64,50.5,False
diff_pfr_pass_times_hit_matchup_ewma,float64,49.8,False
diff_pfr_pass_times_hit_matchup_roll5,float64,49.8,False
diff_pfr_pass_times_hit_produced_ewma,float64,49.8,False
diff_pfr_pass_times_hit_produced_roll5,float64,49.8,False
diff_pfr_pass_times_hurried_allowed_ewma,float64,50.5,False
diff_pfr_pass_times_hurried_allowed_roll5,float64,50.5,False
diff_pfr_pass_times_hurried_matchup_ewma,float64,49.8,False
diff_pfr_pass_times_hurried_matchup_roll5,float64,49.8,False
diff_pfr_pass_times_hurried_produced_ewma,float64,49.8,False
diff_pfr_pass_times_hurried_produced_roll5,float64,49.8,False
diff_pfr_pass_times_pressured_allowed_ewma,float64,50.5,False
diff_pfr_pass_times_pressured_allowed_roll5,float64,50.5,False
diff_pfr_pass_times_pressured_matchup_ewma,float64,49.8,False
diff_pfr_pass_times_pressured_matchup_roll5,float64,49.8,False
diff_pfr_pass_times_pressured_pct_allowed_ewma,float64,50.5,False
diff_pfr_pass_times_pressured_pct_allowed_roll5,float64,50.5,False
diff_pfr_pass_times_pressured_pct_matchup_ewma,float64,49.8,False
diff_pfr_pass_times_pressured_pct_matchup_roll5,float64,49.8,False
diff_pfr_pass_times_pressured_pct_produced_ewma,float64,49.8,False
diff_pfr_pass_times_pressured_pct_produced_roll5,float64,49.8,False
diff_pfr_pass_times_pressured_produced_ewma,float64,49.8,False
diff_pfr_pass_times_pressured_produced_roll5,float64,49.8,False
diff_pfr_pass_times_sacked_allowed_ewma,float64,50.5,False
diff_pfr_pass_times_sacked_allowed_roll5,float64,50.5,False
diff_pfr_pass_times_sacked_matchup_ewma,float64,49.8,False
diff_pfr_pass_times_sacked_matchup_roll5,float64,49.8,False
diff_pfr_pass_times_sacked_produced_ewma,float64,49.8,False
diff_pfr_pass_times_sacked_produced_roll5,float64,49.8,False
diff_pfr_rec_passing_drop_pct_allowed_ewma,float64,0.0,True
diff_pfr_rec_passing_drop_pct_allowed_roll5,float64,0.0,True
diff_pfr_rec_passing_drop_pct_matchup_ewma,float64,0.0,True
diff_pfr_rec_passing_drop_pct_matchup_roll5,float64,0.0,True
diff_pfr_rec_passing_drop_pct_produced_ewma,float64,0.0,True
diff_pfr_rec_passing_drop_pct_produced_roll5,float64,0.0,True
diff_pfr_rec_passing_drops_allowed_ewma,float64,0.0,True
diff_pfr_rec_passing_drops_allowed_roll5,float64,0.0,True
diff_pfr_rec_passing_drops_matchup_ewma,float64,0.0,True
diff_pfr_rec_passing_drops_matchup_roll5,float64,0.0,True
diff_pfr_rec_passing_drops_produced_ewma,float64,0.0,True
diff_pfr_rec_passing_drops_produced_roll5,float64,0.0,True
diff_pfr_rec_receiving_broken_tackles_allowed_ewma,float64,50.5,False
diff_pfr_rec_receiving_broken_tackles_allowed_roll5,float64,50.5,False
diff_pfr_rec_receiving_broken_tackles_matchup_ewma,float64,49.8,False
diff_pfr_rec_receiving_broken_tackles_matchup_roll5,float64,49.8,False
diff_pfr_rec_receiving_broken_tackles_produced_ewma,float64,49.8,False
diff_pfr_rec_receiving_broken_tackles_produced_roll5,float64,49.8,False
diff_pfr_rec_receiving_drop_allowed_ewma,float64,50.5,False
diff_pfr_rec_receiving_drop_allowed_roll5,float64,50.5,False
diff_pfr_rec_receiving_drop_matchup_ewma,float64,49.8,False
diff_pfr_rec_receiving_drop_matchup_roll5,float64,49.8,False
diff_pfr_rec_receiving_drop_pct_allowed_ewma,float64,50.5,False
diff_pfr_rec_receiving_drop_pct_allowed_roll5,float64,50.5,False
diff_pfr_rec_receiving_drop_pct_matchup_ewma,float64,49.8,False
diff_pfr_rec_receiving_drop_pct_matchup_roll5,float64,49.8,False
diff_pfr_rec_receiving_drop_pct_produced_ewma,float64,49.8,False
diff_pfr_rec_receiving_drop_pct_produced_roll5,float64,49.8,False
diff_pfr_rec_receiving_drop_produced_ewma,float64,49.8,False
diff_pfr_rec_receiving_drop_produced_roll5,float64,49.8,False
diff_pfr_rec_receiving_int_allowed_ewma,float64,50.5,False
diff_pfr_rec_receiving_int_allowed_roll5,float64,50.5,False
diff_pfr_rec_receiving_int_matchup_ewma,float64,49.8,False
diff_pfr_rec_receiving_int_matchup_roll5,float64,49.8,False
diff_pfr_rec_receiving_int_produced_ewma,float64,49.8,False
diff_pfr_rec_receiving_int_produced_roll5,float64,49.8,False
diff_pfr_rec_receiving_rat_allowed_ewma,float64,50.5,False
diff_pfr_rec_receiving_rat_allowed_roll5,float64,50.5,False
diff_pfr_rec_receiving_rat_matchup_ewma,float64,49.8,False
diff_pfr_rec_receiving_rat_matchup_roll5,float64,49.8,False
diff_pfr_rec_receiving_rat_produced_ewma,float64,49.8,False
diff_pfr_rec_receiving_rat_produced_roll5,float64,49.8,False
diff_pfr_rec_rushing_broken_tackles_allowed_ewma,float64,0.0,True
diff_pfr_rec_rushing_broken_tackles_allowed_roll5,float64,0.0,True
diff_pfr_rec_rushing_broken_tackles_matchup_ewma,float64,0.0,True
diff_pfr_rec_rushing_broken_tackles_matchup_roll5,float64,0.0,True
diff_pfr_rec_rushing_broken_tackles_produced_ewma,float64,0.0,True
diff_pfr_rec_rushing_broken_tackles_produced_roll5,float64,0.0,True
diff_pfr_rush_carries_allowed_ewma,float64,50.5,False
diff_pfr_rush_carries_allowed_roll5,float64,50.5,False
diff_pfr_rush_carries_matchup_ewma,float64,49.8,False
diff_pfr_rush_carries_matchup_roll5,float64,49.8,False
diff_pfr_rush_carries_produced_ewma,float64,49.8,False
diff_pfr_rush_carries_produced_roll5,float64,49.8,False
diff_pfr_rush_receiving_broken_tackles_allowed_ewma,float64,0.0,True
diff_pfr_rush_receiving_broken_tackles_allowed_roll5,float64,0.0,True
diff_pfr_rush_receiving_broken_tackles_matchup_ewma,float64,0.0,True
diff_pfr_rush_receiving_broken_tackles_matchup_roll5,float64,0.0,True
diff_pfr_rush_receiving_broken_tackles_produced_ewma,float64,0.0,True
diff_pfr_rush_receiving_broken_tackles_produced_roll5,float64,0.0,True
diff_pfr_rush_rushing_broken_tackles_allowed_ewma,float64,50.5,False
diff_pfr_rush_rushing_broken_tackles_allowed_roll5,float64,50.5,False
diff_pfr_rush_rushing_broken_tackles_matchup_ewma,float64,49.8,False
diff_pfr_rush_rushing_broken_tackles_matchup_roll5,float64,49.8,False
diff_pfr_rush_rushing_broken_tackles_produced_ewma,float64,49.8,False
diff_pfr_rush_rushing_broken_tackles_produced_roll5,float64,49.8,False
diff_pfr_rush_rushing_yards_after_contact_allowed_ewma,float64,50.5,False
diff_pfr_rush_rushing_yards_after_contact_allowed_roll5,float64,50.5,False
diff_pfr_rush_rushing_yards_after_contact_avg_allowed_ewma,float64,50.5,False
diff_pfr_rush_rushing_yards_after_contact_avg_allowed_roll5,float64,50.5,False
diff_pfr_rush_rushing_yards_after_contact_avg_matchup_ewma,float64,49.8,False
diff_pfr_rush_rushing_yards_after_contact_avg_matchup_roll5,float64,49.8,False
diff_pfr_rush_rushing_yards_after_contact_avg_produced_ewma,float64,49.8,False
diff_pfr_rush_rushing_yards_after_contact_avg_produced_roll5,float64,49.8,False
diff_pfr_rush_rushing_yards_after_contact_matchup_ewma,float64,49.8,False
diff_pfr_rush_rushing_yards_after_contact_matchup_roll5,float64,49.8,False
diff_pfr_rush_rushing_yards_after_contact_produced_ewma,float64,49.8,False
diff_pfr_rush_rushing_yards_after_contact_produced_roll5,float64,49.8,False
diff_pfr_rush_rushing_yards_before_contact_allowed_ewma,float64,50.5,False
diff_pfr_rush_rushing_yards_before_contact_allowed_roll5,float64,50.5,False
diff_pfr_rush_rushing_yards_before_contact_avg_allowed_ewma,float64,50.5,False
diff_pfr_rush_rushing_yards_before_contact_avg_allowed_roll5,float64,50.5,False
diff_pfr_rush_rushing_yards_before_contact_avg_matchup_ewma,float64,49.8,False
diff_pfr_rush_rushing_yards_before_contact_avg_matchup_roll5,float64,49.8,False
diff_pfr_rush_rushing_yards_before_contact_avg_produced_ewma,float64,49.8,False
diff_pfr_rush_rushing_yards_before_contact_avg_produced_roll5,float64,49.8,False
diff_pfr_rush_rushing_yards_before_contact_matchup_ewma,float64,49.8,False
diff_pfr_rush_rushing_yards_before_contact_matchup_roll5,float64,49.8,False
diff_pfr_rush_rushing_yards_before_contact_produced_ewma,float64,49.8,False
diff_pfr_rush_rushing_yards_before_contact_produced_roll5,float64,49.8,False
diff_pt_att_allowed_ewma,float64,99.5,False
diff_pt_att_allowed_roll5,float64,99.5,False
diff_pt_att_matchup_ewma,float64,91.2,False
diff_pt_att_matchup_roll5,float64,91.2,False
diff_pt_att_produced_ewma,float64,91.2,False
diff_pt_att_produced_roll5,float64,91.2,False
diff_pt_blocked_allowed_ewma,float64,99.5,False
diff_pt_blocked_allowed_roll5,float64,99.5,False
diff_pt_blocked_matchup_ewma,float64,91.2,False
diff_pt_blocked_matchup_roll5,float64,91.2,False
diff_pt_blocked_produced_ewma,float64,91.2,False
diff_pt_blocked_produced_roll5,float64,91.2,False
diff_pt_downed_allowed_ewma,float64,99.5,False
diff_pt_downed_allowed_roll5,float64,99.5,False
diff_pt_downed_matchup_ewma,float64,91.2,False
diff_pt_downed_matchup_roll5,float64,91.2,False
diff_pt_downed_produced_ewma,float64,91.2,False
diff_pt_downed_produced_roll5,float64,91.2,False
diff_pt_fair_caught_allowed_ewma,float64,99.5,False
diff_pt_fair_caught_allowed_roll5,float64,99.5,False
diff_pt_fair_caught_matchup_ewma,float64,91.2,False
diff_pt_fair_caught_matchup_roll5,float64,91.2,False
diff_pt_fair_caught_produced_ewma,float64,91.2,False
diff_pt_fair_caught_produced_roll5,float64,91.2,False
diff_pt_inside_20_allowed_ewma,float64,99.5,False
diff_pt_inside_20_allowed_roll5,float64,99.5,False
diff_pt_inside_20_matchup_ewma,float64,91.2,False
diff_pt_inside_20_matchup_roll5,float64,91.2,False
diff_pt_inside_20_produced_ewma,float64,91.2,False
diff_pt_inside_20_produced_roll5,float64,91.2,False
diff_pt_long_allowed_ewma,float64,99.5,False
diff_pt_long_allowed_roll5,float64,99.5,False
diff_pt_long_matchup_ewma,float64,91.2,False
diff_pt_long_matchup_roll5,float64,91.2,False
diff_pt_long_produced_ewma,float64,91.2,False
diff_pt_long_produced_roll5,float64,91.2,False
diff_pt_net_yards_allowed_ewma,float64,99.5,False
diff_pt_net_yards_allowed_roll5,float64,99.5,False
diff_pt_net_yards_matchup_ewma,float64,91.2,False
diff_pt_net_yards_matchup_roll5,float64,91.2,False
diff_pt_net_yards_produced_ewma,float64,91.2,False
diff_pt_net_yards_produced_roll5,float64,91.2,False
diff_pt_out_of_bounds_allowed_ewma,float64,99.5,False
diff_pt_out_of_bounds_allowed_roll5,float64,99.5,False
diff_pt_out_of_bounds_matchup_ewma,float64,91.2,False
diff_pt_out_of_bounds_matchup_roll5,float64,91.2,False
diff_pt_out_of_bounds_produced_ewma,float64,91.2,False
diff_pt_out_of_bounds_produced_roll5,float64,91.2,False
diff_pt_return_tds_allowed_ewma,float64,99.5,False
diff_pt_return_tds_allowed_roll5,float64,99.5,False
diff_pt_return_tds_matchup_ewma,float64,91.2,False
diff_pt_return_tds_matchup_roll5,float64,91.2,False
diff_pt_return_tds_produced_ewma,float64,91.2,False
diff_pt_return_tds_produced_roll5,float64,91.2,False
diff_pt_return_yards_allowed_ewma,float64,99.5,False
diff_pt_return_yards_allowed_roll5,float64,99.5,False
diff_pt_return_yards_matchup_ewma,float64,91.2,False
diff_pt_return_yards_matchup_roll5,float64,91.2,False
diff_pt_return_yards_produced_ewma,float64,91.2,False
diff_pt_return_yards_produced_roll5,float64,91.2,False
diff_pt_returned_allowed_ewma,float64,99.5,False
diff_pt_returned_allowed_roll5,float64,99.5,False
diff_pt_returned_matchup_ewma,float64,91.2,False
diff_pt_returned_matchup_roll5,float64,91.2,False
diff_pt_returned_produced_ewma,float64,91.2,False
diff_pt_returned_produced_roll5,float64,91.2,False
diff_pt_touchback_allowed_ewma,float64,99.5,False
diff_pt_touchback_allowed_roll5,float64,99.5,False
diff_pt_touchback_matchup_ewma,float64,91.2,False
diff_pt_touchback_matchup_roll5,float64,91.2,False
diff_pt_touchback_produced_ewma,float64,91.2,False
diff_pt_touchback_produced_roll5,float64,91.2,False
diff_pt_yards_allowed_ewma,float64,99.5,False
diff_pt_yards_allowed_roll5,float64,99.5,False
diff_pt_yards_matchup_ewma,float64,91.2,False
diff_pt_yards_matchup_roll5,float64,91.2,False
diff_pt_yards_produced_ewma,float64,91.2,False
diff_pt_yards_produced_roll5,float64,91.2,False
diff_punt_return_yards_allowed_ewma,float64,99.5,False
diff_punt_return_yards_allowed_roll5,float64,99.5,False
diff_punt_return_yards_matchup_ewma,float64,91.2,False
diff_punt_return_yards_matchup_roll5,float64,91.2,False
diff_punt_return_yards_produced_ewma,float64,91.2,False
diff_punt_return_yards_produced_roll5,float64,91.2,False
diff_punt_returns_allowed_ewma,float64,99.5,False
diff_punt_returns_allowed_roll5,float64,99.5,False
diff_punt_returns_matchup_ewma,float64,91.2,False
diff_punt_returns_matchup_roll5,float64,91.2,False
diff_punt_returns_produced_ewma,float64,91.2,False
diff_punt_returns_produced_roll5,float64,91.2,False
diff_receiving_10_allowed_ewma,float64,99.5,False
diff_receiving_10_allowed_roll5,float64,99.5,False
diff_receiving_10_matchup_ewma,float64,91.2,False
diff_receiving_10_matchup_roll5,float64,91.2,False
diff_receiving_10_produced_ewma,float64,91.2,False
diff_receiving_10_produced_roll5,float64,91.2,False
diff_receiving_16_allowed_ewma,float64,99.5,False
diff_receiving_16_allowed_roll5,float64,99.5,False
diff_receiving_16_matchup_ewma,float64,91.2,False
diff_receiving_16_matchup_roll5,float64,91.2,False
diff_receiving_16_produced_ewma,float64,91.2,False
diff_receiving_16_produced_roll5,float64,91.2,False
diff_receiving_20_allowed_ewma,float64,99.5,False
diff_receiving_20_allowed_roll5,float64,99.5,False
diff_receiving_20_matchup_ewma,float64,91.2,False
diff_receiving_20_matchup_roll5,float64,91.2,False
diff_receiving_20_produced_ewma,float64,91.2,False
diff_receiving_20_produced_roll5,float64,91.2,False
diff_receiving_2pt_conversions_allowed_ewma,float64,99.5,False
diff_receiving_2pt_conversions_allowed_roll5,float64,99.5,False
diff_receiving_2pt_conversions_matchup_ewma,float64,91.2,False
diff_receiving_2pt_conversions_matchup_roll5,float64,91.2,False
diff_receiving_2pt_conversions_produced_ewma,float64,91.2,False
diff_receiving_2pt_conversions_produced_roll5,float64,91.2,False
diff_receiving_40_allowed_ewma,float64,99.5,False
diff_receiving_40_allowed_roll5,float64,99.5,False
diff_receiving_40_matchup_ewma,float64,91.2,False
diff_receiving_40_matchup_roll5,float64,91.2,False
diff_receiving_40_produced_ewma,float64,91.2,False
diff_receiving_40_produced_roll5,float64,91.2,False
diff_receiving_air_yards_allowed_ewma,float64,99.5,False
diff_receiving_air_yards_allowed_roll5,float64,99.5,False
diff_receiving_air_yards_matchup_ewma,float64,91.2,False
diff_receiving_air_yards_matchup_roll5,float64,91.2,False
diff_receiving_air_yards_per_target_allowed_ewma,float64,99.5,False
diff_receiving_air_yards_per_target_allowed_roll5,float64,99.5,False
diff_receiving_air_yards_per_target_matchup_ewma,float64,91.2,False
diff_receiving_air_yards_per_target_matchup_roll5,float64,91.2,False
diff_receiving_air_yards_per_target_produced_ewma,float64,91.2,False
diff_receiving_air_yards_per_target_produced_roll5,float64,91.2,False
diff_receiving_air_yards_produced_ewma,float64,91.2,False
diff_receiving_air_yards_produced_roll5,float64,91.2,False
diff_receiving_epa_allowed_ewma,float64,99.5,False
diff_receiving_epa_allowed_roll5,float64,99.5,False
diff_receiving_epa_matchup_ewma,float64,91.2,False
diff_receiving_epa_matchup_roll5,float64,91.2,False
diff_receiving_epa_per_target_allowed_ewma,float64,99.5,False
diff_receiving_epa_per_target_allowed_roll5,float64,99.5,False
diff_receiving_epa_per_target_matchup_ewma,float64,91.2,False
diff_receiving_epa_per_target_matchup_roll5,float64,91.2,False
diff_receiving_epa_per_target_produced_ewma,float64,91.2,False
diff_receiving_epa_per_target_produced_roll5,float64,91.2,False
diff_receiving_epa_produced_ewma,float64,91.2,False
diff_receiving_epa_produced_roll5,float64,91.2,False
diff_receiving_first_down_rate_allowed_ewma,float64,99.5,False
diff_receiving_first_down_rate_allowed_roll5,float64,99.5,False
diff_receiving_first_down_rate_matchup_ewma,float64,91.2,False
diff_receiving_first_down_rate_matchup_roll5,float64,91.2,False
diff_receiving_first_down_rate_produced_ewma,float64,91.2,False
diff_receiving_first_down_rate_produced_roll5,float64,91.2,False
diff_receiving_first_downs_allowed_ewma,float64,99.5,False
diff_receiving_first_downs_allowed_roll5,float64,99.5,False
diff_receiving_first_downs_matchup_ewma,float64,91.2,False
diff_receiving_first_downs_matchup_roll5,float64,91.2,False
diff_receiving_first_downs_produced_ewma,float64,91.2,False
diff_receiving_first_downs_produced_roll5,float64,91.2,False
diff_receiving_fumbles_allowed_ewma,float64,99.5,False
diff_receiving_fumbles_allowed_roll5,float64,99.5,False
diff_receiving_fumbles_lost_allowed_ewma,float64,99.5,False
diff_receiving_fumbles_lost_allowed_roll5,float64,99.5,False
diff_receiving_fumbles_lost_matchup_ewma,float64,91.2,False
diff_receiving_fumbles_lost_matchup_roll5,float64,91.2,False
diff_receiving_fumbles_lost_produced_ewma,float64,91.2,False
diff_receiving_fumbles_lost_produced_roll5,float64,91.2,False
diff_receiving_fumbles_matchup_ewma,float64,91.2,False
diff_receiving_fumbles_matchup_roll5,float64,91.2,False
diff_receiving_fumbles_produced_ewma,float64,91.2,False
diff_receiving_fumbles_produced_roll5,float64,91.2,False
diff_receiving_tds_allowed_ewma,float64,99.5,False
diff_receiving_tds_allowed_roll5,float64,99.5,False
diff_receiving_tds_matchup_ewma,float64,91.2,False
diff_receiving_tds_matchup_roll5,float64,91.2,False
diff_receiving_tds_produced_ewma,float64,91.2,False
diff_receiving_tds_produced_roll5,float64,91.2,False
diff_receiving_yac_per_reception_allowed_ewma,float64,99.5,False
diff_receiving_yac_per_reception_allowed_roll5,float64,99.5,False
diff_receiving_yac_per_reception_matchup_ewma,float64,91.2,False
diff_receiving_yac_per_reception_matchup_roll5,float64,91.2,False
diff_receiving_yac_per_reception_produced_ewma,float64,91.2,False
diff_receiving_yac_per_reception_produced_roll5,float64,91.2,False
diff_receiving_yards_after_catch_allowed_ewma,float64,99.5,False
diff_receiving_yards_after_catch_allowed_roll5,float64,99.5,False
diff_receiving_yards_after_catch_matchup_ewma,float64,91.2,False
diff_receiving_yards_after_catch_matchup_roll5,float64,91.2,False
diff_receiving_yards_after_catch_produced_ewma,float64,91.2,False
diff_receiving_yards_after_catch_produced_roll5,float64,91.2,False
diff_receiving_yards_allowed_ewma,float64,99.5,False
diff_receiving_yards_allowed_roll5,float64,99.5,False
diff_receiving_yards_matchup_ewma,float64,91.2,False
diff_receiving_yards_matchup_roll5,float64,91.2,False
diff_receiving_yards_produced_ewma,float64,91.2,False
diff_receiving_yards_produced_roll5,float64,91.2,False
diff_receptions_allowed_ewma,float64,99.5,False
diff_receptions_allowed_roll5,float64,99.5,False
diff_receptions_matchup_ewma,float64,91.2,False
diff_receptions_matchup_roll5,float64,91.2,False
diff_receptions_produced_ewma,float64,91.2,False
diff_receptions_produced_roll5,float64,91.2,False
diff_rushing_10_allowed_ewma,float64,99.5,False
diff_rushing_10_allowed_roll5,float64,99.5,False
diff_rushing_10_matchup_ewma,float64,91.2,False
diff_rushing_10_matchup_roll5,float64,91.2,False
diff_rushing_10_produced_ewma,float64,91.2,False
diff_rushing_10_produced_roll5,float64,91.2,False
diff_rushing_12_allowed_ewma,float64,99.5,False
diff_rushing_12_allowed_roll5,float64,99.5,False
diff_rushing_12_matchup_ewma,float64,91.2,False
diff_rushing_12_matchup_roll5,float64,91.2,False
diff_rushing_12_produced_ewma,float64,91.2,False
diff_rushing_12_produced_roll5,float64,91.2,False
diff_rushing_20_allowed_ewma,float64,99.5,False
diff_rushing_20_allowed_roll5,float64,99.5,False
diff_rushing_20_matchup_ewma,float64,91.2,False
diff_rushing_20_matchup_roll5,float64,91.2,False
diff_rushing_20_produced_ewma,float64,91.2,False
diff_rushing_20_produced_roll5,float64,91.2,False
diff_rushing_2pt_conversions_allowed_ewma,float64,99.5,False
diff_rushing_2pt_conversions_allowed_roll5,float64,99.5,False
diff_rushing_2pt_conversions_matchup_ewma,float64,91.2,False
diff_rushing_2pt_conversions_matchup_roll5,float64,91.2,False
diff_rushing_2pt_conversions_produced_ewma,float64,91.2,False
diff_rushing_2pt_conversions_produced_roll5,float64,91.2,False
diff_rushing_40_allowed_ewma,float64,99.5,False
diff_rushing_40_allowed_roll5,float64,99.5,False
diff_rushing_40_matchup_ewma,float64,91.2,False
diff_rushing_40_matchup_roll5,float64,91.2,False
diff_rushing_40_produced_ewma,float64,91.2,False
diff_rushing_40_produced_roll5,float64,91.2,False
diff_rushing_epa_allowed_ewma,float64,99.5,False
diff_rushing_epa_allowed_roll5,float64,99.5,False
diff_rushing_epa_matchup_ewma,float64,91.2,False
diff_rushing_epa_matchup_roll5,float64,91.2,False
diff_rushing_epa_per_play_allowed_ewma,float64,99.5,False
diff_rushing_epa_per_play_allowed_roll5,float64,99.5,False
diff_rushing_epa_per_play_matchup_ewma,float64,91.2,False
diff_rushing_epa_per_play_matchup_roll5,float64,91.2,False
diff_rushing_epa_per_play_produced_ewma,float64,91.2,False
diff_rushing_epa_per_play_produced_roll5,float64,91.2,False
diff_rushing_epa_produced_ewma,float64,91.2,False
diff_rushing_epa_produced_roll5,float64,91.2,False
diff_rushing_first_down_rate_allowed_ewma,float64,99.5,False
diff_rushing_first_down_rate_allowed_roll5,float64,99.5,False
diff_rushing_first_down_rate_matchup_ewma,float64,91.2,False
diff_rushing_first_down_rate_matchup_roll5,float64,91.2,False
diff_rushing_first_down_rate_produced_ewma,float64,91.2,False
diff_rushing_first_down_rate_produced_roll5,float64,91.2,False
diff_rushing_first_downs_allowed_ewma,float64,99.5,False
diff_rushing_first_downs_allowed_roll5,float64,99.5,False
diff_rushing_first_downs_matchup_ewma,float64,91.2,False
diff_rushing_first_downs_matchup_roll5,float64,91.2,False
diff_rushing_first_downs_produced_ewma,float64,91.2,False
diff_rushing_first_downs_produced_roll5,float64,91.2,False
diff_rushing_fumble_rate_allowed_ewma,float64,99.5,False
diff_rushing_fumble_rate_allowed_roll5,float64,99.5,False
diff_rushing_fumble_rate_matchup_ewma,float64,91.2,False
diff_rushing_fumble_rate_matchup_roll5,float64,91.2,False
diff_rushing_fumble_rate_produced_ewma,float64,91.2,False
diff_rushing_fumble_rate_produced_roll5,float64,91.2,False
diff_rushing_fumbles_allowed_ewma,float64,99.5,False
diff_rushing_fumbles_allowed_roll5,float64,99.5,False
diff_rushing_fumbles_lost_allowed_ewma,float64,99.5,False
diff_rushing_fumbles_lost_allowed_roll5,float64,99.5,False
diff_rushing_fumbles_lost_matchup_ewma,float64,91.2,False
diff_rushing_fumbles_lost_matchup_roll5,float64,91.2,False
diff_rushing_fumbles_lost_produced_ewma,float64,91.2,False
diff_rushing_fumbles_lost_produced_roll5,float64,91.2,False
diff_rushing_fumbles_matchup_ewma,float64,91.2,False
diff_rushing_fumbles_matchup_roll5,float64,91.2,False
diff_rushing_fumbles_produced_ewma,float64,91.2,False
diff_rushing_fumbles_produced_roll5,float64,91.2,False
diff_rushing_td_rate_allowed_ewma,float64,99.5,False
diff_rushing_td_rate_allowed_roll5,float64,99.5,False
diff_rushing_td_rate_matchup_ewma,float64,91.2,False
diff_rushing_td_rate_matchup_roll5,float64,91.2,False
diff_rushing_td_rate_produced_ewma,float64,91.2,False
diff_rushing_td_rate_produced_roll5,float64,91.2,False
diff_rushing_tds_allowed_ewma,float64,99.5,False
diff_rushing_tds_allowed_roll5,float64,99.5,False
diff_rushing_tds_matchup_ewma,float64,91.2,False
diff_rushing_tds_matchup_roll5,float64,91.2,False
diff_rushing_tds_produced_ewma,float64,91.2,False
diff_rushing_tds_produced_roll5,float64,91.2,False
diff_rushing_yards_allowed_ewma,float64,99.5,False
diff_rushing_yards_allowed_roll5,float64,99.5,False
diff_rushing_yards_matchup_ewma,float64,91.2,False
diff_rushing_yards_matchup_roll5,float64,91.2,False
diff_rushing_yards_produced_ewma,float64,91.2,False
diff_rushing_yards_produced_roll5,float64,91.2,False
diff_sack_fumbles_allowed_ewma,float64,99.5,False
diff_sack_fumbles_allowed_roll5,float64,99.5,False
diff_sack_fumbles_lost_allowed_ewma,float64,99.5,False
diff_sack_fumbles_lost_allowed_roll5,float64,99.5,False
diff_sack_fumbles_lost_matchup_ewma,float64,91.2,False
diff_sack_fumbles_lost_matchup_roll5,float64,91.2,False
diff_sack_fumbles_lost_produced_ewma,float64,91.2,False
diff_sack_fumbles_lost_produced_roll5,float64,91.2,False
diff_sack_fumbles_matchup_ewma,float64,91.2,False
diff_sack_fumbles_matchup_roll5,float64,91.2,False
diff_sack_fumbles_produced_ewma,float64,91.2,False
diff_sack_fumbles_produced_roll5,float64,91.2,False
diff_sack_rate_suffered_allowed_ewma,float64,99.5,False
diff_sack_rate_suffered_allowed_roll5,float64,99.5,False
diff_sack_rate_suffered_matchup_ewma,float64,91.2,False
diff_sack_rate_suffered_matchup_roll5,float64,91.2,False
diff_sack_rate_suffered_produced_ewma,float64,91.2,False
diff_sack_rate_suffered_produced_roll5,float64,91.2,False
diff_sack_yards_lost_allowed_ewma,float64,99.5,False
diff_sack_yards_lost_allowed_roll5,float64,99.5,False
diff_sack_yards_lost_matchup_ewma,float64,91.2,False
diff_sack_yards_lost_matchup_roll5,float64,91.2,False
diff_sack_yards_lost_produced_ewma,float64,91.2,False
diff_sack_yards_lost_produced_roll5,float64,91.2,False
diff_sacks_suffered_allowed_ewma,float64,99.5,False
diff_sacks_suffered_allowed_roll5,float64,99.5,False
diff_sacks_suffered_matchup_ewma,float64,91.2,False
diff_sacks_suffered_matchup_roll5,float64,91.2,False
diff_sacks_suffered_produced_ewma,float64,91.2,False
diff_sacks_suffered_produced_roll5,float64,91.2,False
diff_special_teams_tds_allowed_ewma,float64,99.5,False
diff_special_teams_tds_allowed_roll5,float64,99.5,False
diff_special_teams_tds_matchup_ewma,float64,91.2,False
diff_special_teams_tds_matchup_roll5,float64,91.2,False
diff_special_teams_tds_produced_ewma,float64,91.2,False
diff_special_teams_tds_produced_roll5,float64,91.2,False
diff_targets_allowed_ewma,float64,99.5,False
diff_targets_allowed_roll5,float64,99.5,False
diff_targets_matchup_ewma,float64,91.2,False
diff_targets_matchup_roll5,float64,91.2,False
diff_targets_produced_ewma,float64,91.2,False
diff_targets_produced_roll5,float64,91.2,False
diff_timeouts_allowed_ewma,float64,99.5,False
diff_timeouts_allowed_roll5,float64,99.5,False
diff_timeouts_matchup_ewma,float64,91.2,False
diff_timeouts_matchup_roll5,float64,91.2,False
diff_timeouts_produced_ewma,float64,91.2,False
diff_timeouts_produced_roll5,float64,91.2,False
diff_total_offense_epa_per_play_allowed_ewma,float64,99.5,False
diff_total_offense_epa_per_play_allowed_roll5,float64,99.5,False
diff_total_offense_epa_per_play_matchup_ewma,float64,91.2,False
diff_total_offense_epa_per_play_matchup_roll5,float64,91.2,False
diff_total_offense_epa_per_play_produced_ewma,float64,91.2,False
diff_total_offense_epa_per_play_produced_roll5,float64,91.2,False
diff_yards_per_carry_allowed_ewma,float64,99.5,False
diff_yards_per_carry_allowed_roll5,float64,99.5,False
diff_yards_per_carry_matchup_ewma,float64,91.2,False
diff_yards_per_carry_matchup_roll5,float64,91.2,False
diff_yards_per_carry_produced_ewma,float64,91.2,False
diff_yards_per_carry_produced_roll5,float64,91.2,False
diff_yards_per_pass_attempt_allowed_ewma,float64,99.5,False
diff_yards_per_pass_attempt_allowed_roll5,float64,99.5,False
diff_yards_per_pass_attempt_matchup_ewma,float64,91.2,False
diff_yards_per_pass_attempt_matchup_roll5,float64,91.2,False
diff_yards_per_pass_attempt_produced_ewma,float64,91.2,False
diff_yards_per_pass_attempt_produced_roll5,float64,91.2,False
div_game,int32,100.0,False
fav_home,Int64,100.0,False
home_attempts_allowed_ewma,float64,99.6,False
home_attempts_allowed_roll5,float64,99.6,False
home_attempts_matchup_ewma,float64,95.1,False
home_attempts_matchup_roll5,float64,95.1,False
home_attempts_produced_ewma,float64,95.2,False
home_attempts_produced_roll5,float64,95.2,False
home_carries_allowed_ewma,float64,99.6,False
home_carries_allowed_roll5,float64,99.6,False
home_carries_matchup_ewma,float64,95.1,False
home_carries_matchup_roll5,float64,95.1,False
home_carries_produced_ewma,float64,95.2,False
home_carries_produced_roll5,float64,95.2,False
home_catch_rate_allowed_ewma,float64,99.6,False
home_catch_rate_allowed_roll5,float64,99.6,False
home_catch_rate_matchup_ewma,float64,95.1,False
home_catch_rate_matchup_roll5,float64,95.1,False
home_catch_rate_produced_ewma,float64,95.2,False
home_catch_rate_produced_roll5,float64,95.2,False
home_completion_pct_allowed_ewma,float64,99.6,False
home_completion_pct_allowed_roll5,float64,99.6,False
home_completion_pct_matchup_ewma,float64,95.1,False
home_completion_pct_matchup_roll5,float64,95.1,False
home_completion_pct_produced_ewma,float64,95.2,False
home_completion_pct_produced_roll5,float64,95.2,False
home_completions_allowed_ewma,float64,99.6,False
home_completions_allowed_roll5,float64,99.6,False
home_completions_matchup_ewma,float64,95.1,False
home_completions_matchup_roll5,float64,95.1,False
home_completions_produced_ewma,float64,95.2,False
home_completions_produced_roll5,float64,95.2,False
home_def_2pt_atts_allowed_ewma,float64,99.6,False
home_def_2pt_atts_allowed_roll5,float64,99.6,False
home_def_2pt_atts_matchup_ewma,float64,95.1,False
home_def_2pt_atts_matchup_roll5,float64,95.1,False
home_def_2pt_atts_produced_ewma,float64,95.2,False
home_def_2pt_atts_produced_roll5,float64,95.2,False
home_def_2pt_made_allowed_ewma,float64,99.6,False
home_def_2pt_made_allowed_roll5,float64,99.6,False
home_def_2pt_made_matchup_ewma,float64,95.1,False
home_def_2pt_made_matchup_roll5,float64,95.1,False
home_def_2pt_made_produced_ewma,float64,95.2,False
home_def_2pt_made_produced_roll5,float64,95.2,False
home_def_fg_blocks_allowed_ewma,float64,99.6,False
home_def_fg_blocks_allowed_roll5,float64,99.6,False
home_def_fg_blocks_matchup_ewma,float64,95.1,False
home_def_fg_blocks_matchup_roll5,float64,95.1,False
home_def_fg_blocks_produced_ewma,float64,95.2,False
home_def_fg_blocks_produced_roll5,float64,95.2,False
home_def_fumbles_allowed_ewma,float64,99.6,False
home_def_fumbles_allowed_roll5,float64,99.6,False
home_def_fumbles_forced_allowed_ewma,float64,99.6,False
home_def_fumbles_forced_allowed_roll5,float64,99.6,False
home_def_fumbles_forced_matchup_ewma,float64,95.1,False
home_def_fumbles_forced_matchup_roll5,float64,95.1,False
home_def_fumbles_forced_produced_ewma,float64,95.2,False
home_def_fumbles_forced_produced_roll5,float64,95.2,False
home_def_fumbles_matchup_ewma,float64,95.1,False
home_def_fumbles_matchup_roll5,float64,95.1,False
home_def_fumbles_produced_ewma,float64,95.2,False
home_def_fumbles_produced_roll5,float64,95.2,False
home_def_interception_rate_allowed_ewma,float64,95.2,False
home_def_interception_rate_allowed_roll5,float64,95.2,False
home_def_interception_rate_matchup_ewma,float64,91.2,False
home_def_interception_rate_matchup_roll5,float64,91.2,False
home_def_interception_rate_produced_ewma,float64,95.2,False
home_def_interception_rate_produced_roll5,float64,95.2,False
home_def_interception_yards_allowed_ewma,float64,99.6,False
home_def_interception_yards_allowed_roll5,float64,99.6,False
home_def_interception_yards_matchup_ewma,float64,95.1,False
home_def_interception_yards_matchup_roll5,float64,95.1,False
home_def_interception_yards_produced_ewma,float64,95.2,False
home_def_interception_yards_produced_roll5,float64,95.2,False
home_def_interceptions_allowed_ewma,float64,99.6,False
home_def_interceptions_allowed_roll5,float64,99.6,False
home_def_interceptions_matchup_ewma,float64,95.1,False
home_def_interceptions_matchup_roll5,float64,95.1,False
home_def_interceptions_produced_ewma,float64,95.2,False
home_def_interceptions_produced_roll5,float64,95.2,False
home_def_pass_defended_allowed_ewma,float64,99.6,False
home_def_pass_defended_allowed_roll5,float64,99.6,False
home_def_pass_defended_matchup_ewma,float64,95.1,False
home_def_pass_defended_matchup_roll5,float64,95.1,False
home_def_pass_defended_produced_ewma,float64,95.2,False
home_def_pass_defended_produced_roll5,float64,95.2,False
home_def_pass_defended_rate_allowed_ewma,float64,95.2,False
home_def_pass_defended_rate_allowed_roll5,float64,95.2,False
home_def_pass_defended_rate_matchup_ewma,float64,91.2,False
home_def_pass_defended_rate_matchup_roll5,float64,91.2,False
home_def_pass_defended_rate_produced_ewma,float64,95.2,False
home_def_pass_defended_rate_produced_roll5,float64,95.2,False
home_def_pat_blocks_allowed_ewma,float64,99.6,False
home_def_pat_blocks_allowed_roll5,float64,99.6,False
home_def_pat_blocks_matchup_ewma,float64,95.1,False
home_def_pat_blocks_matchup_roll5,float64,95.1,False
home_def_pat_blocks_produced_ewma,float64,95.2,False
home_def_pat_blocks_produced_roll5,float64,95.2,False
home_def_punt_blocks_allowed_ewma,float64,99.6,False
home_def_punt_blocks_allowed_roll5,float64,99.6,False
home_def_punt_blocks_matchup_ewma,float64,95.1,False
home_def_punt_blocks_matchup_roll5,float64,95.1,False
home_def_punt_blocks_produced_ewma,float64,95.2,False
home_def_punt_blocks_produced_roll5,float64,95.2,False
home_def_qb_hit_rate_allowed_ewma,float64,95.2,False
home_def_qb_hit_rate_allowed_roll5,float64,95.2,False
home_def_qb_hit_rate_matchup_ewma,float64,91.2,False
home_def_qb_hit_rate_matchup_roll5,float64,91.2,False
home_def_qb_hit_rate_produced_ewma,float64,95.2,False
home_def_qb_hit_rate_produced_roll5,float64,95.2,False
home_def_qb_hits_allowed_ewma,float64,99.6,False
home_def_qb_hits_allowed_roll5,float64,99.6,False
home_def_qb_hits_matchup_ewma,float64,95.1,False
home_def_qb_hits_matchup_roll5,float64,95.1,False
home_def_qb_hits_produced_ewma,float64,95.2,False
home_def_qb_hits_produced_roll5,float64,95.2,False
home_def_sack_rate_allowed_ewma,float64,95.2,False
home_def_sack_rate_allowed_roll5,float64,95.2,False
home_def_sack_rate_matchup_ewma,float64,91.2,False
home_def_sack_rate_matchup_roll5,float64,91.2,False
home_def_sack_rate_produced_ewma,float64,95.2,False
home_def_sack_rate_produced_roll5,float64,95.2,False
home_def_sack_yards_allowed_ewma,float64,99.6,False
home_def_sack_yards_allowed_roll5,float64,99.6,False
home_def_sack_yards_matchup_ewma,float64,95.1,False
home_def_sack_yards_matchup_roll5,float64,95.1,False
home_def_sack_yards_produced_ewma,float64,95.2,False
home_def_sack_yards_produced_roll5,float64,95.2,False
home_def_sacks_allowed_ewma,float64,99.6,False
home_def_sacks_allowed_roll5,float64,99.6,False
home_def_sacks_matchup_ewma,float64,95.1,False
home_def_sacks_matchup_roll5,float64,95.1,False
home_def_sacks_produced_ewma,float64,95.2,False
home_def_sacks_produced_roll5,float64,95.2,False
home_def_safeties_allowed_ewma,float64,99.6,False
home_def_safeties_allowed_roll5,float64,99.6,False
home_def_safeties_matchup_ewma,float64,95.1,False
home_def_safeties_matchup_roll5,float64,95.1,False
home_def_safeties_produced_ewma,float64,95.2,False
home_def_safeties_produced_roll5,float64,95.2,False
home_def_tackle_assists_allowed_ewma,float64,99.6,False
home_def_tackle_assists_allowed_roll5,float64,99.6,False
home_def_tackle_assists_matchup_ewma,float64,95.1,False
home_def_tackle_assists_matchup_roll5,float64,95.1,False
home_def_tackle_assists_produced_ewma,float64,95.2,False
home_def_tackle_assists_produced_roll5,float64,95.2,False
home_def_tackles_for_loss_allowed_ewma,float64,99.6,False
home_def_tackles_for_loss_allowed_roll5,float64,99.6,False
home_def_tackles_for_loss_matchup_ewma,float64,95.1,False
home_def_tackles_for_loss_matchup_roll5,float64,95.1,False
home_def_tackles_for_loss_produced_ewma,float64,95.2,False
home_def_tackles_for_loss_produced_roll5,float64,95.2,False
home_def_tackles_for_loss_rate_allowed_ewma,float64,95.2,False
home_def_tackles_for_loss_rate_allowed_roll5,float64,95.2,False
home_def_tackles_for_loss_rate_matchup_ewma,float64,91.2,False
home_def_tackles_for_loss_rate_matchup_roll5,float64,91.2,False
home_def_tackles_for_loss_rate_produced_ewma,float64,95.2,False
home_def_tackles_for_loss_rate_produced_roll5,float64,95.2,False
home_def_tackles_for_loss_yards_allowed_ewma,float64,99.6,False
home_def_tackles_for_loss_yards_allowed_roll5,float64,99.6,False
home_def_tackles_for_loss_yards_matchup_ewma,float64,95.1,False
home_def_tackles_for_loss_yards_matchup_roll5,float64,95.1,False
home_def_tackles_for_loss_yards_produced_ewma,float64,95.2,False
home_def_tackles_for_loss_yards_produced_roll5,float64,95.2,False
home_def_tackles_solo_allowed_ewma,float64,99.6,False
home_def_tackles_solo_allowed_roll5,float64,99.6,False
home_def_tackles_solo_matchup_ewma,float64,95.1,False
home_def_tackles_solo_matchup_roll5,float64,95.1,False
home_def_tackles_solo_produced_ewma,float64,95.2,False
home_def_tackles_solo_produced_roll5,float64,95.2,False
home_def_tackles_with_assist_allowed_ewma,float64,99.6,False
home_def_tackles_with_assist_allowed_roll5,float64,99.6,False
home_def_tackles_with_assist_matchup_ewma,float64,95.1,False
home_def_tackles_with_assist_matchup_roll5,float64,95.1,False
home_def_tackles_with_assist_produced_ewma,float64,95.2,False
home_def_tackles_with_assist_produced_roll5,float64,95.2,False
home_def_tds_allowed_ewma,float64,99.6,False
home_def_tds_allowed_roll5,float64,99.6,False
home_def_tds_matchup_ewma,float64,95.1,False
home_def_tds_matchup_roll5,float64,95.1,False
home_def_tds_produced_ewma,float64,95.2,False
home_def_tds_produced_roll5,float64,95.2,False
home_fg_att_allowed_ewma,float64,99.6,False
home_fg_att_allowed_roll5,float64,99.6,False
home_fg_att_matchup_ewma,float64,95.1,False
home_fg_att_matchup_roll5,float64,95.1,False
home_fg_att_produced_ewma,float64,95.2,False
home_fg_att_produced_roll5,float64,95.2,False
home_fg_blocked_allowed_ewma,float64,99.6,False
home_fg_blocked_allowed_roll5,float64,99.6,False
home_fg_blocked_distance_allowed_ewma,float64,99.6,False
home_fg_blocked_distance_allowed_roll5,float64,99.6,False
home_fg_blocked_distance_matchup_ewma,float64,95.1,False
home_fg_blocked_distance_matchup_roll5,float64,95.1,False
home_fg_blocked_distance_produced_ewma,float64,95.2,False
home_fg_blocked_distance_produced_roll5,float64,95.2,False
home_fg_blocked_list_allowed_ewma,float64,83.9,False
home_fg_blocked_list_allowed_roll5,float64,16.1,False
home_fg_blocked_list_matchup_ewma,float64,75.9,False
home_fg_blocked_list_matchup_roll5,float64,2.6,False
home_fg_blocked_list_produced_ewma,float64,85.0,False
home_fg_blocked_list_produced_roll5,float64,15.9,False
home_fg_blocked_matchup_ewma,float64,95.1,False
home_fg_blocked_matchup_roll5,float64,95.1,False
home_fg_blocked_produced_ewma,float64,95.2,False
home_fg_blocked_produced_roll5,float64,95.2,False
home_fg_long_allowed_ewma,float64,99.4,False
home_fg_long_allowed_roll5,float64,99.4,False
home_fg_long_matchup_ewma,float64,95.0,False
home_fg_long_matchup_roll5,float64,94.9,False
home_fg_long_produced_ewma,float64,95.1,False
home_fg_long_produced_roll5,float64,95.1,False
home_fg_made_0_19_allowed_ewma,float64,99.6,False
home_fg_made_0_19_allowed_roll5,float64,99.6,False
home_fg_made_0_19_matchup_ewma,float64,95.1,False
home_fg_made_0_19_matchup_roll5,float64,95.1,False
home_fg_made_0_19_produced_ewma,float64,95.2,False
home_fg_made_0_19_produced_roll5,float64,95.2,False
home_fg_made_20_29_allowed_ewma,float64,99.6,False
home_fg_made_20_29_allowed_roll5,float64,99.6,False
home_fg_made_20_29_matchup_ewma,float64,95.1,False
home_fg_made_20_29_matchup_roll5,float64,95.1,False
home_fg_made_20_29_produced_ewma,float64,95.2,False
home_fg_made_20_29_produced_roll5,float64,95.2,False
home_fg_made_30_39_allowed_ewma,float64,99.6,False
home_fg_made_30_39_allowed_roll5,float64,99.6,False
home_fg_made_30_39_matchup_ewma,float64,95.1,False
home_fg_made_30_39_matchup_roll5,float64,95.1,False
home_fg_made_30_39_produced_ewma,float64,95.2,False
home_fg_made_30_39_produced_roll5,float64,95.2,False
home_fg_made_40_49_allowed_ewma,float64,99.6,False
home_fg_made_40_49_allowed_roll5,float64,99.6,False
home_fg_made_40_49_matchup_ewma,float64,95.1,False
home_fg_made_40_49_matchup_roll5,float64,95.1,False
home_fg_made_40_49_produced_ewma,float64,95.2,False
home_fg_made_40_49_produced_roll5,float64,95.2,False
home_fg_made_50_59_allowed_ewma,float64,99.6,False
home_fg_made_50_59_allowed_roll5,float64,99.6,False
home_fg_made_50_59_matchup_ewma,float64,95.1,False
home_fg_made_50_59_matchup_roll5,float64,95.1,False
home_fg_made_50_59_produced_ewma,float64,95.2,False
home_fg_made_50_59_produced_roll5,float64,95.2,False
home_fg_made_60__allowed_ewma,float64,99.6,False
home_fg_made_60__allowed_roll5,float64,99.6,False
home_fg_made_60__matchup_ewma,float64,95.1,False
home_fg_made_60__matchup_roll5,float64,95.1,False
home_fg_made_60__produced_ewma,float64,95.2,False
home_fg_made_60__produced_roll5,float64,95.2,False
home_fg_made_allowed_ewma,float64,99.6,False
home_fg_made_allowed_roll5,float64,99.6,False
home_fg_made_distance_allowed_ewma,float64,99.6,False
home_fg_made_distance_allowed_roll5,float64,99.6,False
home_fg_made_distance_matchup_ewma,float64,95.1,False
home_fg_made_distance_matchup_roll5,float64,95.1,False
home_fg_made_distance_produced_ewma,float64,95.2,False
home_fg_made_distance_produced_roll5,float64,95.2,False
home_fg_made_list_allowed_ewma,float64,99.0,False
home_fg_made_list_allowed_roll5,float64,83.2,False
home_fg_made_list_matchup_ewma,float64,94.1,False
home_fg_made_list_matchup_roll5,float64,68.0,False
home_fg_made_list_produced_ewma,float64,94.5,False
home_fg_made_list_produced_roll5,float64,81.1,False
home_fg_made_matchup_ewma,float64,95.1,False
home_fg_made_matchup_roll5,float64,95.1,False
home_fg_made_produced_ewma,float64,95.2,False
home_fg_made_produced_roll5,float64,95.2,False
home_fg_missed_0_19_allowed_ewma,float64,99.6,True
home_fg_missed_0_19_allowed_roll5,float64,99.6,True
home_fg_missed_0_19_matchup_ewma,float64,95.1,True
home_fg_missed_0_19_matchup_roll5,float64,95.1,True
home_fg_missed_0_19_produced_ewma,float64,95.2,True
home_fg_missed_0_19_produced_roll5,float64,95.2,True
home_fg_missed_20_29_allowed_ewma,float64,99.6,False
home_fg_missed_20_29_allowed_roll5,float64,99.6,False
home_fg_missed_20_29_matchup_ewma,float64,95.1,False
home_fg_missed_20_29_matchup_roll5,float64,95.1,False
home_fg_missed_20_29_produced_ewma,float64,95.2,False
home_fg_missed_20_29_produced_roll5,float64,95.2,False
home_fg_missed_30_39_allowed_ewma,float64,99.6,False
home_fg_missed_30_39_allowed_roll5,float64,99.6,False
home_fg_missed_30_39_matchup_ewma,float64,95.1,False
home_fg_missed_30_39_matchup_roll5,float64,95.1,False
home_fg_missed_30_39_produced_ewma,float64,95.2,False
home_fg_missed_30_39_produced_roll5,float64,95.2,False
home_fg_missed_40_49_allowed_ewma,float64,99.6,False
home_fg_missed_40_49_allowed_roll5,float64,99.6,False
home_fg_missed_40_49_matchup_ewma,float64,95.1,False
home_fg_missed_40_49_matchup_roll5,float64,95.1,False
home_fg_missed_40_49_produced_ewma,float64,95.2,False
home_fg_missed_40_49_produced_roll5,float64,95.2,False
home_fg_missed_50_59_allowed_ewma,float64,99.6,False
home_fg_missed_50_59_allowed_roll5,float64,99.6,False
home_fg_missed_50_59_matchup_ewma,float64,95.1,False
home_fg_missed_50_59_matchup_roll5,float64,95.1,False
home_fg_missed_50_59_produced_ewma,float64,95.2,False
home_fg_missed_50_59_produced_roll5,float64,95.2,False
home_fg_missed_60__allowed_ewma,float64,99.6,False
home_fg_missed_60__allowed_roll5,float64,99.6,False
home_fg_missed_60__matchup_ewma,float64,95.1,False
home_fg_missed_60__matchup_roll5,float64,95.1,False
home_fg_missed_60__produced_ewma,float64,95.2,False
home_fg_missed_60__produced_roll5,float64,95.2,False
home_fg_missed_allowed_ewma,float64,99.6,False
home_fg_missed_allowed_roll5,float64,99.6,False
home_fg_missed_distance_allowed_ewma,float64,99.6,False
home_fg_missed_distance_allowed_roll5,float64,99.6,False
home_fg_missed_distance_matchup_ewma,float64,95.1,False
home_fg_missed_distance_matchup_roll5,float64,95.1,False
home_fg_missed_distance_produced_ewma,float64,95.2,False
home_fg_missed_distance_produced_roll5,float64,95.2,False
home_fg_missed_list_allowed_ewma,float64,97.6,False
home_fg_missed_list_allowed_roll5,float64,64.2,False
home_fg_missed_list_matchup_ewma,float64,92.8,False
home_fg_missed_list_matchup_roll5,float64,41.1,False
home_fg_missed_list_produced_ewma,float64,93.9,False
home_fg_missed_list_produced_roll5,float64,63.1,False
home_fg_missed_matchup_ewma,float64,95.1,False
home_fg_missed_matchup_roll5,float64,95.1,False
home_fg_missed_produced_ewma,float64,95.2,False
home_fg_missed_produced_roll5,float64,95.2,False
home_fg_pct_allowed_ewma,float64,99.5,False
home_fg_pct_allowed_roll5,float64,99.5,False
home_fg_pct_matchup_ewma,float64,95.0,False
home_fg_pct_matchup_roll5,float64,95.0,False
home_fg_pct_produced_ewma,float64,95.2,False
home_fg_pct_produced_roll5,float64,95.2,False
home_fumble_recovery_opp_allowed_ewma,float64,99.6,False
home_fumble_recovery_opp_allowed_roll5,float64,99.6,False
home_fumble_recovery_opp_matchup_ewma,float64,95.1,False
home_fumble_recovery_opp_matchup_roll5,float64,95.1,False
home_fumble_recovery_opp_produced_ewma,float64,95.2,False
home_fumble_recovery_opp_produced_roll5,float64,95.2,False
home_fumble_recovery_own_allowed_ewma,float64,99.6,False
home_fumble_recovery_own_allowed_roll5,float64,99.6,False
home_fumble_recovery_own_matchup_ewma,float64,95.1,False
home_fumble_recovery_own_matchup_roll5,float64,95.1,False
home_fumble_recovery_own_produced_ewma,float64,95.2,False
home_fumble_recovery_own_produced_roll5,float64,95.2,False
home_fumble_recovery_tds_allowed_ewma,float64,99.6,False
home_fumble_recovery_tds_allowed_roll5,float64,99.6,False
home_fumble_recovery_tds_matchup_ewma,float64,95.1,False
home_fumble_recovery_tds_matchup_roll5,float64,95.1,False
home_fumble_recovery_tds_produced_ewma,float64,95.2,False
home_fumble_recovery_tds_produced_roll5,float64,95.2,False
home_fumble_recovery_yards_opp_allowed_ewma,float64,99.6,False
home_fumble_recovery_yards_opp_allowed_roll5,float64,99.6,False
home_fumble_recovery_yards_opp_matchup_ewma,float64,95.1,False
home_fumble_recovery_yards_opp_matchup_roll5,float64,95.1,False
home_fumble_recovery_yards_opp_produced_ewma,float64,95.2,False
home_fumble_recovery_yards_opp_produced_roll5,float64,95.2,False
home_fumble_recovery_yards_own_allowed_ewma,float64,99.6,False
home_fumble_recovery_yards_own_allowed_roll5,float64,99.6,False
home_fumble_recovery_yards_own_matchup_ewma,float64,95.1,False
home_fumble_recovery_yards_own_matchup_roll5,float64,95.1,False
home_fumble_recovery_yards_own_produced_ewma,float64,95.2,False
home_fumble_recovery_yards_own_produced_roll5,float64,95.2,False
home_fumbles_forced_by_opp_allowed_ewma,float64,99.6,False
home_fumbles_forced_by_opp_allowed_roll5,float64,99.6,False
home_fumbles_forced_by_opp_matchup_ewma,float64,95.1,False
home_fumbles_forced_by_opp_matchup_roll5,float64,95.1,False
home_fumbles_forced_by_opp_produced_ewma,float64,95.2,False
home_fumbles_forced_by_opp_produced_roll5,float64,95.2,False
home_fumbles_lost_total_allowed_ewma,float64,99.6,False
home_fumbles_lost_total_allowed_roll5,float64,99.6,False
home_fumbles_lost_total_matchup_ewma,float64,95.1,False
home_fumbles_lost_total_matchup_roll5,float64,95.1,False
home_fumbles_lost_total_produced_ewma,float64,95.2,False
home_fumbles_lost_total_produced_roll5,float64,95.2,False
home_fumbles_not_forced_allowed_ewma,float64,99.6,False
home_fumbles_not_forced_allowed_roll5,float64,99.6,False
home_fumbles_not_forced_matchup_ewma,float64,95.1,False
home_fumbles_not_forced_matchup_roll5,float64,95.1,False
home_fumbles_not_forced_produced_ewma,float64,95.2,False
home_fumbles_not_forced_produced_roll5,float64,95.2,False
home_fumbles_out_of_bounds_allowed_ewma,float64,99.6,False
home_fumbles_out_of_bounds_allowed_roll5,float64,99.6,False
home_fumbles_out_of_bounds_matchup_ewma,float64,95.1,False
home_fumbles_out_of_bounds_matchup_roll5,float64,95.1,False
home_fumbles_out_of_bounds_produced_ewma,float64,95.2,False
home_fumbles_out_of_bounds_produced_roll5,float64,95.2,False
home_fumbles_total_allowed_ewma,float64,99.6,False
home_fumbles_total_allowed_roll5,float64,99.6,False
home_fumbles_total_matchup_ewma,float64,95.1,False
home_fumbles_total_matchup_roll5,float64,95.1,False
home_fumbles_total_produced_ewma,float64,95.2,False
home_fumbles_total_produced_roll5,float64,95.2,False
home_gwfg_att_allowed_ewma,float64,99.6,False
home_gwfg_att_allowed_roll5,float64,99.6,False
home_gwfg_att_matchup_ewma,float64,95.1,False
home_gwfg_att_matchup_roll5,float64,95.1,False
home_gwfg_att_produced_ewma,float64,95.2,False
home_gwfg_att_produced_roll5,float64,95.2,False
home_gwfg_blocked_allowed_ewma,float64,99.6,False
home_gwfg_blocked_allowed_roll5,float64,99.6,False
home_gwfg_blocked_matchup_ewma,float64,95.1,False
home_gwfg_blocked_matchup_roll5,float64,95.1,False
home_gwfg_blocked_produced_ewma,float64,95.2,False
home_gwfg_blocked_produced_roll5,float64,95.2,False
home_gwfg_distance_allowed_ewma,float64,99.6,False
home_gwfg_distance_allowed_roll5,float64,99.6,False
home_gwfg_distance_matchup_ewma,float64,95.1,False
home_gwfg_distance_matchup_roll5,float64,95.1,False
home_gwfg_distance_produced_ewma,float64,95.2,False
home_gwfg_distance_produced_roll5,float64,95.2,False
home_gwfg_made_allowed_ewma,float64,99.6,False
home_gwfg_made_allowed_roll5,float64,99.6,False
home_gwfg_made_matchup_ewma,float64,95.1,False
home_gwfg_made_matchup_roll5,float64,95.1,False
home_gwfg_made_produced_ewma,float64,95.2,False
home_gwfg_made_produced_roll5,float64,95.2,False
home_gwfg_missed_allowed_ewma,float64,99.6,False
home_gwfg_missed_allowed_roll5,float64,99.6,False
home_gwfg_missed_matchup_ewma,float64,95.1,False
home_gwfg_missed_matchup_roll5,float64,95.1,False
home_gwfg_missed_produced_ewma,float64,95.2,False
home_gwfg_missed_produced_roll5,float64,95.2,False
home_kickoff_return_yards_allowed_ewma,float64,99.6,False
home_kickoff_return_yards_allowed_roll5,float64,99.6,False
home_kickoff_return_yards_matchup_ewma,float64,95.1,False
home_kickoff_return_yards_matchup_roll5,float64,95.1,False
home_kickoff_return_yards_produced_ewma,float64,95.2,False
home_kickoff_return_yards_produced_roll5,float64,95.2,False
home_kickoff_returns_allowed_ewma,float64,99.6,False
home_kickoff_returns_allowed_roll5,float64,99.6,False
home_kickoff_returns_matchup_ewma,float64,95.1,False
home_kickoff_returns_matchup_roll5,float64,95.1,False
home_kickoff_returns_produced_ewma,float64,95.2,False
home_kickoff_returns_produced_roll5,float64,95.2,False
home_misc_yards_allowed_ewma,float64,99.6,False
home_misc_yards_allowed_roll5,float64,99.6,False
home_misc_yards_matchup_ewma,float64,95.1,False
home_misc_yards_matchup_roll5,float64,95.1,False
home_misc_yards_produced_ewma,float64,95.2,False
home_misc_yards_produced_roll5,float64,95.2,False
home_moneyline,float64,100.0,False
home_passing_10_allowed_ewma,float64,99.6,False
home_passing_10_allowed_roll5,float64,99.6,False
home_passing_10_matchup_ewma,float64,95.1,False
home_passing_10_matchup_roll5,float64,95.1,False
home_passing_10_produced_ewma,float64,95.2,False
home_passing_10_produced_roll5,float64,95.2,False
home_passing_16_allowed_ewma,float64,99.6,False
home_passing_16_allowed_roll5,float64,99.6,False
home_passing_16_matchup_ewma,float64,95.1,False
home_passing_16_matchup_roll5,float64,95.1,False
home_passing_16_produced_ewma,float64,95.2,False
home_passing_16_produced_roll5,float64,95.2,False
home_passing_20_allowed_ewma,float64,99.6,False
home_passing_20_allowed_roll5,float64,99.6,False
home_passing_20_matchup_ewma,float64,95.1,False
home_passing_20_matchup_roll5,float64,95.1,False
home_passing_20_produced_ewma,float64,95.2,False
home_passing_20_produced_roll5,float64,95.2,False
home_passing_2pt_conversions_allowed_ewma,float64,99.6,False
home_passing_2pt_conversions_allowed_roll5,float64,99.6,False
home_passing_2pt_conversions_matchup_ewma,float64,95.1,False
home_passing_2pt_conversions_matchup_roll5,float64,95.1,False
home_passing_2pt_conversions_produced_ewma,float64,95.2,False
home_passing_2pt_conversions_produced_roll5,float64,95.2,False
home_passing_40_allowed_ewma,float64,99.6,False
home_passing_40_allowed_roll5,float64,99.6,False
home_passing_40_matchup_ewma,float64,95.1,False
home_passing_40_matchup_roll5,float64,95.1,False
home_passing_40_produced_ewma,float64,95.2,False
home_passing_40_produced_roll5,float64,95.2,False
home_passing_air_yards_allowed_ewma,float64,99.6,False
home_passing_air_yards_allowed_roll5,float64,99.6,False
home_passing_air_yards_matchup_ewma,float64,95.1,False
home_passing_air_yards_matchup_roll5,float64,95.1,False
home_passing_air_yards_per_attempt_allowed_ewma,float64,99.6,False
home_passing_air_yards_per_attempt_allowed_roll5,float64,99.6,False
home_passing_air_yards_per_attempt_matchup_ewma,float64,95.1,False
home_passing_air_yards_per_attempt_matchup_roll5,float64,95.1,False
home_passing_air_yards_per_attempt_produced_ewma,float64,95.2,False
home_passing_air_yards_per_attempt_produced_roll5,float64,95.2,False
home_passing_air_yards_produced_ewma,float64,95.2,False
home_passing_air_yards_produced_roll5,float64,95.2,False
home_passing_cpoe_allowed_ewma,float64,99.6,False
home_passing_cpoe_allowed_roll5,float64,99.6,False
home_passing_cpoe_matchup_ewma,float64,95.1,False
home_passing_cpoe_matchup_roll5,float64,95.1,False
home_passing_cpoe_produced_ewma,float64,95.2,False
home_passing_cpoe_produced_roll5,float64,95.2,False
home_passing_epa_allowed_ewma,float64,99.6,False
home_passing_epa_allowed_roll5,float64,99.6,False
home_passing_epa_matchup_ewma,float64,95.1,False
home_passing_epa_matchup_roll5,float64,95.1,False
home_passing_epa_per_play_allowed_ewma,float64,99.6,False
home_passing_epa_per_play_allowed_roll5,float64,99.6,False
home_passing_epa_per_play_matchup_ewma,float64,95.1,False
home_passing_epa_per_play_matchup_roll5,float64,95.1,False
home_passing_epa_per_play_produced_ewma,float64,95.2,False
home_passing_epa_per_play_produced_roll5,float64,95.2,False
home_passing_epa_produced_ewma,float64,95.2,False
home_passing_epa_produced_roll5,float64,95.2,False
home_passing_first_down_rate_allowed_ewma,float64,99.6,False
home_passing_first_down_rate_allowed_roll5,float64,99.6,False
home_passing_first_down_rate_matchup_ewma,float64,95.1,False
home_passing_first_down_rate_matchup_roll5,float64,95.1,False
home_passing_first_down_rate_produced_ewma,float64,95.2,False
home_passing_first_down_rate_produced_roll5,float64,95.2,False
home_passing_first_downs_allowed_ewma,float64,99.6,False
home_passing_first_downs_allowed_roll5,float64,99.6,False
home_passing_first_downs_matchup_ewma,float64,95.1,False
home_passing_first_downs_matchup_roll5,float64,95.1,False
home_passing_first_downs_produced_ewma,float64,95.2,False
home_passing_first_downs_produced_roll5,float64,95.2,False
home_passing_interception_rate_allowed_ewma,float64,99.6,False
home_passing_interception_rate_allowed_roll5,float64,99.6,False
home_passing_interception_rate_matchup_ewma,float64,95.1,False
home_passing_interception_rate_matchup_roll5,float64,95.1,False
home_passing_interception_rate_produced_ewma,float64,95.2,False
home_passing_interception_rate_produced_roll5,float64,95.2,False
home_passing_interceptions_allowed_ewma,float64,99.6,False
home_passing_interceptions_allowed_roll5,float64,99.6,False
home_passing_interceptions_matchup_ewma,float64,95.1,False
home_passing_interceptions_matchup_roll5,float64,95.1,False
home_passing_interceptions_produced_ewma,float64,95.2,False
home_passing_interceptions_produced_roll5,float64,95.2,False
home_passing_td_rate_allowed_ewma,float64,99.6,False
home_passing_td_rate_allowed_roll5,float64,99.6,False
home_passing_td_rate_matchup_ewma,float64,95.1,False
home_passing_td_rate_matchup_roll5,float64,95.1,False
home_passing_td_rate_produced_ewma,float64,95.2,False
home_passing_td_rate_produced_roll5,float64,95.2,False
home_passing_tds_allowed_ewma,float64,99.6,False
home_passing_tds_allowed_roll5,float64,99.6,False
home_passing_tds_matchup_ewma,float64,95.1,False
home_passing_tds_matchup_roll5,float64,95.1,False
home_passing_tds_produced_ewma,float64,95.2,False
home_passing_tds_produced_roll5,float64,95.2,False
home_passing_yac_per_completion_allowed_ewma,float64,99.6,False
home_passing_yac_per_completion_allowed_roll5,float64,99.6,False
home_passing_yac_per_completion_matchup_ewma,float64,95.1,False
home_passing_yac_per_completion_matchup_roll5,float64,95.1,False
home_passing_yac_per_completion_produced_ewma,float64,95.2,False
home_passing_yac_per_completion_produced_roll5,float64,95.2,False
home_passing_yards_after_catch_allowed_ewma,float64,99.6,False
home_passing_yards_after_catch_allowed_roll5,float64,99.6,False
home_passing_yards_after_catch_matchup_ewma,float64,95.1,False
home_passing_yards_after_catch_matchup_roll5,float64,95.1,False
home_passing_yards_after_catch_produced_ewma,float64,95.2,False
home_passing_yards_after_catch_produced_roll5,float64,95.2,False
home_passing_yards_allowed_ewma,float64,99.6,False
home_passing_yards_allowed_roll5,float64,99.6,False
home_passing_yards_matchup_ewma,float64,95.1,False
home_passing_yards_matchup_roll5,float64,95.1,False
home_passing_yards_produced_ewma,float64,95.2,False
home_passing_yards_produced_roll5,float64,95.2,False
home_pat_att_allowed_ewma,float64,99.6,False
home_pat_att_allowed_roll5,float64,99.6,False
home_pat_att_matchup_ewma,float64,95.1,False
home_pat_att_matchup_roll5,float64,95.1,False
home_pat_att_produced_ewma,float64,95.2,False
home_pat_att_produced_roll5,float64,95.2,False
home_pat_blocked_allowed_ewma,float64,99.6,False
home_pat_blocked_allowed_roll5,float64,99.6,False
home_pat_blocked_matchup_ewma,float64,95.1,False
home_pat_blocked_matchup_roll5,float64,95.1,False
home_pat_blocked_produced_ewma,float64,95.2,False
home_pat_blocked_produced_roll5,float64,95.2,False
home_pat_made_allowed_ewma,float64,99.6,False
home_pat_made_allowed_roll5,float64,99.6,False
home_pat_made_matchup_ewma,float64,95.1,False
home_pat_made_matchup_roll5,float64,95.1,False
home_pat_made_produced_ewma,float64,95.2,False
home_pat_made_produced_roll5,float64,95.2,False
home_pat_missed_allowed_ewma,float64,99.6,False
home_pat_missed_allowed_roll5,float64,99.6,False
home_pat_missed_matchup_ewma,float64,95.1,False
home_pat_missed_matchup_roll5,float64,95.1,False
home_pat_missed_produced_ewma,float64,95.2,False
home_pat_missed_produced_roll5,float64,95.2,False
home_pat_pct_allowed_ewma,float64,99.5,False
home_pat_pct_allowed_roll5,float64,99.5,False
home_pat_pct_matchup_ewma,float64,94.9,False
home_pat_pct_matchup_roll5,float64,94.9,False
home_pat_pct_produced_ewma,float64,95.1,False
home_pat_pct_produced_roll5,float64,95.1,False
home_penalties_allowed_ewma,float64,99.6,False
home_penalties_allowed_roll5,float64,99.6,False
home_penalties_matchup_ewma,float64,95.1,False
home_penalties_matchup_roll5,float64,95.1,False
home_penalties_produced_ewma,float64,95.2,False
home_penalties_produced_roll5,float64,95.2,False
home_penalty_yards_allowed_ewma,float64,99.6,False
home_penalty_yards_allowed_roll5,float64,99.6,False
home_penalty_yards_matchup_ewma,float64,95.1,False
home_penalty_yards_matchup_roll5,float64,95.1,False
home_penalty_yards_produced_ewma,float64,95.2,False
home_penalty_yards_produced_roll5,float64,95.2,False
home_pfr_def_def_adot_allowed_ewma,float64,50.5,False
home_pfr_def_def_adot_allowed_roll5,float64,50.5,False
home_pfr_def_def_adot_matchup_ewma,float64,50.2,False
home_pfr_def_def_adot_matchup_roll5,float64,50.2,False
home_pfr_def_def_adot_produced_ewma,float64,50.2,False
home_pfr_def_def_adot_produced_roll5,float64,50.2,False
home_pfr_def_def_air_yards_completed_allowed_ewma,float64,50.5,False
home_pfr_def_def_air_yards_completed_allowed_roll5,float64,50.5,False
home_pfr_def_def_air_yards_completed_matchup_ewma,float64,50.2,False
home_pfr_def_def_air_yards_completed_matchup_roll5,float64,50.2,False
home_pfr_def_def_air_yards_completed_produced_ewma,float64,50.2,False
home_pfr_def_def_air_yards_completed_produced_roll5,float64,50.2,False
home_pfr_def_def_completion_pct_allowed_ewma,float64,50.5,False
home_pfr_def_def_completion_pct_allowed_roll5,float64,50.5,False
home_pfr_def_def_completion_pct_matchup_ewma,float64,50.2,False
home_pfr_def_def_completion_pct_matchup_roll5,float64,50.2,False
home_pfr_def_def_completion_pct_produced_ewma,float64,50.2,False
home_pfr_def_def_completion_pct_produced_roll5,float64,50.2,False
home_pfr_def_def_completions_allowed_allowed_ewma,float64,50.5,False
home_pfr_def_def_completions_allowed_allowed_roll5,float64,50.5,False
home_pfr_def_def_completions_allowed_matchup_ewma,float64,50.2,False
home_pfr_def_def_completions_allowed_matchup_roll5,float64,50.2,False
home_pfr_def_def_completions_allowed_produced_ewma,float64,50.2,False
home_pfr_def_def_completions_allowed_produced_roll5,float64,50.2,False
home_pfr_def_def_ints_allowed_ewma,float64,50.5,False
home_pfr_def_def_ints_allowed_roll5,float64,50.5,False
home_pfr_def_def_ints_matchup_ewma,float64,50.2,False
home_pfr_def_def_ints_matchup_roll5,float64,50.2,False
home_pfr_def_def_ints_produced_ewma,float64,50.2,False
home_pfr_def_def_ints_produced_roll5,float64,50.2,False
home_pfr_def_def_missed_tackle_pct_allowed_ewma,float64,50.5,False
home_pfr_def_def_missed_tackle_pct_allowed_roll5,float64,50.5,False
home_pfr_def_def_missed_tackle_pct_matchup_ewma,float64,50.2,False
home_pfr_def_def_missed_tackle_pct_matchup_roll5,float64,50.2,False
home_pfr_def_def_missed_tackle_pct_produced_ewma,float64,50.2,False
home_pfr_def_def_missed_tackle_pct_produced_roll5,float64,50.2,False
home_pfr_def_def_missed_tackles_allowed_ewma,float64,50.5,False
home_pfr_def_def_missed_tackles_allowed_roll5,float64,50.5,False
home_pfr_def_def_missed_tackles_matchup_ewma,float64,50.2,False
home_pfr_def_def_missed_tackles_matchup_roll5,float64,50.2,False
home_pfr_def_def_missed_tackles_produced_ewma,float64,50.2,False
home_pfr_def_def_missed_tackles_produced_roll5,float64,50.2,False
home_pfr_def_def_passer_rating_allowed_allowed_ewma,float64,50.5,False
home_pfr_def_def_passer_rating_allowed_allowed_roll5,float64,50.5,False
home_pfr_def_def_passer_rating_allowed_matchup_ewma,float64,50.2,False
home_pfr_def_def_passer_rating_allowed_matchup_roll5,float64,50.2,False
home_pfr_def_def_passer_rating_allowed_produced_ewma,float64,50.2,False
home_pfr_def_def_passer_rating_allowed_produced_roll5,float64,50.2,False
home_pfr_def_def_pressures_allowed_ewma,float64,50.5,False
home_pfr_def_def_pressures_allowed_roll5,float64,50.5,False
home_pfr_def_def_pressures_matchup_ewma,float64,50.2,False
home_pfr_def_def_pressures_matchup_roll5,float64,50.2,False
home_pfr_def_def_pressures_produced_ewma,float64,50.2,False
home_pfr_def_def_pressures_produced_roll5,float64,50.2,False
home_pfr_def_def_receiving_td_allowed_allowed_ewma,float64,50.5,False
home_pfr_def_def_receiving_td_allowed_allowed_roll5,float64,50.5,False
home_pfr_def_def_receiving_td_allowed_matchup_ewma,float64,50.2,False
home_pfr_def_def_receiving_td_allowed_matchup_roll5,float64,50.2,False
home_pfr_def_def_receiving_td_allowed_produced_ewma,float64,50.2,False
home_pfr_def_def_receiving_td_allowed_produced_roll5,float64,50.2,False
home_pfr_def_def_sacks_allowed_ewma,float64,50.5,False
home_pfr_def_def_sacks_allowed_roll5,float64,50.5,False
home_pfr_def_def_sacks_matchup_ewma,float64,50.2,False
home_pfr_def_def_sacks_matchup_roll5,float64,50.2,False
home_pfr_def_def_sacks_produced_ewma,float64,50.2,False
home_pfr_def_def_sacks_produced_roll5,float64,50.2,False
home_pfr_def_def_tackles_combined_allowed_ewma,float64,50.5,False
home_pfr_def_def_tackles_combined_allowed_roll5,float64,50.5,False
home_pfr_def_def_tackles_combined_matchup_ewma,float64,50.2,False
home_pfr_def_def_tackles_combined_matchup_roll5,float64,50.2,False
home_pfr_def_def_tackles_combined_produced_ewma,float64,50.2,False
home_pfr_def_def_tackles_combined_produced_roll5,float64,50.2,False
home_pfr_def_def_targets_allowed_ewma,float64,50.5,False
home_pfr_def_def_targets_allowed_roll5,float64,50.5,False
home_pfr_def_def_targets_matchup_ewma,float64,50.2,False
home_pfr_def_def_targets_matchup_roll5,float64,50.2,False
home_pfr_def_def_targets_produced_ewma,float64,50.2,False
home_pfr_def_def_targets_produced_roll5,float64,50.2,False
home_pfr_def_def_times_blitzed_allowed_ewma,float64,50.5,False
home_pfr_def_def_times_blitzed_allowed_roll5,float64,50.5,False
home_pfr_def_def_times_blitzed_matchup_ewma,float64,50.2,False
home_pfr_def_def_times_blitzed_matchup_roll5,float64,50.2,False
home_pfr_def_def_times_blitzed_produced_ewma,float64,50.2,False
home_pfr_def_def_times_blitzed_produced_roll5,float64,50.2,False
home_pfr_def_def_times_hitqb_allowed_ewma,float64,50.5,False
home_pfr_def_def_times_hitqb_allowed_roll5,float64,50.5,False
home_pfr_def_def_times_hitqb_matchup_ewma,float64,50.2,False
home_pfr_def_def_times_hitqb_matchup_roll5,float64,50.2,False
home_pfr_def_def_times_hitqb_produced_ewma,float64,50.2,False
home_pfr_def_def_times_hitqb_produced_roll5,float64,50.2,False
home_pfr_def_def_times_hurried_allowed_ewma,float64,50.5,False
home_pfr_def_def_times_hurried_allowed_roll5,float64,50.5,False
home_pfr_def_def_times_hurried_matchup_ewma,float64,50.2,False
home_pfr_def_def_times_hurried_matchup_roll5,float64,50.2,False
home_pfr_def_def_times_hurried_produced_ewma,float64,50.2,False
home_pfr_def_def_times_hurried_produced_roll5,float64,50.2,False
home_pfr_def_def_yards_after_catch_allowed_ewma,float64,50.5,False
home_pfr_def_def_yards_after_catch_allowed_roll5,float64,50.5,False
home_pfr_def_def_yards_after_catch_matchup_ewma,float64,50.2,False
home_pfr_def_def_yards_after_catch_matchup_roll5,float64,50.2,False
home_pfr_def_def_yards_after_catch_produced_ewma,float64,50.2,False
home_pfr_def_def_yards_after_catch_produced_roll5,float64,50.2,False
home_pfr_def_def_yards_allowed_allowed_ewma,float64,50.5,False
home_pfr_def_def_yards_allowed_allowed_roll5,float64,50.5,False
home_pfr_def_def_yards_allowed_matchup_ewma,float64,50.2,False
home_pfr_def_def_yards_allowed_matchup_roll5,float64,50.2,False
home_pfr_def_def_yards_allowed_per_cmp_allowed_ewma,float64,50.5,False
home_pfr_def_def_yards_allowed_per_cmp_allowed_roll5,float64,50.5,False
home_pfr_def_def_yards_allowed_per_cmp_matchup_ewma,float64,50.2,False
home_pfr_def_def_yards_allowed_per_cmp_matchup_roll5,float64,50.2,False
home_pfr_def_def_yards_allowed_per_cmp_produced_ewma,float64,50.2,False
home_pfr_def_def_yards_allowed_per_cmp_produced_roll5,float64,50.2,False
home_pfr_def_def_yards_allowed_per_tgt_allowed_ewma,float64,50.5,False
home_pfr_def_def_yards_allowed_per_tgt_allowed_roll5,float64,50.5,False
home_pfr_def_def_yards_allowed_per_tgt_matchup_ewma,float64,50.2,False
home_pfr_def_def_yards_allowed_per_tgt_matchup_roll5,float64,50.2,False
home_pfr_def_def_yards_allowed_per_tgt_produced_ewma,float64,50.2,False
home_pfr_def_def_yards_allowed_per_tgt_produced_roll5,float64,50.2,False
home_pfr_def_def_yards_allowed_produced_ewma,float64,50.2,False
home_pfr_def_def_yards_allowed_produced_roll5,float64,50.2,False
home_pfr_pass_def_times_blitzed_allowed_ewma,float64,0.0,True
home_pfr_pass_def_times_blitzed_allowed_roll5,float64,0.0,True
home_pfr_pass_def_times_blitzed_matchup_ewma,float64,0.0,True
home_pfr_pass_def_times_blitzed_matchup_roll5,float64,0.0,True
home_pfr_pass_def_times_blitzed_produced_ewma,float64,0.0,True
home_pfr_pass_def_times_blitzed_produced_roll5,float64,0.0,True
home_pfr_pass_def_times_hitqb_allowed_ewma,float64,0.0,True
home_pfr_pass_def_times_hitqb_allowed_roll5,float64,0.0,True
home_pfr_pass_def_times_hitqb_matchup_ewma,float64,0.0,True
home_pfr_pass_def_times_hitqb_matchup_roll5,float64,0.0,True
home_pfr_pass_def_times_hitqb_produced_ewma,float64,0.0,True
home_pfr_pass_def_times_hitqb_produced_roll5,float64,0.0,True
home_pfr_pass_def_times_hurried_allowed_ewma,float64,0.0,True
home_pfr_pass_def_times_hurried_allowed_roll5,float64,0.0,True
home_pfr_pass_def_times_hurried_matchup_ewma,float64,0.0,True
home_pfr_pass_def_times_hurried_matchup_roll5,float64,0.0,True
home_pfr_pass_def_times_hurried_produced_ewma,float64,0.0,True
home_pfr_pass_def_times_hurried_produced_roll5,float64,0.0,True
home_pfr_pass_passing_bad_throw_pct_allowed_ewma,float64,50.5,False
home_pfr_pass_passing_bad_throw_pct_allowed_roll5,float64,50.5,False
home_pfr_pass_passing_bad_throw_pct_matchup_ewma,float64,50.2,False
home_pfr_pass_passing_bad_throw_pct_matchup_roll5,float64,50.2,False
home_pfr_pass_passing_bad_throw_pct_produced_ewma,float64,50.2,False
home_pfr_pass_passing_bad_throw_pct_produced_roll5,float64,50.2,False
home_pfr_pass_passing_bad_throws_allowed_ewma,float64,50.5,False
home_pfr_pass_passing_bad_throws_allowed_roll5,float64,50.5,False
home_pfr_pass_passing_bad_throws_matchup_ewma,float64,50.2,False
home_pfr_pass_passing_bad_throws_matchup_roll5,float64,50.2,False
home_pfr_pass_passing_bad_throws_produced_ewma,float64,50.2,False
home_pfr_pass_passing_bad_throws_produced_roll5,float64,50.2,False
home_pfr_pass_passing_drop_pct_allowed_ewma,float64,50.5,False
home_pfr_pass_passing_drop_pct_allowed_roll5,float64,50.5,False
home_pfr_pass_passing_drop_pct_matchup_ewma,float64,50.2,False
home_pfr_pass_passing_drop_pct_matchup_roll5,float64,50.2,False
home_pfr_pass_passing_drop_pct_produced_ewma,float64,50.2,False
home_pfr_pass_passing_drop_pct_produced_roll5,float64,50.2,False
home_pfr_pass_passing_drops_allowed_ewma,float64,50.5,False
home_pfr_pass_passing_drops_allowed_roll5,float64,50.5,False
home_pfr_pass_passing_drops_matchup_ewma,float64,50.2,False
home_pfr_pass_passing_drops_matchup_roll5,float64,50.2,False
home_pfr_pass_passing_drops_produced_ewma,float64,50.2,False
home_pfr_pass_passing_drops_produced_roll5,float64,50.2,False
home_pfr_pass_receiving_drop_allowed_ewma,float64,0.0,True
home_pfr_pass_receiving_drop_allowed_roll5,float64,0.0,True
home_pfr_pass_receiving_drop_matchup_ewma,float64,0.0,True
home_pfr_pass_receiving_drop_matchup_roll5,float64,0.0,True
home_pfr_pass_receiving_drop_pct_allowed_ewma,float64,0.0,True
home_pfr_pass_receiving_drop_pct_allowed_roll5,float64,0.0,True
home_pfr_pass_receiving_drop_pct_matchup_ewma,float64,0.0,True
home_pfr_pass_receiving_drop_pct_matchup_roll5,float64,0.0,True
home_pfr_pass_receiving_drop_pct_produced_ewma,float64,0.0,True
home_pfr_pass_receiving_drop_pct_produced_roll5,float64,0.0,True
home_pfr_pass_receiving_drop_produced_ewma,float64,0.0,True
home_pfr_pass_receiving_drop_produced_roll5,float64,0.0,True
home_pfr_pass_times_blitzed_allowed_ewma,float64,50.5,False
home_pfr_pass_times_blitzed_allowed_roll5,float64,50.5,False
home_pfr_pass_times_blitzed_matchup_ewma,float64,50.2,False
home_pfr_pass_times_blitzed_matchup_roll5,float64,50.2,False
home_pfr_pass_times_blitzed_produced_ewma,float64,50.2,False
home_pfr_pass_times_blitzed_produced_roll5,float64,50.2,False
home_pfr_pass_times_hit_allowed_ewma,float64,50.5,False
home_pfr_pass_times_hit_allowed_roll5,float64,50.5,False
home_pfr_pass_times_hit_matchup_ewma,float64,50.2,False
home_pfr_pass_times_hit_matchup_roll5,float64,50.2,False
home_pfr_pass_times_hit_produced_ewma,float64,50.2,False
home_pfr_pass_times_hit_produced_roll5,float64,50.2,False
home_pfr_pass_times_hurried_allowed_ewma,float64,50.5,False
home_pfr_pass_times_hurried_allowed_roll5,float64,50.5,False
home_pfr_pass_times_hurried_matchup_ewma,float64,50.2,False
home_pfr_pass_times_hurried_matchup_roll5,float64,50.2,False
home_pfr_pass_times_hurried_produced_ewma,float64,50.2,False
home_pfr_pass_times_hurried_produced_roll5,float64,50.2,False
home_pfr_pass_times_pressured_allowed_ewma,float64,50.5,False
home_pfr_pass_times_pressured_allowed_roll5,float64,50.5,False
home_pfr_pass_times_pressured_matchup_ewma,float64,50.2,False
home_pfr_pass_times_pressured_matchup_roll5,float64,50.2,False
home_pfr_pass_times_pressured_pct_allowed_ewma,float64,50.5,False
home_pfr_pass_times_pressured_pct_allowed_roll5,float64,50.5,False
home_pfr_pass_times_pressured_pct_matchup_ewma,float64,50.2,False
home_pfr_pass_times_pressured_pct_matchup_roll5,float64,50.2,False
home_pfr_pass_times_pressured_pct_produced_ewma,float64,50.2,False
home_pfr_pass_times_pressured_pct_produced_roll5,float64,50.2,False
home_pfr_pass_times_pressured_produced_ewma,float64,50.2,False
home_pfr_pass_times_pressured_produced_roll5,float64,50.2,False
home_pfr_pass_times_sacked_allowed_ewma,float64,50.5,False
home_pfr_pass_times_sacked_allowed_roll5,float64,50.5,False
home_pfr_pass_times_sacked_matchup_ewma,float64,50.2,False
home_pfr_pass_times_sacked_matchup_roll5,float64,50.2,False
home_pfr_pass_times_sacked_produced_ewma,float64,50.2,False
home_pfr_pass_times_sacked_produced_roll5,float64,50.2,False
home_pfr_rec_passing_drop_pct_allowed_ewma,float64,0.0,True
home_pfr_rec_passing_drop_pct_allowed_roll5,float64,0.0,True
home_pfr_rec_passing_drop_pct_matchup_ewma,float64,0.0,True
home_pfr_rec_passing_drop_pct_matchup_roll5,float64,0.0,True
home_pfr_rec_passing_drop_pct_produced_ewma,float64,0.0,True
home_pfr_rec_passing_drop_pct_produced_roll5,float64,0.0,True
home_pfr_rec_passing_drops_allowed_ewma,float64,0.0,True
home_pfr_rec_passing_drops_allowed_roll5,float64,0.0,True
home_pfr_rec_passing_drops_matchup_ewma,float64,0.0,True
home_pfr_rec_passing_drops_matchup_roll5,float64,0.0,True
home_pfr_rec_passing_drops_produced_ewma,float64,0.0,True
home_pfr_rec_passing_drops_produced_roll5,float64,0.0,True
home_pfr_rec_receiving_broken_tackles_allowed_ewma,float64,50.5,False
home_pfr_rec_receiving_broken_tackles_allowed_roll5,float64,50.5,False
home_pfr_rec_receiving_broken_tackles_matchup_ewma,float64,50.2,False
home_pfr_rec_receiving_broken_tackles_matchup_roll5,float64,50.2,False
home_pfr_rec_receiving_broken_tackles_produced_ewma,float64,50.2,False
home_pfr_rec_receiving_broken_tackles_produced_roll5,float64,50.2,False
home_pfr_rec_receiving_drop_allowed_ewma,float64,50.5,False
home_pfr_rec_receiving_drop_allowed_roll5,float64,50.5,False
home_pfr_rec_receiving_drop_matchup_ewma,float64,50.2,False
home_pfr_rec_receiving_drop_matchup_roll5,float64,50.2,False
home_pfr_rec_receiving_drop_pct_allowed_ewma,float64,50.5,False
home_pfr_rec_receiving_drop_pct_allowed_roll5,float64,50.5,False
home_pfr_rec_receiving_drop_pct_matchup_ewma,float64,50.2,False
home_pfr_rec_receiving_drop_pct_matchup_roll5,float64,50.2,False
home_pfr_rec_receiving_drop_pct_produced_ewma,float64,50.2,False
home_pfr_rec_receiving_drop_pct_produced_roll5,float64,50.2,False
home_pfr_rec_receiving_drop_produced_ewma,float64,50.2,False
home_pfr_rec_receiving_drop_produced_roll5,float64,50.2,False
home_pfr_rec_receiving_int_allowed_ewma,float64,50.5,False
home_pfr_rec_receiving_int_allowed_roll5,float64,50.5,False
home_pfr_rec_receiving_int_matchup_ewma,float64,50.2,False
home_pfr_rec_receiving_int_matchup_roll5,float64,50.2,False
home_pfr_rec_receiving_int_produced_ewma,float64,50.2,False
home_pfr_rec_receiving_int_produced_roll5,float64,50.2,False
home_pfr_rec_receiving_rat_allowed_ewma,float64,50.5,False
home_pfr_rec_receiving_rat_allowed_roll5,float64,50.5,False
home_pfr_rec_receiving_rat_matchup_ewma,float64,50.2,False
home_pfr_rec_receiving_rat_matchup_roll5,float64,50.2,False
home_pfr_rec_receiving_rat_produced_ewma,float64,50.2,False
home_pfr_rec_receiving_rat_produced_roll5,float64,50.2,False
home_pfr_rec_rushing_broken_tackles_allowed_ewma,float64,0.0,True
home_pfr_rec_rushing_broken_tackles_allowed_roll5,float64,0.0,True
home_pfr_rec_rushing_broken_tackles_matchup_ewma,float64,0.0,True
home_pfr_rec_rushing_broken_tackles_matchup_roll5,float64,0.0,True
home_pfr_rec_rushing_broken_tackles_produced_ewma,float64,0.0,True
home_pfr_rec_rushing_broken_tackles_produced_roll5,float64,0.0,True
home_pfr_rush_carries_allowed_ewma,float64,50.5,False
home_pfr_rush_carries_allowed_roll5,float64,50.5,False
home_pfr_rush_carries_matchup_ewma,float64,50.2,False
home_pfr_rush_carries_matchup_roll5,float64,50.2,False
home_pfr_rush_carries_produced_ewma,float64,50.2,False
home_pfr_rush_carries_produced_roll5,float64,50.2,False
home_pfr_rush_receiving_broken_tackles_allowed_ewma,float64,0.0,True
home_pfr_rush_receiving_broken_tackles_allowed_roll5,float64,0.0,True
home_pfr_rush_receiving_broken_tackles_matchup_ewma,float64,0.0,True
home_pfr_rush_receiving_broken_tackles_matchup_roll5,float64,0.0,True
home_pfr_rush_receiving_broken_tackles_produced_ewma,float64,0.0,True
home_pfr_rush_receiving_broken_tackles_produced_roll5,float64,0.0,True
home_pfr_rush_rushing_broken_tackles_allowed_ewma,float64,50.5,False
home_pfr_rush_rushing_broken_tackles_allowed_roll5,float64,50.5,False
home_pfr_rush_rushing_broken_tackles_matchup_ewma,float64,50.2,False
home_pfr_rush_rushing_broken_tackles_matchup_roll5,float64,50.2,False
home_pfr_rush_rushing_broken_tackles_produced_ewma,float64,50.2,False
home_pfr_rush_rushing_broken_tackles_produced_roll5,float64,50.2,False
home_pfr_rush_rushing_yards_after_contact_allowed_ewma,float64,50.5,False
home_pfr_rush_rushing_yards_after_contact_allowed_roll5,float64,50.5,False
home_pfr_rush_rushing_yards_after_contact_avg_allowed_ewma,float64,50.5,False
home_pfr_rush_rushing_yards_after_contact_avg_allowed_roll5,float64,50.5,False
home_pfr_rush_rushing_yards_after_contact_avg_matchup_ewma,float64,50.2,False
home_pfr_rush_rushing_yards_after_contact_avg_matchup_roll5,float64,50.2,False
home_pfr_rush_rushing_yards_after_contact_avg_produced_ewma,float64,50.2,False
home_pfr_rush_rushing_yards_after_contact_avg_produced_roll5,float64,50.2,False
home_pfr_rush_rushing_yards_after_contact_matchup_ewma,float64,50.2,False
home_pfr_rush_rushing_yards_after_contact_matchup_roll5,float64,50.2,False
home_pfr_rush_rushing_yards_after_contact_produced_ewma,float64,50.2,False
home_pfr_rush_rushing_yards_after_contact_produced_roll5,float64,50.2,False
home_pfr_rush_rushing_yards_before_contact_allowed_ewma,float64,50.5,False
home_pfr_rush_rushing_yards_before_contact_allowed_roll5,float64,50.5,False
home_pfr_rush_rushing_yards_before_contact_avg_allowed_ewma,float64,50.5,False
home_pfr_rush_rushing_yards_before_contact_avg_allowed_roll5,float64,50.5,False
home_pfr_rush_rushing_yards_before_contact_avg_matchup_ewma,float64,50.2,False
home_pfr_rush_rushing_yards_before_contact_avg_matchup_roll5,float64,50.2,False
home_pfr_rush_rushing_yards_before_contact_avg_produced_ewma,float64,50.2,False
home_pfr_rush_rushing_yards_before_contact_avg_produced_roll5,float64,50.2,False
home_pfr_rush_rushing_yards_before_contact_matchup_ewma,float64,50.2,False
home_pfr_rush_rushing_yards_before_contact_matchup_roll5,float64,50.2,False
home_pfr_rush_rushing_yards_before_contact_produced_ewma,float64,50.2,False
home_pfr_rush_rushing_yards_before_contact_produced_roll5,float64,50.2,False
home_pt_att_allowed_ewma,float64,99.6,False
home_pt_att_allowed_roll5,float64,99.6,False
home_pt_att_matchup_ewma,float64,95.1,False
home_pt_att_matchup_roll5,float64,95.1,False
home_pt_att_produced_ewma,float64,95.2,False
home_pt_att_produced_roll5,float64,95.2,False
home_pt_blocked_allowed_ewma,float64,99.6,False
home_pt_blocked_allowed_roll5,float64,99.6,False
home_pt_blocked_matchup_ewma,float64,95.1,False
home_pt_blocked_matchup_roll5,float64,95.1,False
home_pt_blocked_produced_ewma,float64,95.2,False
home_pt_blocked_produced_roll5,float64,95.2,False
home_pt_downed_allowed_ewma,float64,99.6,False
home_pt_downed_allowed_roll5,float64,99.6,False
home_pt_downed_matchup_ewma,float64,95.1,False
home_pt_downed_matchup_roll5,float64,95.1,False
home_pt_downed_produced_ewma,float64,95.2,False
home_pt_downed_produced_roll5,float64,95.2,False
home_pt_fair_caught_allowed_ewma,float64,99.6,False
home_pt_fair_caught_allowed_roll5,float64,99.6,False
home_pt_fair_caught_matchup_ewma,float64,95.1,False
home_pt_fair_caught_matchup_roll5,float64,95.1,False
home_pt_fair_caught_produced_ewma,float64,95.2,False
home_pt_fair_caught_produced_roll5,float64,95.2,False
home_pt_inside_20_allowed_ewma,float64,99.6,False
home_pt_inside_20_allowed_roll5,float64,99.6,False
home_pt_inside_20_matchup_ewma,float64,95.1,False
home_pt_inside_20_matchup_roll5,float64,95.1,False
home_pt_inside_20_produced_ewma,float64,95.2,False
home_pt_inside_20_produced_roll5,float64,95.2,False
home_pt_long_allowed_ewma,float64,99.6,False
home_pt_long_allowed_roll5,float64,99.6,False
home_pt_long_matchup_ewma,float64,95.1,False
home_pt_long_matchup_roll5,float64,95.1,False
home_pt_long_produced_ewma,float64,95.2,False
home_pt_long_produced_roll5,float64,95.2,False
home_pt_net_yards_allowed_ewma,float64,99.6,False
home_pt_net_yards_allowed_roll5,float64,99.6,False
home_pt_net_yards_matchup_ewma,float64,95.1,False
home_pt_net_yards_matchup_roll5,float64,95.1,False
home_pt_net_yards_produced_ewma,float64,95.2,False
home_pt_net_yards_produced_roll5,float64,95.2,False
home_pt_out_of_bounds_allowed_ewma,float64,99.6,False
home_pt_out_of_bounds_allowed_roll5,float64,99.6,False
home_pt_out_of_bounds_matchup_ewma,float64,95.1,False
home_pt_out_of_bounds_matchup_roll5,float64,95.1,False
home_pt_out_of_bounds_produced_ewma,float64,95.2,False
home_pt_out_of_bounds_produced_roll5,float64,95.2,False
home_pt_return_tds_allowed_ewma,float64,99.6,False
home_pt_return_tds_allowed_roll5,float64,99.6,False
home_pt_return_tds_matchup_ewma,float64,95.1,False
home_pt_return_tds_matchup_roll5,float64,95.1,False
home_pt_return_tds_produced_ewma,float64,95.2,False
home_pt_return_tds_produced_roll5,float64,95.2,False
home_pt_return_yards_allowed_ewma,float64,99.6,False
home_pt_return_yards_allowed_roll5,float64,99.6,False
home_pt_return_yards_matchup_ewma,float64,95.1,False
home_pt_return_yards_matchup_roll5,float64,95.1,False
home_pt_return_yards_produced_ewma,float64,95.2,False
home_pt_return_yards_produced_roll5,float64,95.2,False
home_pt_returned_allowed_ewma,float64,99.6,False
home_pt_returned_allowed_roll5,float64,99.6,False
home_pt_returned_matchup_ewma,float64,95.1,False
home_pt_returned_matchup_roll5,float64,95.1,False
home_pt_returned_produced_ewma,float64,95.2,False
home_pt_returned_produced_roll5,float64,95.2,False
home_pt_touchback_allowed_ewma,float64,99.6,False
home_pt_touchback_allowed_roll5,float64,99.6,False
home_pt_touchback_matchup_ewma,float64,95.1,False
home_pt_touchback_matchup_roll5,float64,95.1,False
home_pt_touchback_produced_ewma,float64,95.2,False
home_pt_touchback_produced_roll5,float64,95.2,False
home_pt_yards_allowed_ewma,float64,99.6,False
home_pt_yards_allowed_roll5,float64,99.6,False
home_pt_yards_matchup_ewma,float64,95.1,False
home_pt_yards_matchup_roll5,float64,95.1,False
home_pt_yards_produced_ewma,float64,95.2,False
home_pt_yards_produced_roll5,float64,95.2,False
home_punt_return_yards_allowed_ewma,float64,99.6,False
home_punt_return_yards_allowed_roll5,float64,99.6,False
home_punt_return_yards_matchup_ewma,float64,95.1,False
home_punt_return_yards_matchup_roll5,float64,95.1,False
home_punt_return_yards_produced_ewma,float64,95.2,False
home_punt_return_yards_produced_roll5,float64,95.2,False
home_punt_returns_allowed_ewma,float64,99.6,False
home_punt_returns_allowed_roll5,float64,99.6,False
home_punt_returns_matchup_ewma,float64,95.1,False
home_punt_returns_matchup_roll5,float64,95.1,False
home_punt_returns_produced_ewma,float64,95.2,False
home_punt_returns_produced_roll5,float64,95.2,False
home_receiving_10_allowed_ewma,float64,99.6,False
home_receiving_10_allowed_roll5,float64,99.6,False
home_receiving_10_matchup_ewma,float64,95.1,False
home_receiving_10_matchup_roll5,float64,95.1,False
home_receiving_10_produced_ewma,float64,95.2,False
home_receiving_10_produced_roll5,float64,95.2,False
home_receiving_16_allowed_ewma,float64,99.6,False
home_receiving_16_allowed_roll5,float64,99.6,False
home_receiving_16_matchup_ewma,float64,95.1,False
home_receiving_16_matchup_roll5,float64,95.1,False
home_receiving_16_produced_ewma,float64,95.2,False
home_receiving_16_produced_roll5,float64,95.2,False
home_receiving_20_allowed_ewma,float64,99.6,False
home_receiving_20_allowed_roll5,float64,99.6,False
home_receiving_20_matchup_ewma,float64,95.1,False
home_receiving_20_matchup_roll5,float64,95.1,False
home_receiving_20_produced_ewma,float64,95.2,False
home_receiving_20_produced_roll5,float64,95.2,False
home_receiving_2pt_conversions_allowed_ewma,float64,99.6,False
home_receiving_2pt_conversions_allowed_roll5,float64,99.6,False
home_receiving_2pt_conversions_matchup_ewma,float64,95.1,False
home_receiving_2pt_conversions_matchup_roll5,float64,95.1,False
home_receiving_2pt_conversions_produced_ewma,float64,95.2,False
home_receiving_2pt_conversions_produced_roll5,float64,95.2,False
home_receiving_40_allowed_ewma,float64,99.6,False
home_receiving_40_allowed_roll5,float64,99.6,False
home_receiving_40_matchup_ewma,float64,95.1,False
home_receiving_40_matchup_roll5,float64,95.1,False
home_receiving_40_produced_ewma,float64,95.2,False
home_receiving_40_produced_roll5,float64,95.2,False
home_receiving_air_yards_allowed_ewma,float64,99.6,False
home_receiving_air_yards_allowed_roll5,float64,99.6,False
home_receiving_air_yards_matchup_ewma,float64,95.1,False
home_receiving_air_yards_matchup_roll5,float64,95.1,False
home_receiving_air_yards_per_target_allowed_ewma,float64,99.6,False
home_receiving_air_yards_per_target_allowed_roll5,float64,99.6,False
home_receiving_air_yards_per_target_matchup_ewma,float64,95.1,False
home_receiving_air_yards_per_target_matchup_roll5,float64,95.1,False
home_receiving_air_yards_per_target_produced_ewma,float64,95.2,False
home_receiving_air_yards_per_target_produced_roll5,float64,95.2,False
home_receiving_air_yards_produced_ewma,float64,95.2,False
home_receiving_air_yards_produced_roll5,float64,95.2,False
home_receiving_epa_allowed_ewma,float64,99.6,False
home_receiving_epa_allowed_roll5,float64,99.6,False
home_receiving_epa_matchup_ewma,float64,95.1,False
home_receiving_epa_matchup_roll5,float64,95.1,False
home_receiving_epa_per_target_allowed_ewma,float64,99.6,False
home_receiving_epa_per_target_allowed_roll5,float64,99.6,False
home_receiving_epa_per_target_matchup_ewma,float64,95.1,False
home_receiving_epa_per_target_matchup_roll5,float64,95.1,False
home_receiving_epa_per_target_produced_ewma,float64,95.2,False
home_receiving_epa_per_target_produced_roll5,float64,95.2,False
home_receiving_epa_produced_ewma,float64,95.2,False
home_receiving_epa_produced_roll5,float64,95.2,False
home_receiving_first_down_rate_allowed_ewma,float64,99.6,False
home_receiving_first_down_rate_allowed_roll5,float64,99.6,False
home_receiving_first_down_rate_matchup_ewma,float64,95.1,False
home_receiving_first_down_rate_matchup_roll5,float64,95.1,False
home_receiving_first_down_rate_produced_ewma,float64,95.2,False
home_receiving_first_down_rate_produced_roll5,float64,95.2,False
home_receiving_first_downs_allowed_ewma,float64,99.6,False
home_receiving_first_downs_allowed_roll5,float64,99.6,False
home_receiving_first_downs_matchup_ewma,float64,95.1,False
home_receiving_first_downs_matchup_roll5,float64,95.1,False
home_receiving_first_downs_produced_ewma,float64,95.2,False
home_receiving_first_downs_produced_roll5,float64,95.2,False
home_receiving_fumbles_allowed_ewma,float64,99.6,False
home_receiving_fumbles_allowed_roll5,float64,99.6,False
home_receiving_fumbles_lost_allowed_ewma,float64,99.6,False
home_receiving_fumbles_lost_allowed_roll5,float64,99.6,False
home_receiving_fumbles_lost_matchup_ewma,float64,95.1,False
home_receiving_fumbles_lost_matchup_roll5,float64,95.1,False
home_receiving_fumbles_lost_produced_ewma,float64,95.2,False
home_receiving_fumbles_lost_produced_roll5,float64,95.2,False
home_receiving_fumbles_matchup_ewma,float64,95.1,False
home_receiving_fumbles_matchup_roll5,float64,95.1,False
home_receiving_fumbles_produced_ewma,float64,95.2,False
home_receiving_fumbles_produced_roll5,float64,95.2,False
home_receiving_tds_allowed_ewma,float64,99.6,False
home_receiving_tds_allowed_roll5,float64,99.6,False
home_receiving_tds_matchup_ewma,float64,95.1,False
home_receiving_tds_matchup_roll5,float64,95.1,False
home_receiving_tds_produced_ewma,float64,95.2,False
home_receiving_tds_produced_roll5,float64,95.2,False
home_receiving_yac_per_reception_allowed_ewma,float64,99.6,False
home_receiving_yac_per_reception_allowed_roll5,float64,99.6,False
home_receiving_yac_per_reception_matchup_ewma,float64,95.1,False
home_receiving_yac_per_reception_matchup_roll5,float64,95.1,False
home_receiving_yac_per_reception_produced_ewma,float64,95.2,False
home_receiving_yac_per_reception_produced_roll5,float64,95.2,False
home_receiving_yards_after_catch_allowed_ewma,float64,99.6,False
home_receiving_yards_after_catch_allowed_roll5,float64,99.6,False
home_receiving_yards_after_catch_matchup_ewma,float64,95.1,False
home_receiving_yards_after_catch_matchup_roll5,float64,95.1,False
home_receiving_yards_after_catch_produced_ewma,float64,95.2,False
home_receiving_yards_after_catch_produced_roll5,float64,95.2,False
home_receiving_yards_allowed_ewma,float64,99.6,False
home_receiving_yards_allowed_roll5,float64,99.6,False
home_receiving_yards_matchup_ewma,float64,95.1,False
home_receiving_yards_matchup_roll5,float64,95.1,False
home_receiving_yards_produced_ewma,float64,95.2,False
home_receiving_yards_produced_roll5,float64,95.2,False
home_receptions_allowed_ewma,float64,99.6,False
home_receptions_allowed_roll5,float64,99.6,False
home_receptions_matchup_ewma,float64,95.1,False
home_receptions_matchup_roll5,float64,95.1,False
home_receptions_produced_ewma,float64,95.2,False
home_receptions_produced_roll5,float64,95.2,False
home_rest,int32,100.0,False
home_rushing_10_allowed_ewma,float64,99.6,False
home_rushing_10_allowed_roll5,float64,99.6,False
home_rushing_10_matchup_ewma,float64,95.1,False
home_rushing_10_matchup_roll5,float64,95.1,False
home_rushing_10_produced_ewma,float64,95.2,False
home_rushing_10_produced_roll5,float64,95.2,False
home_rushing_12_allowed_ewma,float64,99.6,False
home_rushing_12_allowed_roll5,float64,99.6,False
home_rushing_12_matchup_ewma,float64,95.1,False
home_rushing_12_matchup_roll5,float64,95.1,False
home_rushing_12_produced_ewma,float64,95.2,False
home_rushing_12_produced_roll5,float64,95.2,False
home_rushing_20_allowed_ewma,float64,99.6,False
home_rushing_20_allowed_roll5,float64,99.6,False
home_rushing_20_matchup_ewma,float64,95.1,False
home_rushing_20_matchup_roll5,float64,95.1,False
home_rushing_20_produced_ewma,float64,95.2,False
home_rushing_20_produced_roll5,float64,95.2,False
home_rushing_2pt_conversions_allowed_ewma,float64,99.6,False
home_rushing_2pt_conversions_allowed_roll5,float64,99.6,False
home_rushing_2pt_conversions_matchup_ewma,float64,95.1,False
home_rushing_2pt_conversions_matchup_roll5,float64,95.1,False
home_rushing_2pt_conversions_produced_ewma,float64,95.2,False
home_rushing_2pt_conversions_produced_roll5,float64,95.2,False
home_rushing_40_allowed_ewma,float64,99.6,False
home_rushing_40_allowed_roll5,float64,99.6,False
home_rushing_40_matchup_ewma,float64,95.1,False
home_rushing_40_matchup_roll5,float64,95.1,False
home_rushing_40_produced_ewma,float64,95.2,False
home_rushing_40_produced_roll5,float64,95.2,False
home_rushing_epa_allowed_ewma,float64,99.6,False
home_rushing_epa_allowed_roll5,float64,99.6,False
home_rushing_epa_matchup_ewma,float64,95.1,False
home_rushing_epa_matchup_roll5,float64,95.1,False
home_rushing_epa_per_play_allowed_ewma,float64,99.6,False
home_rushing_epa_per_play_allowed_roll5,float64,99.6,False
home_rushing_epa_per_play_matchup_ewma,float64,95.1,False
home_rushing_epa_per_play_matchup_roll5,float64,95.1,False
home_rushing_epa_per_play_produced_ewma,float64,95.2,False
home_rushing_epa_per_play_produced_roll5,float64,95.2,False
home_rushing_epa_produced_ewma,float64,95.2,False
home_rushing_epa_produced_roll5,float64,95.2,False
home_rushing_first_down_rate_allowed_ewma,float64,99.6,False
home_rushing_first_down_rate_allowed_roll5,float64,99.6,False
home_rushing_first_down_rate_matchup_ewma,float64,95.1,False
home_rushing_first_down_rate_matchup_roll5,float64,95.1,False
home_rushing_first_down_rate_produced_ewma,float64,95.2,False
home_rushing_first_down_rate_produced_roll5,float64,95.2,False
home_rushing_first_downs_allowed_ewma,float64,99.6,False
home_rushing_first_downs_allowed_roll5,float64,99.6,False
home_rushing_first_downs_matchup_ewma,float64,95.1,False
home_rushing_first_downs_matchup_roll5,float64,95.1,False
home_rushing_first_downs_produced_ewma,float64,95.2,False
home_rushing_first_downs_produced_roll5,float64,95.2,False
home_rushing_fumble_rate_allowed_ewma,float64,99.6,False
home_rushing_fumble_rate_allowed_roll5,float64,99.6,False
home_rushing_fumble_rate_matchup_ewma,float64,95.1,False
home_rushing_fumble_rate_matchup_roll5,float64,95.1,False
home_rushing_fumble_rate_produced_ewma,float64,95.2,False
home_rushing_fumble_rate_produced_roll5,float64,95.2,False
home_rushing_fumbles_allowed_ewma,float64,99.6,False
home_rushing_fumbles_allowed_roll5,float64,99.6,False
home_rushing_fumbles_lost_allowed_ewma,float64,99.6,False
home_rushing_fumbles_lost_allowed_roll5,float64,99.6,False
home_rushing_fumbles_lost_matchup_ewma,float64,95.1,False
home_rushing_fumbles_lost_matchup_roll5,float64,95.1,False
home_rushing_fumbles_lost_produced_ewma,float64,95.2,False
home_rushing_fumbles_lost_produced_roll5,float64,95.2,False
home_rushing_fumbles_matchup_ewma,float64,95.1,False
home_rushing_fumbles_matchup_roll5,float64,95.1,False
home_rushing_fumbles_produced_ewma,float64,95.2,False
home_rushing_fumbles_produced_roll5,float64,95.2,False
home_rushing_td_rate_allowed_ewma,float64,99.6,False
home_rushing_td_rate_allowed_roll5,float64,99.6,False
home_rushing_td_rate_matchup_ewma,float64,95.1,False
home_rushing_td_rate_matchup_roll5,float64,95.1,False
home_rushing_td_rate_produced_ewma,float64,95.2,False
home_rushing_td_rate_produced_roll5,float64,95.2,False
home_rushing_tds_allowed_ewma,float64,99.6,False
home_rushing_tds_allowed_roll5,float64,99.6,False
home_rushing_tds_matchup_ewma,float64,95.1,False
home_rushing_tds_matchup_roll5,float64,95.1,False
home_rushing_tds_produced_ewma,float64,95.2,False
home_rushing_tds_produced_roll5,float64,95.2,False
home_rushing_yards_allowed_ewma,float64,99.6,False
home_rushing_yards_allowed_roll5,float64,99.6,False
home_rushing_yards_matchup_ewma,float64,95.1,False
home_rushing_yards_matchup_roll5,float64,95.1,False
home_rushing_yards_produced_ewma,float64,95.2,False
home_rushing_yards_produced_roll5,float64,95.2,False
home_sack_fumbles_allowed_ewma,float64,99.6,False
home_sack_fumbles_allowed_roll5,float64,99.6,False
home_sack_fumbles_lost_allowed_ewma,float64,99.6,False
home_sack_fumbles_lost_allowed_roll5,float64,99.6,False
home_sack_fumbles_lost_matchup_ewma,float64,95.1,False
home_sack_fumbles_lost_matchup_roll5,float64,95.1,False
home_sack_fumbles_lost_produced_ewma,float64,95.2,False
home_sack_fumbles_lost_produced_roll5,float64,95.2,False
home_sack_fumbles_matchup_ewma,float64,95.1,False
home_sack_fumbles_matchup_roll5,float64,95.1,False
home_sack_fumbles_produced_ewma,float64,95.2,False
home_sack_fumbles_produced_roll5,float64,95.2,False
home_sack_rate_suffered_allowed_ewma,float64,99.6,False
home_sack_rate_suffered_allowed_roll5,float64,99.6,False
home_sack_rate_suffered_matchup_ewma,float64,95.1,False
home_sack_rate_suffered_matchup_roll5,float64,95.1,False
home_sack_rate_suffered_produced_ewma,float64,95.2,False
home_sack_rate_suffered_produced_roll5,float64,95.2,False
home_sack_yards_lost_allowed_ewma,float64,99.6,False
home_sack_yards_lost_allowed_roll5,float64,99.6,False
home_sack_yards_lost_matchup_ewma,float64,95.1,False
home_sack_yards_lost_matchup_roll5,float64,95.1,False
home_sack_yards_lost_produced_ewma,float64,95.2,False
home_sack_yards_lost_produced_roll5,float64,95.2,False
home_sacks_suffered_allowed_ewma,float64,99.6,False
home_sacks_suffered_allowed_roll5,float64,99.6,False
home_sacks_suffered_matchup_ewma,float64,95.1,False
home_sacks_suffered_matchup_roll5,float64,95.1,False
home_sacks_suffered_produced_ewma,float64,95.2,False
home_sacks_suffered_produced_roll5,float64,95.2,False
home_short_week,Int64,100.0,False
home_special_teams_tds_allowed_ewma,float64,99.6,False
home_special_teams_tds_allowed_roll5,float64,99.6,False
home_special_teams_tds_matchup_ewma,float64,95.1,False
home_special_teams_tds_matchup_roll5,float64,95.1,False
home_special_teams_tds_produced_ewma,float64,95.2,False
home_special_teams_tds_produced_roll5,float64,95.2,False
home_spread_odds,float64,100.0,False
home_targets_allowed_ewma,float64,99.6,False
home_targets_allowed_roll5,float64,99.6,False
home_targets_matchup_ewma,float64,95.1,False
home_targets_matchup_roll5,float64,95.1,False
home_targets_produced_ewma,float64,95.2,False
home_targets_produced_roll5,float64,95.2,False
home_timeouts_allowed_ewma,float64,99.6,False
home_timeouts_allowed_roll5,float64,99.6,False
home_timeouts_matchup_ewma,float64,95.1,False
home_timeouts_matchup_roll5,float64,95.1,False
home_timeouts_produced_ewma,float64,95.2,False
home_timeouts_produced_roll5,float64,95.2,False
home_total_offense_epa_per_play_allowed_ewma,float64,99.6,False
home_total_offense_epa_per_play_allowed_roll5,float64,99.6,False
home_total_offense_epa_per_play_matchup_ewma,float64,95.1,False
home_total_offense_epa_per_play_matchup_roll5,float64,95.1,False
home_total_offense_epa_per_play_produced_ewma,float64,95.2,False
home_total_offense_epa_per_play_produced_roll5,float64,95.2,False
home_yards_per_carry_allowed_ewma,float64,99.6,False
home_yards_per_carry_allowed_roll5,float64,99.6,False
home_yards_per_carry_matchup_ewma,float64,95.1,False
home_yards_per_carry_matchup_roll5,float64,95.1,False
home_yards_per_carry_produced_ewma,float64,95.2,False
home_yards_per_carry_produced_roll5,float64,95.2,False
home_yards_per_pass_attempt_allowed_ewma,float64,99.6,False
home_yards_per_pass_attempt_allowed_roll5,float64,99.6,False
home_yards_per_pass_attempt_matchup_ewma,float64,95.1,False
home_yards_per_pass_attempt_matchup_roll5,float64,95.1,False
home_yards_per_pass_attempt_produced_ewma,float64,95.2,False
home_yards_per_pass_attempt_produced_roll5,float64,95.2,False
is_dome,Int64,100.0,False
rest_diff,int32,100.0,False
roof,object,100.0,False
spread_line,float64,100.0,False
surface,object,100.0,False
temp,float64,67.7,False
total_line,float64,100.0,False
wind,float64,67.7,False
